mean_pdp,ground_truth_pdp
2.7447188766463406,2.6630387565418743
4.640607163248344,4.663038756541875
