mean_pdp,ground_truth_pdp
1.79079913803284,1.6947263466946307
3.6835219905300307,3.694726346694631
