mean_pdp,ground_truth_pdp
2.719372460988676,2.6630387565418743
4.670676041816594,4.663038756541875
