mean_pdp,ground_truth_pdp
1.8208432334184035,1.6947263466946307
3.7483360387952067,3.694726346694631
