mean_pdp,ground_truth_pdp
1.764706767142797,1.6947263466946307
3.693665677919006,3.694726346694631
