mean_pdp,ground_truth_pdp
2.7555328077385,2.6630387565418743
4.6830371498190875,4.663038756541875
