mean_pdp,ground_truth_pdp
2.7389500661669466,2.6630387565418743
4.655859987250544,4.663038756541875
