mean_pdp,ground_truth_pdp
1.7847918943306555,1.6947263466946307
3.701307378397295,3.694726346694631
