mean_pdp,ground_truth_pdp
2.7360785512808117,2.668338756541875
2.703945541404109,2.668338756541875
5.62127490957894,5.668338756541874
