mean_pdp,ground_truth_pdp
1.7801352142763531,1.7000263466946308
1.748513849185473,1.7000263466946308
4.663774633048986,4.70002634669463
