mean_pdp,ground_truth_pdp
1.8158356761684558,1.7000263466946308
1.7907254955409138,1.7000263466946308
4.71706107956725,4.70002634669463
