mean_pdp,ground_truth_pdp
2.7313813181447335,2.668338756541875
2.697562948332308,2.668338756541875
5.624451718348264,5.668338756541874
