mean_pdp,ground_truth_pdp
1.7759161965605799,1.7000263466946308
1.715186922269268,1.7000263466946308
4.661601434011663,4.70002634669463
