mean_pdp,ground_truth_pdp
2.7488191466234335,2.668338756541875
2.7138867891757217,2.668338756541875
5.665291697576694,5.668338756541874
