mean_pdp,ground_truth_pdp
2.7365818214751942,2.668338756541875
2.7032432706758507,2.668338756541875
5.631664671698414,5.668338756541874
