mean_pdp,ground_truth_pdp
1.7820724318918115,1.7000263466946308
1.7497484593686303,1.7000263466946308
4.6735605296627245,4.70002634669463
