mean_pdp,ground_truth_pdp
2.752085002812974,2.7113263466946314
2.736739467983676,2.7113263466946314
