mean_pdp,ground_truth_pdp
3.708904683145991,3.6796387565418742
3.692479201312842,3.6796387565418742
