mean_pdp,ground_truth_pdp
3.745565087910875,3.6796387565418742
3.705140536246958,3.6796387565418742
