mean_pdp,ground_truth_pdp
2.795998650195392,2.7113263466946314
2.7859608842234,2.7113263466946314
