mean_pdp,ground_truth_pdp
2.737645084118331,2.7113263466946314
2.7331850038865118,2.7113263466946314
