mean_pdp,ground_truth_pdp
3.7102080797584267,3.6796387565418742
3.6898885448453482,3.6796387565418742
