mean_pdp,ground_truth_pdp
2.7568570700293065,2.7113263466946314
2.742126066039887,2.7113263466946314
