mean_pdp,ground_truth_pdp
3.7143769759453313,3.6796387565418742
3.6960929494644246,3.6796387565418742
