mean_pdp,ground_truth_pdp
1.6215316311174037,1.6385627515242238
1.6138380758049293,1.6385627515242238
