mean_pdp,ground_truth_pdp
1.6299054861669013,1.6385627515242238
1.6288159292329625,1.6385627515242238
