mean_pdp,ground_truth_pdp
1.6139830025665798,1.6385627515242238
1.6049552914174852,1.6385627515242238
