mean_pdp,ground_truth_pdp
1.629181357243536,1.6385627515242238
1.6099425278960509,1.6385627515242238
