mean_pdp,ground_truth_pdp
1.634402803096815,1.6385627515242238
1.6221573882028353,1.6385627515242238
