mean_pdp,ground_truth_pdp
1.628767551633998,1.6385627515242238
1.6090822149754065,1.6385627515242238
