mean_pdp,ground_truth_pdp
1.6134259135315223,1.6385627515242238
1.6113015522215353,1.6385627515242238
