mean_pdp,ground_truth_pdp
1.6265250812408079,1.6385627515242238
1.6228369003655774,1.6385627515242238
