mean_pdp,ground_truth_pdp
1.628418102635579,1.6385627515242238
1.6141957631509445,1.6385627515242238
