mean_pdp,ground_truth_pdp
1.6274161536493459,1.6385627515242238
1.6230273517396867,1.6385627515242238
