mean_pdp,ground_truth_pdp
0.0380225651836746,-0.03853724847577608
1.9514470993052426,1.9614627515242238
2.8560972313740116,2.961462751524224
