mean_pdp,ground_truth_pdp
0.045936728301117946,-0.03853724847577608
1.964464777155952,1.9614627515242238
2.8696060855438112,2.961462751524224
