mean_pdp,ground_truth_pdp
-0.014011119898543279,-0.03853724847577608
1.9595533233166893,1.9614627515242238
2.903254626635776,2.961462751524224
