mean_pdp,ground_truth_pdp
-0.08437081253146668,-0.03853724847577608
1.9726533735658738,1.9614627515242238
2.973509164696246,2.961462751524224
