mean_pdp,ground_truth_pdp
-0.12120066507025165,-0.03853724847577608
1.9654008963126035,1.9614627515242238
2.9816615799813326,2.961462751524224
