mean_pdp,ground_truth_pdp
-0.11287711063237629,-0.03853724847577608
1.9757803242892717,1.9614627515242238
2.986452525405018,2.961462751524224
