mean_pdp,ground_truth_pdp
-0.080209035312529,-0.03853724847577608
1.977843087554208,1.9614627515242238
2.9759046374080884,2.961462751524224
