mean_pdp,ground_truth_pdp
0.004623318205473375,-0.03853724847577608
1.939584596739321,1.9614627515242238
2.8762722474123703,2.961462751524224
