mean_pdp,ground_truth_pdp
-0.0900436880862688,-0.03853724847577608
1.974088073122207,1.9614627515242238
2.980548729444594,2.961462751524224
