mean_pdp,ground_truth_pdp
-0.08987657034693068,-0.03853724847577608
1.9729532788643311,1.9614627515242238
2.970227012600244,2.961462751524224
