mean_pdp,ground_truth_pdp
0.664285056502111,0.6229627515242241
2.561402902770237,2.622962751524224
