mean_pdp,ground_truth_pdp
0.6526360049922482,0.6229627515242241
2.549504045201277,2.622962751524224
