mean_pdp,ground_truth_pdp
0.6058379175330525,0.6229627515242241
2.598320627573028,2.622962751524224
