mean_pdp,ground_truth_pdp
0.5846230213838313,0.6229627515242241
2.6311464075577926,2.622962751524224
