mean_pdp,ground_truth_pdp
0.6220956661883467,0.6229627515242241
2.565330499393675,2.622962751524224
