mean_pdp,ground_truth_pdp
0.5561827980592124,0.6229627515242241
2.6339210505051307,2.622962751524224
