mean_pdp,ground_truth_pdp
0.5855552224279172,0.6229627515242241
2.637191822719122,2.622962751524224
