mean_pdp,ground_truth_pdp
0.5580472001473843,0.6229627515242241
2.646011880827789,2.622962751524224
