mean_pdp,ground_truth_pdp
0.5747196024576352,0.6229627515242241
2.6338388144567646,2.622962751524224
