mean_pdp,ground_truth_pdp
0.5821934240828425,0.6229627515242241
2.6351958884781994,2.622962751524224
