mean_pdp,ground_truth_pdp
2.7899481870567664,2.6630387565418743
4.634245798229611,4.663038756541875
