mean_pdp,ground_truth_pdp
1.8231370294399079,1.6947263466946307
3.6671023855426004,3.694726346694631
