mean_pdp,ground_truth_pdp
2.7360573559605603,2.6630387565418743
4.674609636234551,4.663038756541875
