mean_pdp,ground_truth_pdp
1.777246300074313,1.6947263466946307
3.7046933243686526,3.694726346694631
