mean_pdp,ground_truth_pdp
1.8037268036712222,1.6947263466946307
3.7107230759478416,3.694726346694631
