mean_pdp,ground_truth_pdp
2.775916692765475,2.6630387565418743
4.677764844829285,4.663038756541875
