mean_pdp,ground_truth_pdp
1.7983310200963867,1.7000263466946308
1.7690191406621008,1.7000263466946308
4.648895306952303,4.70002634669463
