mean_pdp,ground_truth_pdp
2.7688504754406704,2.668338756541875
2.738470790801612,2.668338756541875
5.608457638987982,5.668338756541874
