mean_pdp,ground_truth_pdp
1.774039247620156,1.7000263466946308
1.755440133644558,1.7000263466946308
4.665055648375432,4.70002634669463
