mean_pdp,ground_truth_pdp
2.7440855506010444,2.668338756541875
2.7177477840942332,2.668338756541875
5.623261953488831,5.668338756541874
