mean_pdp,ground_truth_pdp
1.7955680075298146,1.7000263466946308
1.7660834373111347,1.7000263466946308
4.686299387342439,4.70002634669463
