mean_pdp,ground_truth_pdp
2.7714087750361256,2.668338756541875
2.7433344429227726,2.668338756541875
5.641686621193998,5.668338756541874
