mean_pdp,ground_truth_pdp
2.765031330826141,2.7113263466946314
2.7396263242855046,2.7113263466946314
