mean_pdp,ground_truth_pdp
3.7265421327844406,3.6796387565418742
3.711421539215608,3.6796387565418742
