mean_pdp,ground_truth_pdp
2.756643421657306,2.7113263466946314
2.7376318397184844,2.7113263466946314
