mean_pdp,ground_truth_pdp
3.724539642064103,3.6796387565418742
3.697576442269709,3.6796387565418742
