mean_pdp,ground_truth_pdp
3.7421552279138655,3.6796387565418742
3.725066617214461,3.6796387565418742
