mean_pdp,ground_truth_pdp
2.779644538562204,2.7113263466946314
2.749438582462016,2.7113263466946314
