mean_pdp,ground_truth_pdp
1.6589933082790937,1.6385627515242238
1.633959598789304,1.6385627515242238
