mean_pdp,ground_truth_pdp
1.660751364275235,1.6385627515242238
1.637687214713092,1.6385627515242238
