mean_pdp,ground_truth_pdp
1.6202679691703732,1.6385627515242238
1.5357587948912566,1.6385627515242238
