mean_pdp,ground_truth_pdp
1.6322121114851076,1.6385627515242238
1.5366840061820106,1.6385627515242238
