mean_pdp,ground_truth_pdp
1.6408759846277519,1.6385627515242238
1.5701211037458678,1.6385627515242238
