mean_pdp,ground_truth_pdp
1.597865419056143,1.6385627515242238
1.4794134914243253,1.6385627515242238
