mean_pdp,ground_truth_pdp
1.6770932305962314,1.6385627515242238
1.649153038643347,1.6385627515242238
