mean_pdp,ground_truth_pdp
1.6663914529318309,1.6385627515242238
1.6380622595256653,1.6385627515242238
