mean_pdp,ground_truth_pdp
1.6619114495715308,1.6385627515242238
1.6305921923833586,1.6385627515242238
