mean_pdp,ground_truth_pdp
0.06727125484942366,-0.03853724847577608
1.992993417621429,1.9614627515242238
2.8880630737579605,2.961462751524224
