mean_pdp,ground_truth_pdp
0.069750981784016,-0.03853724847577608
1.9955891591954897,1.9614627515242238
2.8919925726563678,2.961462751524224
