mean_pdp,ground_truth_pdp
0.0062406124481707015,-0.03853724847577608
1.91153834574346,1.9614627515242238
2.8282768263672255,2.961462751524224
