mean_pdp,ground_truth_pdp
0.04983871298595218,-0.03853724847577608
1.897548891920777,1.9614627515242238
2.781431160321838,2.961462751524224
