mean_pdp,ground_truth_pdp
0.07854461515119618,-0.03853724847577608
1.921976850790389,1.9614627515242238
2.810988767989678,2.961462751524224
