mean_pdp,ground_truth_pdp
-0.04160255782723598,-0.03853724847577608
1.8708250809607734,1.9614627515242238
2.7790141469208254,2.961462751524224
