mean_pdp,ground_truth_pdp
0.05439049954376209,-0.03853724847577608
1.9824582783426028,1.9614627515242238
2.904123009743404,2.961462751524224
