mean_pdp,ground_truth_pdp
0.06063091305794557,-0.03853724847577608
1.9877687041838228,1.9614627515242238
2.910548576627718,2.961462751524224
