mean_pdp,ground_truth_pdp
0.6814621958182298,0.6229627515242241
2.5863532440470585,2.622962751524224
