mean_pdp,ground_truth_pdp
0.6838171371774939,0.6229627515242241
2.58956025511344,2.622962751524224
