mean_pdp,ground_truth_pdp
0.6224536381485559,0.6229627515242241
2.5163274429405447,2.622962751524224
