mean_pdp,ground_truth_pdp
0.5680782230792437,0.6229627515242241
2.477031189190472,2.622962751524224
