mean_pdp,ground_truth_pdp
0.6338245671037778,0.6229627515242241
2.4938266061749403,2.622962751524224
