mean_pdp,ground_truth_pdp
0.6664498161453651,0.6229627515242241
2.517404358424984,2.622962751524224
