mean_pdp,ground_truth_pdp
0.6755890402566724,0.6229627515242241
2.5883272984440313,2.622962751524224
