mean_pdp,ground_truth_pdp
0.6826814857004958,0.6229627515242241
2.593452896759258,2.622962751524224
