mean_pdp,ground_truth_pdp
0.6715337448599268,0.839479861385661
-2.59191846947388,-2.89280414686354
