mean_pdp,ground_truth_pdp
0.6637614244723693,0.839479861385661
-2.5865612143393046,-2.89280414686354
