mean_pdp,ground_truth_pdp
0.7942021663351191,0.839479861385661
-2.619845430877458,-2.89280414686354
