mean_pdp,ground_truth_pdp
0.8053126892038271,0.839479861385661
-2.7603741352221456,-2.89280414686354
