mean_pdp,ground_truth_pdp
0.8112031648827756,0.839479861385661
-2.7745529280921746,-2.89280414686354
