mean_pdp,ground_truth_pdp
0.7991334357616754,0.839479861385661
-2.7758981297478136,-2.89280414686354
