mean_pdp,ground_truth_pdp
0.7694851525665123,0.839479861385661
-2.6819414089801286,-2.89280414686354
