mean_pdp,ground_truth_pdp
0.8062597621290543,0.839479861385661
-2.7869721237127085,-2.89280414686354
