mean_pdp,ground_truth_pdp
0.796985456280612,0.839479861385661
-2.6749673537513408,-2.89280414686354
