mean_pdp,ground_truth_pdp
0.7626283676861361,0.839479861385661
-2.695371917229505,-2.89280414686354
