mean_pdp,ground_truth_pdp
-1.236206013277576,-1.3961275945104252
0.4575668741750206,0.6038724054895747
-2.1065170655127683,-2.3961275945104252
