mean_pdp,ground_truth_pdp
-1.2360344948558817,-1.3961275945104252
0.4691418625682059,0.6038724054895747
-2.1142719446791025,-2.3961275945104252
