mean_pdp,ground_truth_pdp
-1.1562167257969234,-1.3961275945104252
0.6301987280822031,0.6038724054895747
-2.21393330133262,-2.3961275945104252
