mean_pdp,ground_truth_pdp
-1.2884203772012375,-1.3961275945104252
0.5623207832463752,0.6038724054895747
-2.2115918133223462,-2.3961275945104252
