mean_pdp,ground_truth_pdp
-1.2896020994780533,-1.3961275945104252
0.5644855941490855,0.6038724054895747
-2.244776821174481,-2.3961275945104252
