mean_pdp,ground_truth_pdp
-1.1866022110773993,-1.3961275945104252
0.5906003572188141,0.6038724054895747
-2.275747083963596,-2.3961275945104252
