mean_pdp,ground_truth_pdp
-1.283525002421958,-1.3961275945104252
0.5724052683217632,0.6038724054895747
-2.232414064648286,-2.3961275945104252
