mean_pdp,ground_truth_pdp
-1.2960167485213563,-1.3961275945104252
0.5524211905305281,0.6038724054895747
-2.22704525898009,-2.3961275945104252
