mean_pdp,ground_truth_pdp
-1.2228981993702461,-1.3961275945104252
0.5561099127703826,0.6038724054895747
-2.1510984303557295,-2.3961275945104252
