mean_pdp,ground_truth_pdp
-1.2471042605212168,-1.3961275945104252
0.5157305046564907,0.6038724054895747
-2.169576026433962,-2.3961275945104252
