mean_pdp,ground_truth_pdp
-0.9972261982183253,-1.067427594510425
-0.9658779920072684,-1.067427594510425
