mean_pdp,ground_truth_pdp
-0.9963153731806463,-1.067427594510425
-0.9647273897177191,-1.067427594510425
