mean_pdp,ground_truth_pdp
-1.0169094792350044,-1.067427594510425
-0.985853279774403,-1.067427594510425
