mean_pdp,ground_truth_pdp
-1.0098177125800065,-1.067427594510425
-0.9892720942430194,-1.067427594510425
