mean_pdp,ground_truth_pdp
-1.0212259785687565,-1.067427594510425
-1.0000999741832934,-1.067427594510425
