mean_pdp,ground_truth_pdp
-1.0260360920260045,-1.067427594510425
-0.9945155837266221,-1.067427594510425
