mean_pdp,ground_truth_pdp
-0.9694591962989488,-1.067427594510425
-0.9829472134825934,-1.067427594510425
