mean_pdp,ground_truth_pdp
-0.9238261323439488,-1.067427594510425
-0.9396356937214976,-1.067427594510425
