mean_pdp,ground_truth_pdp
-0.9988054698771974,-1.067427594510425
-0.9755930716927383,-1.067427594510425
