mean_pdp,ground_truth_pdp
-0.9720738153372158,-1.067427594510425
-0.9477628572961396,-1.067427594510425
