mean_pdp,ground_truth_pdp
1.6877763143548263,1.6385627515242238
1.6591590307778732,1.6385627515242238
