mean_pdp,ground_truth_pdp
1.68873991850778,1.6385627515242238
1.6636745527161398,1.6385627515242238
