mean_pdp,ground_truth_pdp
1.7337408897625617,1.6385627515242238
1.6950439074137746,1.6385627515242238
