mean_pdp,ground_truth_pdp
1.8471582018338784,1.6385627515242238
1.8516517770549759,1.6385627515242238
