mean_pdp,ground_truth_pdp
1.693390579127395,1.6385627515242238
1.6660645941277796,1.6385627515242238
