mean_pdp,ground_truth_pdp
1.6775830652131245,1.6385627515242238
1.647749456513329,1.6385627515242238
