mean_pdp,ground_truth_pdp
1.731196349817834,1.6385627515242238
1.7182672173415134,1.6385627515242238
