mean_pdp,ground_truth_pdp
1.7002665276273876,1.6385627515242238
1.6790710304415692,1.6385627515242238
