mean_pdp,ground_truth_pdp
1.704945254899456,1.6385627515242238
1.6703532137944312,1.6385627515242238
