mean_pdp,ground_truth_pdp
1.6995586996643222,1.6385627515242238
1.674396892586891,1.6385627515242238
