mean_pdp,ground_truth_pdp
0.1248069100940121,-0.03853724847577608
2.0078404329781723,1.9614627515242238
2.8944809367496522,2.961462751524224
