mean_pdp,ground_truth_pdp
0.12508885015004031,-0.03853724847577608
2.003924269904116,1.9614627515242238
2.906021678343976,2.961462751524224
