mean_pdp,ground_truth_pdp
0.14227250240967876,-0.03853724847577608
1.9808426246067916,1.9614627515242238
2.865873717950879,2.961462751524224
