mean_pdp,ground_truth_pdp
0.1523836523825893,-0.03853724847577608
2.050384653058763,1.9614627515242238
2.975773206736944,2.961462751524224
