mean_pdp,ground_truth_pdp
0.11245375787897498,-0.03853724847577608
2.009647968770798,1.9614627515242238
2.9197517429692255,2.961462751524224
