mean_pdp,ground_truth_pdp
0.2064480264991528,-0.03853724847577608
2.0293113433484566,1.9614627515242238
2.9075917299362932,2.961462751524224
