mean_pdp,ground_truth_pdp
0.16623043911184737,-0.03853724847577608
2.00528463517957,1.9614627515242238
2.899486596211509,2.961462751524224
