mean_pdp,ground_truth_pdp
0.3262377100099958,-0.03853724847577608
2.151521396212351,1.9614627515242238
3.0756561212394473,2.961462751524224
