mean_pdp,ground_truth_pdp
0.10529944335182854,-0.03853724847577608
2.0076618781566524,1.9614627515242238
2.9504593635582856,2.961462751524224
