mean_pdp,ground_truth_pdp
0.7307125626830897,0.6229627515242241
2.596853373872413,2.622962751524224
