mean_pdp,ground_truth_pdp
0.7287574567565849,0.6229627515242241
2.5934044074727596,2.622962751524224
