mean_pdp,ground_truth_pdp
0.7257260607005519,0.6229627515242241
2.6061921377313984,2.622962751524224
