mean_pdp,ground_truth_pdp
0.9245184525851371,0.6229627515242241
2.750234119519703,2.622962751524224
