mean_pdp,ground_truth_pdp
0.805750261640634,0.6229627515242241
2.5973187472798163,2.622962751524224
