mean_pdp,ground_truth_pdp
0.7284132696765628,0.6229627515242241
2.571323175299496,2.622962751524224
