mean_pdp,ground_truth_pdp
0.7521669078654634,0.6229627515242241
2.6019062497474734,2.622962751524224
