mean_pdp,ground_truth_pdp
0.7653154576820529,0.6229627515242241
2.657163928478027,2.622962751524224
