mean_pdp,ground_truth_pdp
0.723346949749285,0.6229627515242241
2.623145622428472,2.622962751524224
