mean_pdp,ground_truth_pdp
0.7271302644188875,0.6229627515242241
2.620743293787737,2.622962751524224
