mean_pdp,ground_truth_pdp
0.7828257125386242,0.839479861385661
-2.7623122118162797,-2.89280414686354
