mean_pdp,ground_truth_pdp
0.81137124841797,0.839479861385661
-2.790378294569249,-2.89280414686354
