mean_pdp,ground_truth_pdp
0.7968659770417275,0.839479861385661
-2.770563198198842,-2.89280414686354
