mean_pdp,ground_truth_pdp
0.8044457951530959,0.839479861385661
-2.7827041784735314,-2.89280414686354
