mean_pdp,ground_truth_pdp
0.7604153176867208,0.839479861385661
-2.6606016827842427,-2.89280414686354
