mean_pdp,ground_truth_pdp
0.818436403191691,0.839479861385661
-2.7398620682658708,-2.89280414686354
