mean_pdp,ground_truth_pdp
0.8160500122540899,0.839479861385661
-2.7985562555698573,-2.89280414686354
