mean_pdp,ground_truth_pdp
0.8179195935634174,0.839479861385661
-2.8023018872619994,-2.89280414686354
