mean_pdp,ground_truth_pdp
-1.2968746777713325,-1.3961275945104252
0.5376284747088119,0.6038724054895747
-2.2134044406067512,-2.3961275945104252
