mean_pdp,ground_truth_pdp
-1.3120533098508569,-1.3961275945104252
0.5129038842504854,0.6038724054895747
-2.21597228042259,-2.3961275945104252
