mean_pdp,ground_truth_pdp
-1.3091122802070028,-1.3961275945104252
0.5484735771224096,0.6038724054895747
-2.211999807896102,-2.3961275945104252
