mean_pdp,ground_truth_pdp
-1.301134415434323,-1.3961275945104252
0.5369061070554176,0.6038724054895747
-2.2009331203088154,-2.3961275945104252
