mean_pdp,ground_truth_pdp
-1.2936962330084263,-1.3961275945104252
0.5520735273689971,0.6038724054895747
-2.2238871102374613,-2.3961275945104252
