mean_pdp,ground_truth_pdp
-1.2070728787292653,-1.3961275945104252
0.5285400233183726,0.6038724054895747
-2.1712985292784963,-2.3961275945104252
