mean_pdp,ground_truth_pdp
-1.3000785248265703,-1.3961275945104252
0.5613275034225907,0.6038724054895747
-2.2327404603072907,-2.3961275945104252
