mean_pdp,ground_truth_pdp
-1.2389843378199843,-1.3961275945104252
0.574809903586341,0.6038724054895747
-2.215565279627643,-2.3961275945104252
