mean_pdp,ground_truth_pdp
-1.297555307035305,-1.3961275945104252
0.5562738885231397,0.6038724054895747
-2.239178036043897,-2.3961275945104252
