mean_pdp,ground_truth_pdp
-1.3203232551545916,-1.3961275945104252
0.5191870028356501,0.6038724054895747
-2.2430297957676557,-2.3961275945104252
