mean_pdp,ground_truth_pdp
-1.0477929380638333,-1.067427594510425
-1.0038939994927525,-1.067427594510425
