mean_pdp,ground_truth_pdp
-1.0291520013173192,-1.067427594510425
-0.9943553162908815,-1.067427594510425
