mean_pdp,ground_truth_pdp
-1.0273250704665726,-1.067427594510425
-0.9899911828534632,-1.067427594510425
