mean_pdp,ground_truth_pdp
-1.0228372016194665,-1.067427594510425
-0.9944444730918449,-1.067427594510425
