mean_pdp,ground_truth_pdp
-0.9600561238431019,-1.067427594510425
-0.9968129306622635,-1.067427594510425
