mean_pdp,ground_truth_pdp
-0.9759040885017892,-1.067427594510425
-0.9603252091167993,-1.067427594510425
