mean_pdp,ground_truth_pdp
-1.0241554775348352,-1.067427594510425
-0.9972887271625561,-1.067427594510425
