mean_pdp,ground_truth_pdp
-1.0188752104547947,-1.067427594510425
-1.003566403478211,-1.067427594510425
