mean_pdp,ground_truth_pdp
-1.028904402585732,-1.067427594510425
-1.0000131773156358,-1.067427594510425
