mean_pdp,ground_truth_pdp
-1.0568658077055033,-1.067427594510425
-1.0143212021184425,-1.067427594510425
