mean_pdp,ground_truth_pdp
1.6098335580658174,1.6385627515242238
1.6017177189324365,1.6385627515242238
