mean_pdp,ground_truth_pdp
1.6142715070089768,1.6385627515242238
1.6061907085132587,1.6385627515242238
