mean_pdp,ground_truth_pdp
1.612482117013883,1.6385627515242238
1.5947574477144624,1.6385627515242238
