mean_pdp,ground_truth_pdp
1.6172906672346408,1.6385627515242238
1.6047987466782687,1.6385627515242238
