mean_pdp,ground_truth_pdp
1.6291624214042757,1.6385627515242238
1.625341132589573,1.6385627515242238
