mean_pdp,ground_truth_pdp
1.653430823860843,1.6385627515242238
1.6518082344047875,1.6385627515242238
