mean_pdp,ground_truth_pdp
1.621148171036346,1.6385627515242238
1.6086056343165627,1.6385627515242238
