mean_pdp,ground_truth_pdp
1.6154096521748096,1.6385627515242238
1.6074820005030028,1.6385627515242238
