mean_pdp,ground_truth_pdp
1.6075692757085618,1.6385627515242238
1.5995797189102166,1.6385627515242238
