mean_pdp,ground_truth_pdp
0.05900032299275922,-0.03853724847577608
1.9144708749303114,1.9614627515242238
2.8580997506487447,2.961462751524224
