mean_pdp,ground_truth_pdp
0.054743949798932816,-0.03853724847577608
1.909693035742587,1.9614627515242238
2.8537251929592995,2.961462751524224
