mean_pdp,ground_truth_pdp
0.07550950739745817,-0.03853724847577608
1.9050660367815684,1.9614627515242238
2.8944554815959385,2.961462751524224
