mean_pdp,ground_truth_pdp
0.06333736522356552,-0.03853724847577608
1.894611416971508,1.9614627515242238
2.8809750576082536,2.961462751524224
