mean_pdp,ground_truth_pdp
0.17393958474007687,-0.03853724847577608
1.9018939643545492,1.9614627515242238
2.872301448122651,2.961462751524224
