mean_pdp,ground_truth_pdp
0.0971840488287625,-0.03853724847577608
1.8775833976042524,1.9614627515242238
2.8345417963541655,2.961462751524224
