mean_pdp,ground_truth_pdp
0.1374231582183989,-0.03853724847577608
1.870530104924368,1.9614627515242238
2.8318601761595947,2.961462751524224
