mean_pdp,ground_truth_pdp
0.1044873341330981,-0.03853724847577608
1.8838561694902887,1.9614627515242238
2.8426300507467763,2.961462751524224
