mean_pdp,ground_truth_pdp
0.04507225808058923,-0.03853724847577608
1.9097260613306972,1.9614627515242238
2.879551433220446,2.961462751524224
