mean_pdp,ground_truth_pdp
0.037552665438162575,-0.03853724847577608
1.9012852120990507,1.9614627515242238
2.8718230479690923,2.961462751524224
