mean_pdp,ground_truth_pdp
0.6206656832659988,0.6229627515242241
2.5725341657372818,2.622962751524224
