mean_pdp,ground_truth_pdp
0.6162212788504888,0.6229627515242241
2.5680368964800544,2.622962751524224
