mean_pdp,ground_truth_pdp
0.6872659970007003,0.6229627515242241
2.589244537308339,2.622962751524224
