mean_pdp,ground_truth_pdp
0.6357821273620081,0.6229627515242241
2.55849007398849,2.622962751524224
