mean_pdp,ground_truth_pdp
0.6286329854267881,0.6229627515242241
2.570313996879517,2.622962751524224
