mean_pdp,ground_truth_pdp
0.6344628188889537,0.6229627515242241
2.5454722982886193,2.622962751524224
