mean_pdp,ground_truth_pdp
0.630831832881879,0.6229627515242241
2.592010289712634,2.622962751524224
