mean_pdp,ground_truth_pdp
0.6806694546354274,0.6229627515242241
2.5241556588089877,2.622962751524224
