mean_pdp,ground_truth_pdp
0.6025708863657043,0.6229627515242241
2.5763446798367693,2.622962751524224
