mean_pdp,ground_truth_pdp
0.610422667499772,0.6229627515242241
2.5842898555245366,2.622962751524224
