mean_pdp,ground_truth_pdp
0.8704979311174408,0.839479861385661
-2.61800608747138,-2.89280414686354
