mean_pdp,ground_truth_pdp
0.8714345970321647,0.839479861385661
-2.6152353682753673,-2.89280414686354
