mean_pdp,ground_truth_pdp
0.8523522482727666,0.839479861385661
-2.808883535269318,-2.89280414686354
