mean_pdp,ground_truth_pdp
0.8442425301545065,0.839479861385661
-2.813753498034943,-2.89280414686354
