mean_pdp,ground_truth_pdp
0.8372518080006961,0.839479861385661
-2.8221454296720463,-2.89280414686354
