mean_pdp,ground_truth_pdp
0.8827336144865962,0.839479861385661
-2.8137286882702126,-2.89280414686354
