mean_pdp,ground_truth_pdp
0.9567831563005383,0.839479861385661
-2.7122063342382314,-2.89280414686354
