mean_pdp,ground_truth_pdp
0.8469446828254026,0.839479861385661
-2.8165335355168755,-2.89280414686354
