mean_pdp,ground_truth_pdp
0.8577565536145592,0.839479861385661
-2.814443610233184,-2.89280414686354
