mean_pdp,ground_truth_pdp
0.7630217805170654,0.839479861385661
-2.8922988418976754,-2.89280414686354
