mean_pdp,ground_truth_pdp
0.8586617143633349,0.839479861385661
-2.8082101982786325,-2.89280414686354
