mean_pdp,ground_truth_pdp
0.8513875284903705,0.839479861385661
-2.8108080032045613,-2.89280414686354
