mean_pdp,ground_truth_pdp
-1.224474706560004,-1.3961275945104252
0.695036391250603,0.6038724054895747
-2.092295214501893,-2.3961275945104252
