mean_pdp,ground_truth_pdp
-1.222397112564513,-1.3961275945104252
0.6962220152116999,0.6038724054895747
-2.089967323268864,-2.3961275945104252
