mean_pdp,ground_truth_pdp
-1.406661941077296,-1.3961275945104252
0.507637705435942,0.6038724054895747
-2.3071378072711224,-2.3961275945104252
