mean_pdp,ground_truth_pdp
-1.3214425610378338,-1.3961275945104252
0.6762376905563002,0.6038724054895747
-2.253443668909006,-2.3961275945104252
