mean_pdp,ground_truth_pdp
-1.3502149468976812,-1.3961275945104252
0.6370408533805904,0.6038724054895747
-2.261531278559296,-2.3961275945104252
