mean_pdp,ground_truth_pdp
-1.3294577190998613,-1.3961275945104252
0.6315671868672958,0.6038724054895747
-2.2410838861033473,-2.3961275945104252
