mean_pdp,ground_truth_pdp
-1.2314962693246065,-1.3961275945104252
0.7500230017853553,0.6038724054895747
-2.1545825724796246,-2.3961275945104252
