mean_pdp,ground_truth_pdp
-1.3321812447929275,-1.3961275945104252
0.6499651030333226,0.6038724054895747
-2.25753567145137,-2.3961275945104252
