mean_pdp,ground_truth_pdp
-1.348973810462187,-1.3961275945104252
0.6401890056279594,0.6038724054895747
-2.2426506256079275,-2.3961275945104252
