mean_pdp,ground_truth_pdp
-1.3503355733087201,-1.3961275945104252
0.6493879637109728,0.6038724054895747
-2.2508765182819386,-2.3961275945104252
