mean_pdp,ground_truth_pdp
-1.3297343885330268,-1.3961275945104252
0.6559247909414619,0.6038724054895747
-2.252472406059819,-2.3961275945104252
