mean_pdp,ground_truth_pdp
-1.3324934416964491,-1.3961275945104252
0.6370648116378219,0.6038724054895747
-2.2453374545322182,-2.3961275945104252
