mean_pdp,ground_truth_pdp
-0.9040396097485093,-1.067427594510425
-0.8782721827315377,-1.067427594510425
