mean_pdp,ground_truth_pdp
-0.902359107118678,-1.067427594510425
-0.8833798862621283,-1.067427594510425
