mean_pdp,ground_truth_pdp
-1.0097542814391007,-1.067427594510425
-0.9958682670375114,-1.067427594510425
