mean_pdp,ground_truth_pdp
-1.0203497669845405,-1.067427594510425
-0.9772048913192931,-1.067427594510425
