mean_pdp,ground_truth_pdp
-0.9919516160990818,-1.067427594510425
-0.9795091898745318,-1.067427594510425
