mean_pdp,ground_truth_pdp
-1.1222809370350584,-1.067427594510425
-1.0503077752903753,-1.067427594510425
