mean_pdp,ground_truth_pdp
-0.917834978526739,-1.067427594510425
-0.8789100470402653,-1.067427594510425
