mean_pdp,ground_truth_pdp
-1.0002792904368787,-1.067427594510425
-0.9968654591457239,-1.067427594510425
