mean_pdp,ground_truth_pdp
-1.0197895197129319,-1.067427594510425
-0.9860379831242961,-1.067427594510425
