mean_pdp,ground_truth_pdp
-1.0203740775124586,-1.067427594510425
-0.9801578075535978,-1.067427594510425
