mean_pdp,ground_truth_pdp
-0.9993197924406779,-1.067427594510425
-0.9908312543903408,-1.067427594510425
