mean_pdp,ground_truth_pdp
0.8171379809967033,0.839479861385661
-2.6349689731711226,-2.89280414686354
