mean_pdp,ground_truth_pdp
0.8091780336828323,0.839479861385661
-2.630925215873636,-2.89280414686354
