mean_pdp,ground_truth_pdp
0.8979855973439745,0.839479861385661
-2.777433852190629,-2.89280414686354
