mean_pdp,ground_truth_pdp
0.7590453258814926,0.839479861385661
-2.6696814275464074,-2.89280414686354
