mean_pdp,ground_truth_pdp
0.820029086884818,0.839479861385661
-2.7846216369143217,-2.89280414686354
