mean_pdp,ground_truth_pdp
0.8923530316782333,0.839479861385661
-2.7242996089507296,-2.89280414686354
