mean_pdp,ground_truth_pdp
0.7807438122656671,0.839479861385661
-2.7771574656097533,-2.89280414686354
