mean_pdp,ground_truth_pdp
0.819807430217371,0.839479861385661
-2.7833390815534087,-2.89280414686354
