mean_pdp,ground_truth_pdp
0.8168159027411314,0.839479861385661
-2.7737532779496323,-2.89280414686354
