mean_pdp,ground_truth_pdp
0.8224850836704433,0.839479861385661
-2.7923960473573164,-2.89280414686354
