mean_pdp,ground_truth_pdp
0.8770018720873122,0.839479861385661
-2.6652641258097804,-2.89280414686354
