mean_pdp,ground_truth_pdp
0.857323048639958,0.839479861385661
-2.6711219332817207,-2.89280414686354
