mean_pdp,ground_truth_pdp
-1.2087015406805053,-1.3961275945104252
0.5820108428462069,0.6038724054895747
-2.110577599006647,-2.3961275945104252
