mean_pdp,ground_truth_pdp
-1.2061766897797914,-1.3961275945104252
0.5792652592283845,0.6038724054895747
-2.1040181969365475,-2.3961275945104252
