mean_pdp,ground_truth_pdp
-1.2883137924749881,-1.3961275945104252
0.5694556501261848,0.6038724054895747
-2.2350310008964853,-2.3961275945104252
