mean_pdp,ground_truth_pdp
-1.2840798604465677,-1.3961275945104252
0.5667814813987023,0.6038724054895747
-2.226462546502249,-2.3961275945104252
