mean_pdp,ground_truth_pdp
-1.2881071318749133,-1.3961275945104252
0.5575891359537797,0.6038724054895747
-2.2086144418122897,-2.3961275945104252
