mean_pdp,ground_truth_pdp
-1.2219654909050024,-1.3961275945104252
0.6350004407395964,0.6038724054895747
-2.2336406391410812,-2.3961275945104252
