mean_pdp,ground_truth_pdp
-1.2211053854615381,-1.3961275945104252
0.5338608341260047,0.6038724054895747
-2.1769976179636035,-2.3961275945104252
