mean_pdp,ground_truth_pdp
-1.2629550800886868,-1.3961275945104252
0.5163900999989979,0.6038724054895747
-2.2476500217156814,-2.3961275945104252
