mean_pdp,ground_truth_pdp
-1.293187850309018,-1.3961275945104252
0.5607981384267586,0.6038724054895747
-2.2188965870853727,-2.3961275945104252
