mean_pdp,ground_truth_pdp
-1.2055193884483761,-1.3961275945104252
0.6685161872314976,0.6038724054895747
-2.2143989617544184,-2.3961275945104252
