mean_pdp,ground_truth_pdp
-1.1921643444831267,-1.3961275945104252
0.6247061600233815,0.6038724054895747
-2.1192719649689047,-2.3961275945104252
