mean_pdp,ground_truth_pdp
-1.20717358023472,-1.3961275945104252
0.619299986344538,0.6038724054895747
-2.137900917286119,-2.3961275945104252
