mean_pdp,ground_truth_pdp
-0.9440424977504281,-1.067427594510425
-0.9211708657167269,-1.067427594510425
