mean_pdp,ground_truth_pdp
-0.9467540786192431,-1.067427594510425
-0.913938561080296,-1.067427594510425
