mean_pdp,ground_truth_pdp
-1.01420995114862,-1.067427594510425
-0.9854184973878691,-1.067427594510425
