mean_pdp,ground_truth_pdp
-0.9897589713116953,-1.067427594510425
-0.9560149345816302,-1.067427594510425
