mean_pdp,ground_truth_pdp
-1.0088061488162574,-1.067427594510425
-0.9992399892929799,-1.067427594510425
