mean_pdp,ground_truth_pdp
-0.9658460664553279,-1.067427594510425
-0.9536248691071353,-1.067427594510425
