mean_pdp,ground_truth_pdp
-1.001848210438119,-1.067427594510425
-1.0313555428917347,-1.067427594510425
