mean_pdp,ground_truth_pdp
-0.9267378156670911,-1.067427594510425
-0.9473917203225843,-1.067427594510425
