mean_pdp,ground_truth_pdp
-1.0193877169330163,-1.067427594510425
-0.9832117514732137,-1.067427594510425
