mean_pdp,ground_truth_pdp
-1.014884548322714,-1.067427594510425
-0.9947296613941394,-1.067427594510425
