mean_pdp,ground_truth_pdp
-0.9316059888852728,-1.067427594510425
-0.9001742434033275,-1.067427594510425
