mean_pdp,ground_truth_pdp
-0.9376983148818852,-1.067427594510425
-0.9205043719553381,-1.067427594510425
