mean_pdp,ground_truth_pdp
2.7556720046811782,2.6630387565418743
4.636057702743083,4.663038756541875
