mean_pdp,ground_truth_pdp
1.8149072565279007,1.6947263466946307
3.6831056211622317,3.694726346694631
