mean_pdp,ground_truth_pdp
1.7859715286141415,1.6947263466946307
3.7121014873852554,3.694726346694631
