mean_pdp,ground_truth_pdp
2.7422557692158716,2.6630387565418743
4.6767598144593965,4.663038756541875
