mean_pdp,ground_truth_pdp
2.742255769215871,2.6630387565418743
4.6767598144593965,4.663038756541875
