mean_pdp,ground_truth_pdp
1.805020775737479,1.6947263466946307
3.714815440326893,3.694726346694631
