mean_pdp,ground_truth_pdp
2.7396151614981297,2.6630387565418743
4.658781910959191,4.663038756541875
