mean_pdp,ground_truth_pdp
1.7955886709733353,1.7000263466946308
1.7686518552272532,1.7000263466946308
4.660947014215032,4.70002634669463
