mean_pdp,ground_truth_pdp
2.7449350755216186,2.668338756541875
2.7036245462213575,2.668338756541875
5.617879612683464,5.668338756541874
