mean_pdp,ground_truth_pdp
2.7418907446178244,2.668338756541875
2.7129806874406177,2.668338756541875
5.642293000753748,5.668338756541874
