mean_pdp,ground_truth_pdp
1.7789346316779528,1.7000263466946308
1.7582389466319175,1.7000263466946308
4.681234481422616,4.70002634669463
