mean_pdp,ground_truth_pdp
2.7425111090329923,2.668338756541875
2.7054446871257034,2.668338756541875
5.626956820201074,5.668338756541874
