mean_pdp,ground_truth_pdp
1.7998550521075918,1.7000263466946308
1.779705564962609,1.7000263466946308
4.677460496674731,4.70002634669463
