mean_pdp,ground_truth_pdp
3.7197223565112276,3.6796387565418742
3.686952310977089,3.6796387565418742
