mean_pdp,ground_truth_pdp
2.7642366171984327,2.7113263466946314
2.748806503137766,2.7113263466946314
