mean_pdp,ground_truth_pdp
2.765578835506144,2.7113263466946314
2.744879816899497,2.7113263466946314
