mean_pdp,ground_truth_pdp
3.727465994317408,3.6796387565418742
3.703034185967199,3.6796387565418742
