mean_pdp,ground_truth_pdp
2.765578835506144,2.7113263466946314
2.7448798168994974,2.7113263466946314
