mean_pdp,ground_truth_pdp
3.7253717602793115,3.6796387565418742
3.6880171858422974,3.6796387565418742
