mean_pdp,ground_truth_pdp
2.77557854786233,2.7113263466946314
2.759283548245927,2.7113263466946314
