mean_pdp,ground_truth_pdp
1.8068878682164484,1.6947263466946307
3.667668695406559,3.694726346694631
