mean_pdp,ground_truth_pdp
2.7632909394157954,2.6630387565418743
4.624756788488486,4.663038756541875
