mean_pdp,ground_truth_pdp
2.761380223875134,2.6630387565418743
4.679405315605394,4.663038756541875
