mean_pdp,ground_truth_pdp
1.8253789286628819,1.6947263466946307
3.743952284423777,3.694726346694631
