mean_pdp,ground_truth_pdp
1.7931615132497476,1.6947263466946307
3.6911873833161395,3.694726346694631
