mean_pdp,ground_truth_pdp
1.7904496048545835,1.7000263466946308
1.7630370428677304,1.7000263466946308
4.638543246173467,4.70002634669463
