mean_pdp,ground_truth_pdp
2.7504623432125244,2.668338756541875
2.717722321751959,2.668338756541875
5.594807686145422,5.668338756541874
