mean_pdp,ground_truth_pdp
2.7482588535175743,2.668338756541875
2.7271154623561094,2.668338756541875
5.653345626692195,5.668338756541874
