mean_pdp,ground_truth_pdp
1.809094801315137,1.7000263466946308
1.7938675335831593,1.7000263466946308
4.718354206406239,4.70002634669463
