mean_pdp,ground_truth_pdp
2.7480125564021134,2.668338756541875
2.7141405974932917,2.668338756541875
5.607759998339326,5.668338756541874
