mean_pdp,ground_truth_pdp
1.7898216357650658,1.7000263466946308
1.7613606953761383,1.7000263466946308
4.651957408724134,4.70002634669463
