mean_pdp,ground_truth_pdp
2.752105876023294,2.7113263466946314
2.7368688880000014,2.7113263466946314
