mean_pdp,ground_truth_pdp
3.709951986416835,3.6796387565418742
3.6926825610999945,3.6796387565418742
