mean_pdp,ground_truth_pdp
3.742727846363877,3.6796387565418742
3.7087821050971805,3.6796387565418742
