mean_pdp,ground_truth_pdp
2.7934977017767957,2.7113263466946314
2.7874291107975906,2.7113263466946314
