mean_pdp,ground_truth_pdp
3.7427278463638762,3.6796387565418742
3.7087821050971805,3.6796387565418742
