mean_pdp,ground_truth_pdp
3.7142200907771654,3.6796387565418742
3.694806756388067,3.6796387565418742
