mean_pdp,ground_truth_pdp
2.756258031503335,2.7113263466946314
2.7415721858222173,2.7113263466946314
