mean_pdp,ground_truth_pdp
1.6758632818927175,1.6385627515242238
1.658143680360294,1.6385627515242238
