mean_pdp,ground_truth_pdp
1.6776338920391725,1.6385627515242238
1.6520185001174523,1.6385627515242238
