mean_pdp,ground_truth_pdp
1.719502851756489,1.6385627515242238
1.6789086238539126,1.6385627515242238
