mean_pdp,ground_truth_pdp
1.812077707649843,1.6385627515242238
1.7335759965921727,1.6385627515242238
