mean_pdp,ground_truth_pdp
1.7074746261889975,1.6385627515242238
1.6753566259400987,1.6385627515242238
