mean_pdp,ground_truth_pdp
1.8831986946419268,1.6385627515242238
1.8330797545476227,1.6385627515242238
