mean_pdp,ground_truth_pdp
1.6932504287905807,1.6385627515242238
1.6554558743490086,1.6385627515242238
