mean_pdp,ground_truth_pdp
1.7432098474205169,1.6385627515242238
1.7120765431723957,1.6385627515242238
