mean_pdp,ground_truth_pdp
1.6894279047607965,1.6385627515242238
1.6606725179340043,1.6385627515242238
