mean_pdp,ground_truth_pdp
0.10855424622067518,-0.03853724847577608
2.0019384612674567,1.9614627515242238
2.89799992754661,2.961462751524224
