mean_pdp,ground_truth_pdp
0.09469236485012869,-0.03853724847577608
2.003453344359663,1.9614627515242238
2.903697058121023,2.961462751524224
