mean_pdp,ground_truth_pdp
0.16276338698340698,-0.03853724847577608
2.04104433545901,1.9614627515242238
2.9821650955868986,2.961462751524224
