mean_pdp,ground_truth_pdp
0.17245827987233794,-0.03853724847577608
1.999680444619719,1.9614627515242238
2.9033217295214824,2.961462751524224
