mean_pdp,ground_truth_pdp
0.35737691381244885,-0.03853724847577608
2.1235004434130933,1.9614627515242238
3.0948317877893126,2.961462751524224
