mean_pdp,ground_truth_pdp
0.23856607754109588,-0.03853724847577608
2.0630723355210705,1.9614627515242238
3.0161274777790905,2.961462751524224
