mean_pdp,ground_truth_pdp
0.12315977489295599,-0.03853724847577608
2.0209016328283362,1.9614627515242238
2.9559303255834917,2.961462751524224
