mean_pdp,ground_truth_pdp
0.14869611261806737,-0.03853724847577608
1.9875948230413143,1.9614627515242238
2.8875808675194383,2.961462751524224
