mean_pdp,ground_truth_pdp
0.09531055269810876,-0.03853724847577608
2.0108374259143122,1.9614627515242238
2.9324698976213974,2.961462751524224
