mean_pdp,ground_truth_pdp
0.0809493531901165,-0.03853724847577608
2.0104848793245336,1.9614627515242238
2.9368563463858974,2.961462751524224
