mean_pdp,ground_truth_pdp
0.71011616447696,0.6229627515242241
2.5945129810884784,2.622962751524224
