mean_pdp,ground_truth_pdp
0.7174329535221808,0.6229627515242241
2.5918432341455793,2.622962751524224
