mean_pdp,ground_truth_pdp
0.7501878420769339,0.6229627515242241
2.6211015902598658,2.622962751524224
