mean_pdp,ground_truth_pdp
0.7690312093325019,0.6229627515242241
2.659032039876393,2.622962751524224
