mean_pdp,ground_truth_pdp
0.9356657075364841,0.6229627515242241
2.7558384537148006,2.622962751524224
