mean_pdp,ground_truth_pdp
0.87913560576978,0.6229627515242241
2.642047104865218,2.622962751524224
