mean_pdp,ground_truth_pdp
0.7430903385023919,0.6229627515242241
2.580268846816576,2.622962751524224
