mean_pdp,ground_truth_pdp
0.7543963588557328,0.6229627515242241
2.6030271165864933,2.622962751524224
