mean_pdp,ground_truth_pdp
0.7065196083469837,0.6229627515242241
2.6160264627972656,2.622962751524224
