mean_pdp,ground_truth_pdp
0.7131845507717554,0.6229627515242241
2.616259824045049,2.622962751524224
