mean_pdp,ground_truth_pdp
0.9674364225307953,0.839479861385661
-2.554153152800297,-2.89280414686354
