mean_pdp,ground_truth_pdp
0.923407895247554,0.839479861385661
-2.5824558700140554,-2.89280414686354
