mean_pdp,ground_truth_pdp
0.9057062062280913,0.839479861385661
-2.7781495231214213,-2.89280414686354
