mean_pdp,ground_truth_pdp
0.9164486989639425,0.839479861385661
-2.7503975487969963,-2.89280414686354
