mean_pdp,ground_truth_pdp
1.0524097522606477,0.839479861385661
-2.705551177213773,-2.89280414686354
