mean_pdp,ground_truth_pdp
0.888077272246715,0.839479861385661
-2.7564312135459725,-2.89280414686354
