mean_pdp,ground_truth_pdp
0.8875236664910998,0.839479861385661
-2.7648274057292785,-2.89280414686354
