mean_pdp,ground_truth_pdp
0.931464820955979,0.839479861385661
-2.7347864281475496,-2.89280414686354
