mean_pdp,ground_truth_pdp
0.885352436872267,0.839479861385661
-2.761069935784523,-2.89280414686354
