mean_pdp,ground_truth_pdp
0.9666098493546283,0.839479861385661
-2.719526598536287,-2.89280414686354
