mean_pdp,ground_truth_pdp
-1.0943594671891128,-1.3961275945104252
0.7569330484728307,0.6038724054895747
-2.0307003778976402,-2.3961275945104252
