mean_pdp,ground_truth_pdp
-1.1276330625115998,-1.3961275945104252
0.7174906595655052,0.6038724054895747
-2.0670044374775016,-2.3961275945104252
