mean_pdp,ground_truth_pdp
-1.2307439641442617,-1.3961275945104252
0.6992901999013117,0.6038724054895747
-2.269803793127202,-2.3961275945104252
