mean_pdp,ground_truth_pdp
-1.224128925239119,-1.3961275945104252
0.656188611971011,0.6038724054895747
-2.2250805677853727,-2.3961275945104252
