mean_pdp,ground_truth_pdp
-1.2236265559264685,-1.3961275945104252
0.6935716883045068,0.6038724054895747
-2.207192024609078,-2.3961275945104252
