mean_pdp,ground_truth_pdp
-1.243735936349366,-1.3961275945104252
0.6602865680947758,0.6038724054895747
-2.2196923105931465,-2.3961275945104252
