mean_pdp,ground_truth_pdp
-1.1327337176006853,-1.3961275945104252
0.8239530107831208,0.6038724054895747
-2.161684793866266,-2.3961275945104252
