mean_pdp,ground_truth_pdp
-1.1939648546047723,-1.3961275945104252
0.7061162922856077,0.6038724054895747
-2.2063301388092693,-2.3961275945104252
