mean_pdp,ground_truth_pdp
-1.2338379164459004,-1.3961275945104252
0.6651519658070603,0.6038724054895747
-2.234267701231214,-2.3961275945104252
