mean_pdp,ground_truth_pdp
-1.1783772432209902,-1.3961275945104252
0.7371928911533993,0.6038724054895747
-2.1765307298603545,-2.3961275945104252
