mean_pdp,ground_truth_pdp
-0.8362584820322422,-1.067427594510425
-0.8561745484512358,-1.067427594510425
