mean_pdp,ground_truth_pdp
-0.7967027948130405,-1.067427594510425
-0.8229496512225505,-1.067427594510425
