mean_pdp,ground_truth_pdp
-0.8258740193055546,-1.067427594510425
-0.8639736871045641,-1.067427594510425
