mean_pdp,ground_truth_pdp
-0.8967693045504301,-1.067427594510425
-0.9397009292597389,-1.067427594510425
