mean_pdp,ground_truth_pdp
-0.9166861765637955,-1.067427594510425
-0.948538610579757,-1.067427594510425
