mean_pdp,ground_truth_pdp
-0.9495063900589849,-1.067427594510425
-0.9612558046640699,-1.067427594510425
