mean_pdp,ground_truth_pdp
-0.9436862374365225,-1.067427594510425
-0.9655371096690736,-1.067427594510425
