mean_pdp,ground_truth_pdp
-0.9372693958595206,-1.067427594510425
-0.9651986778937138,-1.067427594510425
