mean_pdp,ground_truth_pdp
-0.8801688035821723,-1.067427594510425
-0.9076661243223647,-1.067427594510425
