mean_pdp,ground_truth_pdp
-0.9484387445792334,-1.067427594510425
-0.9629999448727206,-1.067427594510425
