mean_pdp,ground_truth_pdp
0.8328188432221388,0.839479861385661
-2.743104318046216,-2.89280414686354
