mean_pdp,ground_truth_pdp
0.8631553951771678,0.839479861385661
-2.736225453402477,-2.89280414686354
