mean_pdp,ground_truth_pdp
0.8752769816428312,0.839479861385661
-2.7632308749077388,-2.89280414686354
