mean_pdp,ground_truth_pdp
0.8724681213214299,0.839479861385661
-2.75608977402522,-2.89280414686354
