mean_pdp,ground_truth_pdp
0.8864515488690309,0.839479861385661
-2.7636980224046503,-2.89280414686354
