mean_pdp,ground_truth_pdp
0.8864363303541793,0.839479861385661
-2.7566737083963595,-2.89280414686354
