mean_pdp,ground_truth_pdp
0.8589981987090689,0.839479861385661
-2.774933075287286,-2.89280414686354
