mean_pdp,ground_truth_pdp
0.9045030266416122,0.839479861385661
-2.7646147783216777,-2.89280414686354
