mean_pdp,ground_truth_pdp
-1.2432812393574666,-1.3961275945104252
0.6447241073794071,0.6038724054895747
-2.1975082579683662,-2.3961275945104252
