mean_pdp,ground_truth_pdp
-1.2619401593490644,-1.3961275945104252
0.6277613924927627,0.6038724054895747
-2.2172386136682345,-2.3961275945104252
