mean_pdp,ground_truth_pdp
-1.2485267822569062,-1.3961275945104252
0.6599875971560388,0.6038724054895747
-2.2130833508305723,-2.3961275945104252
