mean_pdp,ground_truth_pdp
-1.251068934704126,-1.3961275945104252
0.6546051521145169,0.6038724054895747
-2.22057649276877,-2.3961275945104252
