mean_pdp,ground_truth_pdp
-1.2596286127396306,-1.3961275945104252
0.6430140565638905,0.6038724054895747
-2.1975504448785004,-2.3961275945104252
