mean_pdp,ground_truth_pdp
-1.256450922180606,-1.3961275945104252
0.6497421128657932,0.6038724054895747
-2.1881840174557534,-2.3961275945104252
