mean_pdp,ground_truth_pdp
-1.2374788763642206,-1.3961275945104252
0.6686599964581724,0.6038724054895747
-2.210700039471933,-2.3961275945104252
