mean_pdp,ground_truth_pdp
-1.2654672563516174,-1.3961275945104252
0.643215924128206,0.6038724054895747
-2.240295573021736,-2.3961275945104252
