mean_pdp,ground_truth_pdp
-0.9645135530383477,-1.067427594510425
-0.9787962984864416,-1.067427594510425
