mean_pdp,ground_truth_pdp
-0.9423664049248599,-1.067427594510425
-0.9637623310751047,-1.067427594510425
