mean_pdp,ground_truth_pdp
-0.9447841670983956,-1.067427594510425
-0.9734065863147927,-1.067427594510425
