mean_pdp,ground_truth_pdp
-0.9423508841608457,-1.067427594510425
-0.9741637773978307,-1.067427594510425
