mean_pdp,ground_truth_pdp
-0.9370050730616194,-1.067427594510425
-0.970877472301049,-1.067427594510425
