mean_pdp,ground_truth_pdp
-0.9326270166148751,-1.067427594510425
-0.971002384880651,-1.067427594510425
