mean_pdp,ground_truth_pdp
-0.9679254786119361,-1.067427594510425
-0.9833012119378014,-1.067427594510425
