mean_pdp,ground_truth_pdp
-0.9347047564417043,-1.067427594510425
-0.9607502608207957,-1.067427594510425
