mean_pdp,ground_truth_pdp
0.8433796300269107,0.839479861385661
-2.420785760797586,-2.89280414686354
