mean_pdp,ground_truth_pdp
0.8669201801632929,0.839479861385661
-2.422498849860238,-2.89280414686354
