mean_pdp,ground_truth_pdp
1.011029877296654,0.839479861385661
-2.510080897195056,-2.89280414686354
