mean_pdp,ground_truth_pdp
1.0824142263100058,0.839479861385661
-2.621344509035971,-2.89280414686354
