mean_pdp,ground_truth_pdp
0.9211363146424209,0.839479861385661
-2.7481503801575466,-2.89280414686354
