mean_pdp,ground_truth_pdp
0.9384962444736966,0.839479861385661
-2.7314156751883742,-2.89280414686354
