mean_pdp,ground_truth_pdp
0.9415840399966534,0.839479861385661
-2.713313135484702,-2.89280414686354
