mean_pdp,ground_truth_pdp
0.8910623495536769,0.839479861385661
-2.7587824245108705,-2.89280414686354
