mean_pdp,ground_truth_pdp
1.0796954019275873,0.839479861385661
-2.5816664497572215,-2.89280414686354
