mean_pdp,ground_truth_pdp
0.9045965658593419,0.839479861385661
-2.7425018769719944,-2.89280414686354
