mean_pdp,ground_truth_pdp
-1.0605588623400646,-1.3961275945104252
0.6736029235675465,0.6038724054895747
-1.9638431381685912,-2.3961275945104252
