mean_pdp,ground_truth_pdp
-1.0482182719520705,-1.3961275945104252
0.6958621316435188,0.6038724054895747
-1.9652520697758067,-2.3961275945104252
