mean_pdp,ground_truth_pdp
-1.0034173330997163,-1.3961275945104252
0.8056937959200815,0.6038724054895747
-2.046687071947634,-2.3961275945104252
