mean_pdp,ground_truth_pdp
-1.187237447700662,-1.3961275945104252
0.7131846987623488,0.6038724054895747
-2.170525091078891,-2.3961275945104252
