mean_pdp,ground_truth_pdp
-1.180448203943896,-1.3961275945104252
0.7347995040396589,0.6038724054895747
-2.2297351933705567,-2.3961275945104252
