mean_pdp,ground_truth_pdp
-1.1393811922660626,-1.3961275945104252
0.7355358079723706,0.6038724054895747
-2.1513297385139887,-2.3961275945104252
