mean_pdp,ground_truth_pdp
-1.2146154554858841,-1.3961275945104252
0.7126938294738743,0.6038724054895747
-2.2227953943166034,-2.3961275945104252
