mean_pdp,ground_truth_pdp
-1.0251088278740923,-1.3961275945104252
0.9371606751055006,0.6038724054895747
-2.148940293298745,-2.3961275945104252
