mean_pdp,ground_truth_pdp
-1.0641279406650457,-1.3961275945104252
0.8430710443721011,0.6038724054895747
-2.080291138425954,-2.3961275945104252
