mean_pdp,ground_truth_pdp
-1.206704492602003,-1.3961275945104252
0.708658949455835,0.6038724054895747
-2.291659736501116,-2.3961275945104252
