mean_pdp,ground_truth_pdp
-1.205413077561778,-1.3961275945104252
0.6988434746700668,0.6038724054895747
-2.2375295381990252,-2.3961275945104252
