mean_pdp,ground_truth_pdp
-1.160157159270285,-1.3961275945104252
0.7338943475029167,0.6038724054895747
-2.1609374771040586,-2.3961275945104252
