mean_pdp,ground_truth_pdp
-0.782737836355991,-1.067427594510425
-0.802725432384935,-1.067427594510425
