mean_pdp,ground_truth_pdp
-0.7911443358400586,-1.067427594510425
-0.8158940932377841,-1.067427594510425
