mean_pdp,ground_truth_pdp
-0.9413593075594192,-1.067427594510425
-0.9625402644177004,-1.067427594510425
