mean_pdp,ground_truth_pdp
-0.747672793110587,-1.067427594510425
-0.788370708996499,-1.067427594510425
