mean_pdp,ground_truth_pdp
-0.8578551190270516,-1.067427594510425
-0.8867098877860153,-1.067427594510425
