mean_pdp,ground_truth_pdp
-0.9043886520037868,-1.067427594510425
-0.9223522381416908,-1.067427594510425
