mean_pdp,ground_truth_pdp
-0.7760245387244115,-1.067427594510425
-0.8007681184506734,-1.067427594510425
