mean_pdp,ground_truth_pdp
-0.7684721561825201,-1.067427594510425
-0.769167964452174,-1.067427594510425
