mean_pdp,ground_truth_pdp
-0.8907433862148766,-1.067427594510425
-0.9132112495972747,-1.067427594510425
