mean_pdp,ground_truth_pdp
-0.9217657415327,-1.067427594510425
-0.9369728165010582,-1.067427594510425
