mean_pdp,ground_truth_pdp
-0.8727107797694467,-1.067427594510425
-0.8951953072811979,-1.067427594510425
