mean_pdp,ground_truth_pdp
-0.9263725999771248,-1.067427594510425
-0.9469355138583389,-1.067427594510425
