mean_pdp,ground_truth_pdp
1.6957552541328569,1.6385627515242238
1.647733459606576,1.6385627515242238
