mean_pdp,ground_truth_pdp
1.6919816508630035,1.6385627515242238
1.6783204983108069,1.6385627515242238
