mean_pdp,ground_truth_pdp
1.7017595289100895,1.6385627515242238
1.6481290270793256,1.6385627515242238
