mean_pdp,ground_truth_pdp
1.6858068736145573,1.6385627515242238
1.6581122650599316,1.6385627515242238
