mean_pdp,ground_truth_pdp
1.716426428440871,1.6385627515242238
1.70407013422307,1.6385627515242238
