mean_pdp,ground_truth_pdp
1.6857969507206325,1.6385627515242238
1.6388449347501013,1.6385627515242238
