mean_pdp,ground_truth_pdp
1.701774413250977,1.6385627515242238
1.677030022544071,1.6385627515242238
