mean_pdp,ground_truth_pdp
1.7069520703269467,1.6385627515242238
1.6067336216074215,1.6385627515242238
