mean_pdp,ground_truth_pdp
1.680583239454572,1.6385627515242238
1.6516023546283343,1.6385627515242238
