mean_pdp,ground_truth_pdp
1.6815052315864911,1.6385627515242238
1.6652901119343244,1.6385627515242238
