mean_pdp,ground_truth_pdp
0.15923203718453205,-0.03853724847577608
2.0147656014059154,1.9614627515242238
2.8835993190941545,2.961462751524224
