mean_pdp,ground_truth_pdp
0.14554912180631177,-0.03853724847577608
1.9901436856124077,1.9614627515242238
2.880194779312561,2.961462751524224
