mean_pdp,ground_truth_pdp
0.12405290466786878,-0.03853724847577608
1.9734206511465995,1.9614627515242238
2.8867254878547683,2.961462751524224
