mean_pdp,ground_truth_pdp
0.09257904739893595,-0.03853724847577608
1.9913136725395078,1.9614627515242238
2.9375598915704746,2.961462751524224
