mean_pdp,ground_truth_pdp
-0.009222181762328491,-0.03853724847577608
1.9769713473396875,1.9614627515242238
2.9982209378406144,2.961462751524224
