mean_pdp,ground_truth_pdp
0.12999295638762262,-0.03853724847577608
1.9907495361882621,1.9614627515242238
2.893012416919978,2.961462751524224
