mean_pdp,ground_truth_pdp
0.03072692657019222,-0.03853724847577608
2.062833649632894,1.9614627515242238
3.036222463879004,2.961462751524224
