mean_pdp,ground_truth_pdp
0.10148912497856671,-0.03853724847577608
2.0173070001020026,1.9614627515242238
2.9469902851682876,2.961462751524224
