mean_pdp,ground_truth_pdp
0.07350436858942863,-0.03853724847577608
1.9993004907793328,1.9614627515242238
2.929248925631611,2.961462751524224
