mean_pdp,ground_truth_pdp
0.7401402494487578,0.6229627515242241
2.5775363587911735,2.622962751524224
