mean_pdp,ground_truth_pdp
0.7544025301658103,0.6229627515242241
2.590637404783058,2.622962751524224
