mean_pdp,ground_truth_pdp
0.7101420010072378,0.6229627515242241
2.6123862789921004,2.622962751524224
