mean_pdp,ground_truth_pdp
0.6437502568767166,0.6229627515242241
2.6404546997201064,2.622962751524224
