mean_pdp,ground_truth_pdp
0.7175760283850181,0.6229627515242241
2.581264096545281,2.622962751524224
