mean_pdp,ground_truth_pdp
0.7280901095128413,0.6229627515242241
2.6236675867537596,2.622962751524224
