mean_pdp,ground_truth_pdp
0.7295414340554206,0.6229627515242241
2.588784968386387,2.622962751524224
