mean_pdp,ground_truth_pdp
0.6927863311887288,0.6229627515242241
2.699280787127793,2.622962751524224
