mean_pdp,ground_truth_pdp
0.697153711695574,0.6229627515242241
2.6092270803560376,2.622962751524224
