mean_pdp,ground_truth_pdp
0.7065193000345318,0.6229627515242241
2.614602292866568,2.622962751524224
