mean_pdp,ground_truth_pdp
0.8179865168347078,0.839479861385661
-2.7089098537862624,-2.89280414686354
