mean_pdp,ground_truth_pdp
0.8384207752443094,0.839479861385661
-2.69601803206747,-2.89280414686354
