mean_pdp,ground_truth_pdp
0.8779653027697022,0.839479861385661
-2.716001453551936,-2.89280414686354
