mean_pdp,ground_truth_pdp
0.8868782540536319,0.839479861385661
-2.7681648954478275,-2.89280414686354
