mean_pdp,ground_truth_pdp
0.9360202238239121,0.839479861385661
-2.71432355905799,-2.89280414686354
