mean_pdp,ground_truth_pdp
1.124040982746299,0.839479861385661
-2.4231643886127627,-2.89280414686354
