mean_pdp,ground_truth_pdp
0.8868050878285928,0.839479861385661
-2.7728909720458246,-2.89280414686354
