mean_pdp,ground_truth_pdp
0.948397174047781,0.839479861385661
-2.694955629213034,-2.89280414686354
