mean_pdp,ground_truth_pdp
0.9088734309492634,0.839479861385661
-2.729372242419238,-2.89280414686354
