mean_pdp,ground_truth_pdp
0.8757893935241944,0.839479861385661
-2.7502447156782353,-2.89280414686354
