mean_pdp,ground_truth_pdp
-1.2422071932348207,-1.3961275945104252
0.6290228515229848,0.6038724054895747
-2.204991926605636,-2.3961275945104252
