mean_pdp,ground_truth_pdp
-1.225496736440202,-1.3961275945104252
0.6429410862321586,0.6038724054895747
-2.1860885252465465,-2.3961275945104252
