mean_pdp,ground_truth_pdp
-1.2454358614320793,-1.3961275945104252
0.6644293539489247,0.6038724054895747
-2.2284519590448575,-2.3961275945104252
