mean_pdp,ground_truth_pdp
-0.9454898924692478,-1.3961275945104252
0.8986701469252599,0.6038724054895747
-1.8924615438065266,-2.3961275945104252
