mean_pdp,ground_truth_pdp
-1.1426942558512145,-1.3961275945104252
0.72834359783081,0.6038724054895747
-2.33031618440952,-2.3961275945104252
