mean_pdp,ground_truth_pdp
-1.1961347705865877,-1.3961275945104252
0.7070109912225371,0.6038724054895747
-2.118988298894109,-2.3961275945104252
