mean_pdp,ground_truth_pdp
-1.239714733658085,-1.3961275945104252
0.6717373900225441,0.6038724054895747
-2.2452977041018554,-2.3961275945104252
