mean_pdp,ground_truth_pdp
-1.2368845892373497,-1.3961275945104252
0.6566742863081602,0.6038724054895747
-2.2179344293505148,-2.3961275945104252
