mean_pdp,ground_truth_pdp
-1.2098295639508245,-1.3961275945104252
0.6792085710753939,0.6038724054895747
-2.1873289223881796,-2.3961275945104252
