mean_pdp,ground_truth_pdp
-0.9327035916372594,-1.067427594510425
-0.9563768323309352,-1.067427594510425
