mean_pdp,ground_truth_pdp
-0.9492262796416585,-1.067427594510425
-0.972980407580601,-1.067427594510425
