mean_pdp,ground_truth_pdp
-0.9454343606094107,-1.067427594510425
-0.9712974358078805,-1.067427594510425
