mean_pdp,ground_truth_pdp
-0.9431636260496141,-1.067427594510425
-0.9715273392641903,-1.067427594510425
