mean_pdp,ground_truth_pdp
-0.60928901555787,-1.067427594510425
-0.7236457719471159,-1.067427594510425
