mean_pdp,ground_truth_pdp
-0.9064088175927918,-1.067427594510425
-0.9663585089029272,-1.067427594510425
