mean_pdp,ground_truth_pdp
-0.8860104002024262,-1.067427594510425
-0.9227548884167183,-1.067427594510425
