mean_pdp,ground_truth_pdp
-0.8688836755408837,-1.067427594510425
-0.9108491550252376,-1.067427594510425
