mean_pdp,ground_truth_pdp
-0.9144699400850834,-1.067427594510425
-0.9413049791413715,-1.067427594510425
