mean_pdp,ground_truth_pdp
-0.9412209587588727,-1.067427594510425
-0.9681869581170207,-1.067427594510425
