mean_pdp,ground_truth_pdp
1.7115987368609193,1.6385627515242238
1.6825191366763315,1.6385627515242238
