mean_pdp,ground_truth_pdp
1.7368858683005743,1.6385627515242238
1.7127944230946195,1.6385627515242238
