mean_pdp,ground_truth_pdp
1.7997798865637364,1.6385627515242238
1.7517744221758322,1.6385627515242238
