mean_pdp,ground_truth_pdp
1.745395589813338,1.6385627515242238
1.710184839039927,1.6385627515242238
