mean_pdp,ground_truth_pdp
1.70878607162469,1.6385627515242238
1.6742216034606172,1.6385627515242238
