mean_pdp,ground_truth_pdp
1.8838836213435775,1.6385627515242238
1.8326008844789257,1.6385627515242238
