mean_pdp,ground_truth_pdp
2.0470365115947726,1.6385627515242238
1.957369633886641,1.6385627515242238
