mean_pdp,ground_truth_pdp
1.7414166496749293,1.6385627515242238
1.6991753533421605,1.6385627515242238
