mean_pdp,ground_truth_pdp
1.6971570105616849,1.6385627515242238
1.6481055012241335,1.6385627515242238
