mean_pdp,ground_truth_pdp
0.2289181658088185,-0.03853724847577608
2.005746100625339,1.9614627515242238
2.862510307382327,2.961462751524224
