mean_pdp,ground_truth_pdp
0.26698100396949315,-0.03853724847577608
2.034098314296863,1.9614627515242238
2.879603168243372,2.961462751524224
