mean_pdp,ground_truth_pdp
0.4660919395306419,-0.03853724847577608
2.298439588061682,1.9614627515242238
3.2392939987043574,2.961462751524224
