mean_pdp,ground_truth_pdp
0.15681516270363094,-0.03853724847577608
2.001153705029342,1.9614627515242238
2.913917946599153,2.961462751524224
