mean_pdp,ground_truth_pdp
0.13669152503556192,-0.03853724847577608
2.0434997694750483,1.9614627515242238
2.9998254573830168,2.961462751524224
