mean_pdp,ground_truth_pdp
0.20096599713045224,-0.03853724847577608
2.095237489435632,1.9614627515242238
3.027377520358218,2.961462751524224
