mean_pdp,ground_truth_pdp
0.1953798459605651,-0.03853724847577608
2.032196337005692,1.9614627515242238
2.9304491843842735,2.961462751524224
