mean_pdp,ground_truth_pdp
0.273268523245971,-0.03853724847577608
2.143226428179932,1.9614627515242238
3.156637809778754,2.961462751524224
