mean_pdp,ground_truth_pdp
0.1279111946718398,-0.03853724847577608
1.9931700508999566,1.9614627515242238
2.906995776820672,2.961462751524224
