mean_pdp,ground_truth_pdp
0.08949972851431727,-0.03853724847577608
1.9957314260749992,1.9614627515242238
2.934897020922564,2.961462751524224
