mean_pdp,ground_truth_pdp
0.8357329036408522,0.6229627515242241
2.5909427493392365,2.622962751524224
