mean_pdp,ground_truth_pdp
0.8029028190389814,0.6229627515242241
2.5679233715890337,2.622962751524224
