mean_pdp,ground_truth_pdp
0.9092871540414257,0.6229627515242241
2.78040662730086,2.622962751524224
