mean_pdp,ground_truth_pdp
0.8311580135540559,0.6229627515242241
2.6936315922036216,2.622962751524224
