mean_pdp,ground_truth_pdp
1.103655962869669,0.6229627515242241
2.8760516907638976,2.622962751524224
