mean_pdp,ground_truth_pdp
0.7916724413886651,0.6229627515242241
2.6237868479828306,2.622962751524224
