mean_pdp,ground_truth_pdp
0.7663684106113081,0.6229627515242241
2.6617499043826096,2.622962751524224
