mean_pdp,ground_truth_pdp
0.7527986796230165,0.6229627515242241
2.604657835290223,2.622962751524224
