mean_pdp,ground_truth_pdp
0.7081408837444624,0.6229627515242241
2.6103062679384403,2.622962751524224
