mean_pdp,ground_truth_pdp
0.731067973490368,0.6229627515242241
2.5936075647654886,2.622962751524224
