mean_pdp,ground_truth_pdp
1.6115445498434067,1.6385627515242238
1.6075874970069481,1.6385627515242238
