mean_pdp,ground_truth_pdp
1.610676196720719,1.6385627515242238
1.6042758133453363,1.6385627515242238
