mean_pdp,ground_truth_pdp
1.7791609536895907,1.6385627515242238
1.7569487918729276,1.6385627515242238
