mean_pdp,ground_truth_pdp
1.674601651878931,1.6385627515242238
1.6617411494737313,1.6385627515242238
