mean_pdp,ground_truth_pdp
1.7866384738019223,1.6385627515242238
1.8040554547926226,1.6385627515242238
