mean_pdp,ground_truth_pdp
1.6770941585830414,1.6385627515242238
1.677443370446963,1.6385627515242238
