mean_pdp,ground_truth_pdp
1.6460497095419004,1.6385627515242238
1.6360600893927024,1.6385627515242238
