mean_pdp,ground_truth_pdp
1.6445542055194342,1.6385627515242238
1.6266387568087635,1.6385627515242238
