mean_pdp,ground_truth_pdp
1.6104698059167615,1.6385627515242238
1.6100462325108835,1.6385627515242238
