mean_pdp,ground_truth_pdp
1.6091032938972352,1.6385627515242238
1.6048644513701582,1.6385627515242238
