mean_pdp,ground_truth_pdp
0.04934910712224301,-0.03853724847577608
1.9094371282888374,1.9614627515242238
2.8606571589302603,2.961462751524224
