mean_pdp,ground_truth_pdp
0.053471986383475105,-0.03853724847577608
1.911005374245175,1.9614627515242238
2.861154221878702,2.961462751524224
