mean_pdp,ground_truth_pdp
0.32734992319335526,-0.03853724847577608
2.001361276156843,1.9614627515242238
2.972098733968761,2.961462751524224
