mean_pdp,ground_truth_pdp
0.13054345370879206,-0.03853724847577608
1.9438507410032553,1.9614627515242238
2.9245489986799584,2.961462751524224
