mean_pdp,ground_truth_pdp
0.13927802597025973,-0.03853724847577608
1.9124500787876304,1.9614627515242238
2.8706678676485984,2.961462751524224
