mean_pdp,ground_truth_pdp
0.13349399379272753,-0.03853724847577608
1.952722552277138,1.9614627515242238
2.9411851764323083,2.961462751524224
