mean_pdp,ground_truth_pdp
0.3362015434451617,-0.03853724847577608
2.0279767099784913,1.9614627515242238
3.0220072672258094,2.961462751524224
