mean_pdp,ground_truth_pdp
0.13750770191989845,-0.03853724847577608
1.9071269920233007,1.9614627515242238
2.8606861609971888,2.961462751524224
