mean_pdp,ground_truth_pdp
0.050600510281342236,-0.03853724847577608
1.9058037189384376,1.9614627515242238
2.8721803017321945,2.961462751524224
