mean_pdp,ground_truth_pdp
0.04348927978110668,-0.03853724847577608
1.9034304617883475,1.9614627515242238
2.872162062388888,2.961462751524224
