mean_pdp,ground_truth_pdp
0.6143785144572003,0.6229627515242241
2.572577145046258,2.622962751524224
