mean_pdp,ground_truth_pdp
0.6175571683690855,0.6229627515242241
2.573605067230438,2.622962751524224
