mean_pdp,ground_truth_pdp
0.6775211814436793,0.6229627515242241
2.644508634799204,2.622962751524224
