mean_pdp,ground_truth_pdp
0.6805194968672836,0.6229627515242241
2.62308884578826,2.622962751524224
