mean_pdp,ground_truth_pdp
0.8363991718952116,0.6229627515242241
2.6723903247356517,2.622962751524224
