mean_pdp,ground_truth_pdp
0.6655947257532508,0.6229627515242241
2.5771372076338652,2.622962751524224
