mean_pdp,ground_truth_pdp
0.6637957364990884,0.6229627515242241
2.589989081040432,2.622962751524224
