mean_pdp,ground_truth_pdp
0.8274042256243987,0.6229627515242241
2.7366496917684837,2.622962751524224
