mean_pdp,ground_truth_pdp
0.6057816565493299,0.6229627515242241
2.5793373474567276,2.622962751524224
