mean_pdp,ground_truth_pdp
0.6115983659513146,0.6229627515242241
2.580107497022669,2.622962751524224
