mean_pdp,ground_truth_pdp
1.6150249884432542,1.6385627515242238
1.61296295421137,1.6385627515242238
