mean_pdp,ground_truth_pdp
1.6023388471560602,1.6385627515242238
1.6080910190217654,1.6385627515242238
