mean_pdp,ground_truth_pdp
1.7469629554397645,1.6385627515242238
1.9098189384048914,1.6385627515242238
