mean_pdp,ground_truth_pdp
1.686224590679978,1.6385627515242238
1.6846577405436438,1.6385627515242238
