mean_pdp,ground_truth_pdp
1.6197946390265954,1.6385627515242238
1.610071934479476,1.6385627515242238
