mean_pdp,ground_truth_pdp
1.6333357077242,1.6385627515242238
1.634129778924919,1.6385627515242238
