mean_pdp,ground_truth_pdp
1.6319423119785526,1.6385627515242238
1.6551041740517256,1.6385627515242238
