mean_pdp,ground_truth_pdp
1.6535818293107958,1.6385627515242238
1.7091835115453347,1.6385627515242238
