mean_pdp,ground_truth_pdp
1.6174958329488818,1.6385627515242238
1.619381087675532,1.6385627515242238
