mean_pdp,ground_truth_pdp
1.5935331216286266,1.6385627515242238
1.6101785434285014,1.6385627515242238
