mean_pdp,ground_truth_pdp
0.07894239224167701,-0.03853724847577608
1.9069331910265641,1.9614627515242238
2.8513913421122696,2.961462751524224
