mean_pdp,ground_truth_pdp
0.06537363036562756,-0.03853724847577608
1.9012032075250531,1.9614627515242238
2.844591438931449,2.961462751524224
