mean_pdp,ground_truth_pdp
0.12846770950956585,-0.03853724847577608
1.8841542190952452,1.9614627515242238
2.8331144337226526,2.961462751524224
