mean_pdp,ground_truth_pdp
0.44356477032439473,-0.03853724847577608
2.0508839891160178,1.9614627515242238
2.989325595910613,2.961462751524224
