mean_pdp,ground_truth_pdp
0.29325907047363137,-0.03853724847577608
1.8931002812052644,1.9614627515242238
2.864881743368303,2.961462751524224
