mean_pdp,ground_truth_pdp
0.16557869964182553,-0.03853724847577608
1.9581573554267468,1.9614627515242238
2.920077404069836,2.961462751524224
