mean_pdp,ground_truth_pdp
0.1154767996915711,-0.03853724847577608
1.9055627861231625,1.9614627515242238
2.878596119889066,2.961462751524224
