mean_pdp,ground_truth_pdp
0.15852884947971851,-0.03853724847577608
1.9157109606773957,1.9614627515242238
2.8580032042311148,2.961462751524224
