mean_pdp,ground_truth_pdp
0.08354129640627894,-0.03853724847577608
1.8980349669155143,1.9614627515242238
2.872405364257207,2.961462751524224
