mean_pdp,ground_truth_pdp
0.05791141286262997,-0.03853724847577608
1.887211664745994,1.9614627515242238
2.859561102693435,2.961462751524224
