mean_pdp,ground_truth_pdp
0.6347657934553368,0.6229627515242241
2.5657786152473983,2.622962751524224
