mean_pdp,ground_truth_pdp
0.6249935262263682,0.6229627515242241
2.5579986939788872,2.622962751524224
