mean_pdp,ground_truth_pdp
0.6490816700186764,0.6229627515242241
2.555438579729328,2.622962751524224
