mean_pdp,ground_truth_pdp
0.7153395517624134,0.6229627515242241
2.6208794356451173,2.622962751524224
