mean_pdp,ground_truth_pdp
0.9587899575241677,0.6229627515242241
2.672332107384882,2.622962751524224
