mean_pdp,ground_truth_pdp
0.6864867586903287,0.6229627515242241
2.57581156154798,2.622962751524224
