mean_pdp,ground_truth_pdp
0.7717645141659061,0.6229627515242241
2.5704671982916243,2.622962751524224
