mean_pdp,ground_truth_pdp
0.6529977373096595,0.6229627515242241
2.5869244659473645,2.622962751524224
