mean_pdp,ground_truth_pdp
0.628554180776387,0.6229627515242241
2.580102120003978,2.622962751524224
