mean_pdp,ground_truth_pdp
0.6100954537883351,0.6229627515242241
2.5654067131634575,2.622962751524224
