mean_pdp,ground_truth_pdp
0.9367099073374434,0.839479861385661
-2.363052838871145,-2.89280414686354
