mean_pdp,ground_truth_pdp
0.893179675006712,0.839479861385661
-2.3781764353268744,-2.89280414686354
