mean_pdp,ground_truth_pdp
0.8928594205237218,0.839479861385661
-2.747600920448816,-2.89280414686354
