mean_pdp,ground_truth_pdp
0.894446169922543,0.839479861385661
-2.736552330951567,-2.89280414686354
