mean_pdp,ground_truth_pdp
0.8841858035388661,0.839479861385661
-2.75097327394308,-2.89280414686354
