mean_pdp,ground_truth_pdp
0.8836041486914734,0.839479861385661
-2.740767772819396,-2.89280414686354
