mean_pdp,ground_truth_pdp
0.9009745838035192,0.839479861385661
-2.743333748424381,-2.89280414686354
