mean_pdp,ground_truth_pdp
0.8877624063732747,0.839479861385661
-2.7507868390338883,-2.89280414686354
