mean_pdp,ground_truth_pdp
-0.9865515678501011,-1.3961275945104252
0.7616893251688522,0.6038724054895747
-1.8985951224248472,-2.3961275945104252
