mean_pdp,ground_truth_pdp
-1.0149640580970025,-1.3961275945104252
0.7234843255763485,0.6038724054895747
-1.9199387506947545,-2.3961275945104252
