mean_pdp,ground_truth_pdp
-1.2480384553575448,-1.3961275945104252
0.6710805220205351,0.6038724054895747
-2.210905227880031,-2.3961275945104252
