mean_pdp,ground_truth_pdp
-1.2261725309212497,-1.3961275945104252
0.6751941621377474,0.6038724054895747
-2.218516528295427,-2.3961275945104252
