mean_pdp,ground_truth_pdp
-1.2558405135564041,-1.3961275945104252
0.6636082689464136,0.6038724054895747
-2.185461363767577,-2.3961275945104252
