mean_pdp,ground_truth_pdp
-1.2285081080110352,-1.3961275945104252
0.6687503190929289,0.6038724054895747
-2.194975489286822,-2.3961275945104252
