mean_pdp,ground_truth_pdp
-1.2242889776743513,-1.3961275945104252
0.6841436715532037,0.6038724054895747
-2.210403838066926,-2.3961275945104252
