mean_pdp,ground_truth_pdp
-1.2296440969042968,-1.3961275945104252
0.6670616922667673,0.6038724054895747
-2.219295483424993,-2.3961275945104252
