mean_pdp,ground_truth_pdp
-0.7476350387474905,-1.067427594510425
-0.7672225992207895,-1.067427594510425
