mean_pdp,ground_truth_pdp
-0.717525819910172,-1.067427594510425
-0.7391249772212304,-1.067427594510425
