mean_pdp,ground_truth_pdp
-0.9415791705161973,-1.067427594510425
-0.9571915602573922,-1.067427594510425
