mean_pdp,ground_truth_pdp
-0.9280452155506895,-1.067427594510425
-0.9584412695813853,-1.067427594510425
