mean_pdp,ground_truth_pdp
-0.9214271947262129,-1.067427594510425
-0.9554571314810714,-1.067427594510425
