mean_pdp,ground_truth_pdp
-0.9383446384330978,-1.067427594510425
-0.9538949948260801,-1.067427594510425
