mean_pdp,ground_truth_pdp
-0.9324526153489459,-1.067427594510425
-0.9454292147944893,-1.067427594510425
