mean_pdp,ground_truth_pdp
-0.940270294226778,-1.067427594510425
-0.9583679696141362,-1.067427594510425
