mean_pdp,ground_truth_pdp
1.7426263188716746,1.6947263466946307
3.649857939603776,3.694726346694631
