mean_pdp,ground_truth_pdp
2.695302182061597,2.6630387565418743
4.619153684063262,4.663038756541875
