mean_pdp,ground_truth_pdp
1.7299306388495481,1.6947263466946307
3.6816593437764538,3.694726346694631
