mean_pdp,ground_truth_pdp
2.712529957951488,2.6630387565418743
4.687473332156819,4.663038756541875
