mean_pdp,ground_truth_pdp
1.6954083198668575,1.7000263466946308
1.7223956939869771,1.7000263466946308
4.632225917039592,4.70002634669463
