mean_pdp,ground_truth_pdp
2.6550865622641617,2.668338756541875
2.678305597909524,2.668338756541875
5.597939251604224,5.668338756541874
