mean_pdp,ground_truth_pdp
2.673880968204135,2.668338756541875
2.6987858201094523,2.668338756541875
5.685781047675171,5.668338756541874
