mean_pdp,ground_truth_pdp
1.669554324568822,1.7000263466946308
1.708132665860321,1.7000263466946308
4.701610360946124,4.70002634669463
