mean_pdp,ground_truth_pdp
3.6495382783130044,3.6796387565418742
3.6737017682011195,3.6796387565418742
