mean_pdp,ground_truth_pdp
2.6879165674851584,2.7113263466946314
2.712959141234027,2.7113263466946314
