mean_pdp,ground_truth_pdp
3.6865439349900293,3.6796387565418742
3.72106403399397,3.6796387565418742
