mean_pdp,ground_truth_pdp
2.6976542021698653,2.7113263466946314
2.7230544238341707,2.7113263466946314
