mean_pdp,ground_truth_pdp
0.7717574115464293,0.839479861385661
-2.7259608058230165,-2.89280414686354
