mean_pdp,ground_truth_pdp
0.819378454466352,0.839479861385661
-2.840421212523811,-2.89280414686354
