mean_pdp,ground_truth_pdp
0.8159844008201247,0.839479861385661
-2.9290841021724368,-2.89280414686354
