mean_pdp,ground_truth_pdp
0.8224557770927955,0.839479861385661
-2.8385905899335073,-2.89280414686354
