mean_pdp,ground_truth_pdp
1.0015306582378587,0.839479861385661
-2.7536820856238258,-2.89280414686354
