mean_pdp,ground_truth_pdp
0.8595650285763423,0.839479861385661
-2.8035101866237846,-2.89280414686354
