mean_pdp,ground_truth_pdp
0.8657650188207855,0.839479861385661
-2.7965707083866587,-2.89280414686354
