mean_pdp,ground_truth_pdp
0.8245220427519607,0.839479861385661
-2.728566013702352,-2.89280414686354
