mean_pdp,ground_truth_pdp
0.7997500747273373,0.839479861385661
-2.743464243658139,-2.89280414686354
