mean_pdp,ground_truth_pdp
-1.2712995057902483,-1.3961275945104252
0.5415436329591717,0.6038724054895747
-2.202722422053389,-2.3961275945104252
