mean_pdp,ground_truth_pdp
-1.2590389663864316,-1.3961275945104252
0.5579332387218889,0.6038724054895747
-2.1888160869256175,-2.3961275945104252
