mean_pdp,ground_truth_pdp
-1.3131692325173503,-1.3961275945104252
0.5519023005703655,0.6038724054895747
-2.279747577457475,-2.3961275945104252
