mean_pdp,ground_truth_pdp
-1.3033240866748481,-1.3961275945104252
0.5640704821809555,0.6038724054895747
-2.2869386759563888,-2.3961275945104252
