mean_pdp,ground_truth_pdp
-1.2445319579668115,-1.3961275945104252
0.5622186042945332,0.6038724054895747
-2.4923462854395426,-2.3961275945104252
