mean_pdp,ground_truth_pdp
-1.2894769520905107,-1.3961275945104252
0.5844465818696468,0.6038724054895747
-2.2002465357857535,-2.3961275945104252
