mean_pdp,ground_truth_pdp
-1.2843702623333766,-1.3961275945104252
0.5901059072203805,0.6038724054895747
-2.2233378426190114,-2.3961275945104252
