mean_pdp,ground_truth_pdp
-1.1497628362594527,-1.3961275945104252
0.6923957294916584,0.6038724054895747
-2.1743421187526564,-2.3961275945104252
