mean_pdp,ground_truth_pdp
-1.260782153098562,-1.3961275945104252
0.5497566746864438,0.6038724054895747
-2.2051368154182573,-2.3961275945104252
