mean_pdp,ground_truth_pdp
-1.2434574778540382,-1.3961275945104252
0.5729159002207179,0.6038724054895747
-2.1854865592594495,-2.3961275945104252
