mean_pdp,ground_truth_pdp
-1.0040644400234449,-1.067427594510425
-0.9655925307654762,-1.067427594510425
