mean_pdp,ground_truth_pdp
-1.0223547408856088,-1.067427594510425
-0.9754693465014556,-1.067427594510425
