mean_pdp,ground_truth_pdp
-1.0272630970581003,-1.067427594510425
-1.1298595651926326,-1.067427594510425
