mean_pdp,ground_truth_pdp
-1.012963850630736,-1.067427594510425
-0.9710746089978386,-1.067427594510425
