mean_pdp,ground_truth_pdp
-1.0048856768246708,-1.067427594510425
-0.9707987557723141,-1.067427594510425
