mean_pdp,ground_truth_pdp
-1.0349189232703104,-1.067427594510425
-1.0210342851202197,-1.067427594510425
