mean_pdp,ground_truth_pdp
-0.9174877338602281,-1.067427594510425
-0.8800611845807287,-1.067427594510425
