mean_pdp,ground_truth_pdp
-1.032329517624139,-1.067427594510425
-1.03324835092529,-1.067427594510425
