mean_pdp,ground_truth_pdp
-1.0132857089428082,-1.067427594510425
-0.9721604351861831,-1.067427594510425
