mean_pdp,ground_truth_pdp
-0.9874407185940983,-1.067427594510425
-0.9582040651244732,-1.067427594510425
