mean_pdp,ground_truth_pdp
0.8830200324323041,0.839479861385661
-2.6102614115897316,-2.89280414686354
