mean_pdp,ground_truth_pdp
0.8767892006470646,0.839479861385661
-2.6270898355685293,-2.89280414686354
