mean_pdp,ground_truth_pdp
0.8226399089354043,0.839479861385661
-2.879438750016707,-2.89280414686354
