mean_pdp,ground_truth_pdp
0.8232899687330222,0.839479861385661
-2.8962365283351246,-2.89280414686354
