mean_pdp,ground_truth_pdp
0.8889099302244508,0.839479861385661
-2.860977930296893,-2.89280414686354
