mean_pdp,ground_truth_pdp
0.7012792792785404,0.839479861385661
-3.1376387577296003,-2.89280414686354
