mean_pdp,ground_truth_pdp
0.7458164271764561,0.839479861385661
-2.944411682172508,-2.89280414686354
