mean_pdp,ground_truth_pdp
0.8091470058345624,0.839479861385661
-2.9402540392328462,-2.89280414686354
