mean_pdp,ground_truth_pdp
0.7909746196063511,0.839479861385661
-2.8815175714865373,-2.89280414686354
