mean_pdp,ground_truth_pdp
0.7728423524673704,0.839479861385661
-2.911963567465823,-2.89280414686354
