mean_pdp,ground_truth_pdp
0.8204242628176865,0.839479861385661
-2.912263373952592,-2.89280414686354
