mean_pdp,ground_truth_pdp
-1.215822539309251,-1.3961275945104252
0.7077294429542144,0.6038724054895747
-2.0834851755684585,-2.3961275945104252
