mean_pdp,ground_truth_pdp
-1.2243050268616098,-1.3961275945104252
0.6898231993428733,0.6038724054895747
-2.0922629411683857,-2.3961275945104252
