mean_pdp,ground_truth_pdp
-1.4641778673061758,-1.3961275945104252
0.5369580700655329,0.6038724054895747
-2.3745245899947154,-2.3961275945104252
