mean_pdp,ground_truth_pdp
-1.5392053540593658,-1.3961275945104252
0.33359816023618866,0.6038724054895747
-2.4662769109526717,-2.3961275945104252
