mean_pdp,ground_truth_pdp
-1.4163338845653444,-1.3961275945104252
0.592884447227078,0.6038724054895747
-2.3093709775536113,-2.3961275945104252
