mean_pdp,ground_truth_pdp
-1.3998807628447407,-1.3961275945104252
0.6171641437681159,0.6038724054895747
-2.3291245453726064,-2.3961275945104252
