mean_pdp,ground_truth_pdp
-1.4080883211988986,-1.3961275945104252
0.5353999790898719,0.6038724054895747
-2.3304266918678382,-2.3961275945104252
