mean_pdp,ground_truth_pdp
-1.3882891115117053,-1.3961275945104252
0.5921054017392474,0.6038724054895747
-2.287322028490173,-2.3961275945104252
