mean_pdp,ground_truth_pdp
-1.334844662639648,-1.3961275945104252
0.6355609236528366,0.6038724054895747
-2.2634718860915473,-2.3961275945104252
