mean_pdp,ground_truth_pdp
-1.4337412582980584,-1.3961275945104252
0.568979536118294,0.6038724054895747
-2.3451748786881303,-2.3961275945104252
