mean_pdp,ground_truth_pdp
-1.3917462658593238,-1.3961275945104252
0.5640833602623786,0.6038724054895747
-2.313569937161654,-2.3961275945104252
