mean_pdp,ground_truth_pdp
-0.8944756404681585,-1.067427594510425
-0.8712509801725902,-1.067427594510425
