mean_pdp,ground_truth_pdp
-0.9061087940943093,-1.067427594510425
-0.8830667817457116,-1.067427594510425
