mean_pdp,ground_truth_pdp
-1.0690309685438144,-1.067427594510425
-1.0449732549719501,-1.067427594510425
