mean_pdp,ground_truth_pdp
-1.130178158457227,-1.067427594510425
-1.1089969303546157,-1.067427594510425
