mean_pdp,ground_truth_pdp
-1.2593571448070828,-1.067427594510425
-1.2223366887195999,-1.067427594510425
