mean_pdp,ground_truth_pdp
-1.0598277569106505,-1.067427594510425
-1.0337304161447143,-1.067427594510425
