mean_pdp,ground_truth_pdp
-1.1004262413799772,-1.067427594510425
-1.0725897573601297,-1.067427594510425
