mean_pdp,ground_truth_pdp
-1.020988193941025,-1.067427594510425
-0.9930357317335502,-1.067427594510425
