mean_pdp,ground_truth_pdp
-1.0747037154492751,-1.067427594510425
-1.0519340026419572,-1.067427594510425
