mean_pdp,ground_truth_pdp
-1.101116956998875,-1.067427594510425
-1.0787287684747064,-1.067427594510425
