mean_pdp,ground_truth_pdp
-1.0807744738622636,-1.067427594510425
-1.0529086020697083,-1.067427594510425
