mean_pdp,ground_truth_pdp
1.6918387066089222,1.6385627515242238
1.6631110745210953,1.6385627515242238
