mean_pdp,ground_truth_pdp
1.6746700711420168,1.6385627515242238
1.636420344481806,1.6385627515242238
