mean_pdp,ground_truth_pdp
1.6760013638927684,1.6385627515242238
1.6447816926633667,1.6385627515242238
