mean_pdp,ground_truth_pdp
1.6870661486682936,1.6385627515242238
1.6570341639492239,1.6385627515242238
