mean_pdp,ground_truth_pdp
1.6813774674574906,1.6385627515242238
1.6436437593175837,1.6385627515242238
