mean_pdp,ground_truth_pdp
1.6951303040153767,1.6385627515242238
1.6553272639305494,1.6385627515242238
