mean_pdp,ground_truth_pdp
1.6806740473366066,1.6385627515242238
1.6083368081810603,1.6385627515242238
