mean_pdp,ground_truth_pdp
1.6663752184563458,1.6385627515242238
1.6208902900597553,1.6385627515242238
