mean_pdp,ground_truth_pdp
1.674441478248124,1.6385627515242238
1.6566350184637066,1.6385627515242238
