mean_pdp,ground_truth_pdp
1.6723220147217575,1.6385627515242238
1.6188917864772394,1.6385627515242238
