mean_pdp,ground_truth_pdp
0.12478548419316149,-0.03853724847577608
1.9779620463639802,1.9614627515242238
2.8649727916203003,2.961462751524224
