mean_pdp,ground_truth_pdp
0.1440873407742053,-0.03853724847577608
2.005830542282213,1.9614627515242238
2.883592038067576,2.961462751524224
