mean_pdp,ground_truth_pdp
-0.03336633223149437,-0.03853724847577608
1.9876933710488653,1.9614627515242238
2.972807856573637,2.961462751524224
