mean_pdp,ground_truth_pdp
0.12004711495087374,-0.03853724847577608
1.9755851054728684,1.9614627515242238
2.8891881107052826,2.961462751524224
