mean_pdp,ground_truth_pdp
-0.0323408997786138,-0.03853724847577608
1.9722001043781268,1.9614627515242238
2.9897283702081547,2.961462751524224
