mean_pdp,ground_truth_pdp
0.11993797864190332,-0.03853724847577608
1.9770626899842416,1.9614627515242238
2.8808593309566835,2.961462751524224
