mean_pdp,ground_truth_pdp
0.08640665835998777,-0.03853724847577608
1.9967767307959718,1.9614627515242238
2.928760656223347,2.961462751524224
