mean_pdp,ground_truth_pdp
0.08657036282344338,-0.03853724847577608
1.9945603540289112,1.9614627515242238
2.9412538258462453,2.961462751524224
