mean_pdp,ground_truth_pdp
0.04271149553885871,-0.03853724847577608
1.9742159827462067,1.9614627515242238
2.921649364601791,2.961462751524224
