mean_pdp,ground_truth_pdp
0.07127874047788617,-0.03853724847577608
2.0025625129616027,1.9614627515242238
2.9260371205760394,2.961462751524224
