mean_pdp,ground_truth_pdp
0.7438461838445725,0.6229627515242241
2.5855974844007905,2.622962751524224
