mean_pdp,ground_truth_pdp
0.7226978350228808,0.6229627515242241
2.563038790640664,2.622962751524224
