mean_pdp,ground_truth_pdp
0.7075442073672469,0.6229627515242241
2.615752946929116,2.622962751524224
