mean_pdp,ground_truth_pdp
0.7111763815018951,0.6229627515242241
2.6055973540890878,2.622962751524224
