mean_pdp,ground_truth_pdp
0.7182656153814563,0.6229627515242241
2.5767381466099395,2.622962751524224
