mean_pdp,ground_truth_pdp
0.6295922568872325,0.6229627515242241
2.6290326007407923,2.622962751524224
