mean_pdp,ground_truth_pdp
0.6279638995093594,0.6229627515242241
2.6325126482746186,2.622962751524224
