mean_pdp,ground_truth_pdp
0.7158441659583575,0.6229627515242241
2.583508541836625,2.622962751524224
