mean_pdp,ground_truth_pdp
0.6987388508401453,0.6229627515242241
2.606512219003865,2.622962751524224
