mean_pdp,ground_truth_pdp
0.6753991845706468,0.6229627515242241
2.5892273845326814,2.622962751524224
