mean_pdp,ground_truth_pdp
1.633317057524923,1.6385627515242238
1.6239114151893068,1.6385627515242238
