mean_pdp,ground_truth_pdp
1.639467155010494,1.6385627515242238
1.6251725345890027,1.6385627515242238
