mean_pdp,ground_truth_pdp
1.6873707414137527,1.6385627515242238
1.621052314713347,1.6385627515242238
