mean_pdp,ground_truth_pdp
1.6404757272552455,1.6385627515242238
1.615089159359093,1.6385627515242238
