mean_pdp,ground_truth_pdp
1.6240786507452227,1.6385627515242238
1.5986475627399805,1.6385627515242238
