mean_pdp,ground_truth_pdp
1.7160676305605427,1.6385627515242238
1.6481279230985153,1.6385627515242238
