mean_pdp,ground_truth_pdp
1.6298180285745807,1.6385627515242238
1.604062684417014,1.6385627515242238
