mean_pdp,ground_truth_pdp
1.6500413569708423,1.6385627515242238
1.624114362154149,1.6385627515242238
