mean_pdp,ground_truth_pdp
1.657467770137518,1.6385627515242238
1.6352124548421763,1.6385627515242238
