mean_pdp,ground_truth_pdp
1.648256819317708,1.6385627515242238
1.632203085111012,1.6385627515242238
