mean_pdp,ground_truth_pdp
0.09344058945488014,-0.03853724847577608
1.9240595041049604,1.9614627515242238
2.868113171940121,2.961462751524224
