mean_pdp,ground_truth_pdp
0.09939643698000387,-0.03853724847577608
1.9289163520541934,1.9614627515242238
2.868362952957987,2.961462751524224
