mean_pdp,ground_truth_pdp
0.1293189236584381,-0.03853724847577608
1.9570591005547293,1.9614627515242238
2.9464873800064213,2.961462751524224
