mean_pdp,ground_truth_pdp
0.09556320191677034,-0.03853724847577608
1.8948891967303247,1.9614627515242238
2.8574672371235303,2.961462751524224
