mean_pdp,ground_truth_pdp
0.0801262384487165,-0.03853724847577608
1.9327641158275368,1.9614627515242238
2.934582624116459,2.961462751524224
