mean_pdp,ground_truth_pdp
0.08572466487482602,-0.03853724847577608
1.890030199784886,1.9614627515242238
2.8550862859455384,2.961462751524224
