mean_pdp,ground_truth_pdp
0.060635953703578584,-0.03853724847577608
1.9234544155149618,1.9614627515242238
2.9191841255571958,2.961462751524224
