mean_pdp,ground_truth_pdp
0.04423839196700471,-0.03853724847577608
1.9153560872725643,1.9614627515242238
2.9152158735938745,2.961462751524224
