mean_pdp,ground_truth_pdp
0.10694877119558545,-0.03853724847577608
1.9230906179151948,1.9614627515242238
2.8887023398207354,2.961462751524224
