mean_pdp,ground_truth_pdp
0.11793975909251715,-0.03853724847577608
1.9314532617059448,1.9614627515242238
2.887727315249015,2.961462751524224
