mean_pdp,ground_truth_pdp
0.6531027122169714,0.6229627515242241
2.5841132005392202,2.622962751524224
