mean_pdp,ground_truth_pdp
0.6485179750161064,0.6229627515242241
2.5812997867490366,2.622962751524224
