mean_pdp,ground_truth_pdp
0.6873099598094947,0.6229627515242241
2.5883701524180607,2.622962751524224
