mean_pdp,ground_truth_pdp
0.6357909199237671,0.6229627515242241
2.558315197010434,2.622962751524224
