mean_pdp,ground_truth_pdp
0.6391633550396097,0.6229627515242241
2.602198561592849,2.622962751524224
