mean_pdp,ground_truth_pdp
0.6308464871514773,0.6229627515242241
2.591718828082541,2.622962751524224
