mean_pdp,ground_truth_pdp
0.7122605634738924,0.6229627515242241
2.619809352948985,2.622962751524224
