mean_pdp,ground_truth_pdp
0.6407810406566466,0.6229627515242241
2.5646030371166186,2.622962751524224
