mean_pdp,ground_truth_pdp
0.6601434698899344,0.6229627515242241
2.591979165930048,2.622962751524224
