mean_pdp,ground_truth_pdp
0.6685016338451287,0.6229627515242241
2.595563726706692,2.622962751524224
