mean_pdp,ground_truth_pdp
1.6121832383075156,1.6385627515242238
1.6157096173687124,1.6385627515242238
