mean_pdp,ground_truth_pdp
1.6148239427140034,1.6385627515242238
1.616695684305447,1.6385627515242238
