mean_pdp,ground_truth_pdp
1.600414474971752,1.6385627515242238
1.5916435451164002,1.6385627515242238
