mean_pdp,ground_truth_pdp
1.619995059425483,1.6385627515242238
1.5998287744823414,1.6385627515242238
