mean_pdp,ground_truth_pdp
-0.032620722230664874,-0.03853724847577608
1.9686204732305521,1.9614627515242238
2.9047169237291492,2.961462751524224
