mean_pdp,ground_truth_pdp
-0.037996065407022474,-0.03853724847577608
1.9678480777905414,1.9614627515242238
2.9050684888003158,2.961462751524224
