mean_pdp,ground_truth_pdp
0.016241538405884055,-0.03853724847577608
1.9441063485379835,1.9614627515242238
2.860718616289265,2.961462751524224
