mean_pdp,ground_truth_pdp
-0.02097277783917852,-0.03853724847577608
1.9370332450937344,1.9614627515242238
2.8626337179176016,2.961462751524224
