mean_pdp,ground_truth_pdp
0.6104524068323859,0.6229627515242241
2.585910380963591,2.622962751524224
