mean_pdp,ground_truth_pdp
0.6058297454077445,0.6229627515242241
2.586737260162739,2.622962751524224
