mean_pdp,ground_truth_pdp
0.6130632447084501,0.6229627515242241
2.6283717646104545,2.622962751524224
