mean_pdp,ground_truth_pdp
0.5960248640903225,0.6229627515242241
2.5629578963756527,2.622962751524224
