mean_pdp,ground_truth_pdp
0.6132118374309463,0.6229627515242241
2.6131254995152533,2.622962751524224
