mean_pdp,ground_truth_pdp
0.6228757699215693,0.6229627515242241
2.564338653655151,2.622962751524224
