mean_pdp,ground_truth_pdp
1.7442843728009196,1.6947263466946307
3.6559419093829497,3.694726346694631
