mean_pdp,ground_truth_pdp
2.6992669696845137,2.6630387565418743
4.6183466109756655,4.663038756541875
