mean_pdp,ground_truth_pdp
1.7305920126841134,1.6947263466946307
3.661694853839415,3.694726346694631
