mean_pdp,ground_truth_pdp
2.673137988014122,2.6630387565418743
4.617968700369597,4.663038756541875
