mean_pdp,ground_truth_pdp
2.679408191938981,2.6630387565418743
4.643343797106231,4.663038756541875
