mean_pdp,ground_truth_pdp
1.7220603173784879,1.6947263466946307
3.682942356025949,3.694726346694631
