mean_pdp,ground_truth_pdp
1.6991107219374006,1.7000263466946308
1.721266303915144,1.7000263466946308
4.64072277526914,4.70002634669463
