mean_pdp,ground_truth_pdp
2.6569812103535186,2.668338756541875
2.6774495539281866,2.668338756541875
5.600744596839402,5.668338756541874
