mean_pdp,ground_truth_pdp
2.622690150486816,2.668338756541875
2.6463804858280997,2.668338756541875
5.6245179019124745,5.668338756541874
