mean_pdp,ground_truth_pdp
1.6872307098918682,1.7000263466946308
1.6957476778689096,1.7000263466946308
4.667890980168535,4.70002634669463
