mean_pdp,ground_truth_pdp
2.6485180550556304,2.668338756541875
2.6670747156891825,2.668338756541875
5.628406092852672,5.668338756541874
