mean_pdp,ground_truth_pdp
2.691918871389907,2.7113263466946314
2.7166733808497736,2.7113263466946314
