mean_pdp,ground_truth_pdp
3.6520688331140527,3.6796387565418742
3.6743867437582045,3.6796387565418742
