mean_pdp,ground_truth_pdp
3.6387856697171963,3.6796387565418742
3.6602002970683243,3.6796387565418742
