mean_pdp,ground_truth_pdp
2.695320487401995,2.7113263466946314
2.7069542738806613,2.7113263466946314
