mean_pdp,ground_truth_pdp
1.7581490974127545,1.6947263466946307
3.618871624891516,3.694726346694631
