mean_pdp,ground_truth_pdp
2.706445920937248,2.6630387565418743
4.574814003569244,4.663038756541875
