mean_pdp,ground_truth_pdp
1.717993798665509,1.6947263466946307
3.6836648686461033,3.694726346694631
