mean_pdp,ground_truth_pdp
2.6532421634080054,2.6630387565418743
4.663506893259805,4.663038756541875
