mean_pdp,ground_truth_pdp
1.6975197074823924,1.6947263466946307
3.7081645422531992,3.694726346694631
