mean_pdp,ground_truth_pdp
2.6693777378810832,2.6630387565418743
4.648416693591333,4.663038756541875
