mean_pdp,ground_truth_pdp
2.674516831632417,2.6630387565418743
4.652748592632366,4.663038756541875
