mean_pdp,ground_truth_pdp
1.7180333360642317,1.6947263466946307
3.6871210912845434,3.694726346694631
