mean_pdp,ground_truth_pdp
2.6754002506286008,2.6630387565418743
4.647819226983612,4.663038756541875
