mean_pdp,ground_truth_pdp
1.7161925860315417,1.6947263466946307
3.689481557651566,3.694726346694631
