mean_pdp,ground_truth_pdp
1.7133012404978607,1.7000263466946308
1.7293309487467248,1.7000263466946308
4.585632790402809,4.70002634669463
