mean_pdp,ground_truth_pdp
2.662019356438065,2.668338756541875
2.6762272943992245,2.668338756541875
5.543865850046331,5.668338756541874
