mean_pdp,ground_truth_pdp
1.665454223529531,1.7000263466946308
1.6841631063085134,1.7000263466946308
4.720285458047656,4.70002634669463
