mean_pdp,ground_truth_pdp
2.638782444483733,2.668338756541875
2.6551463335629415,2.668338756541875
5.643811480554071,5.668338756541874
