mean_pdp,ground_truth_pdp
1.682550794564729,1.7000263466946308
1.7083173958438744,1.7000263466946308
4.674062853312898,4.70002634669463
