mean_pdp,ground_truth_pdp
1.681441013003597,1.7000263466946308
1.701597121768507,1.7000263466946308
4.687486341001226,4.70002634669463
