mean_pdp,ground_truth_pdp
2.6490504648036644,2.668338756541875
2.6669437944941126,2.668338756541875
5.634731877156772,5.668338756541874
