mean_pdp,ground_truth_pdp
2.62297598669034,2.668338756541875
2.6375439486870875,2.668338756541875
5.672861204529122,5.668338756541874
