mean_pdp,ground_truth_pdp
1.685051304293162,1.7000263466946308
1.7045253094603758,1.7000263466946308
4.680448365103291,4.70002634669463
