mean_pdp,ground_truth_pdp
2.6448119382746778,2.668338756541875
2.6622438277823104,2.668338756541875
5.637084991985637,5.668338756541874
