mean_pdp,ground_truth_pdp
2.684603878454936,2.7113263466946314
2.70232040428306,2.7113263466946314
