mean_pdp,ground_truth_pdp
3.6382349950836232,3.6796387565418742
3.6519834514306,3.6796387565418742
