mean_pdp,ground_truth_pdp
3.660607273587352,3.6796387565418742
3.675846118670743,3.6796387565418742
