mean_pdp,ground_truth_pdp
2.6993307959854698,2.7113263466946314
2.717282935553082,2.7113263466946314
