mean_pdp,ground_truth_pdp
3.6577737636150336,3.6796387565418742
3.6701788868901755,3.6796387565418742
