mean_pdp,ground_truth_pdp
3.6557856760220666,3.6796387565418742
3.670174261625322,3.6796387565418742
