mean_pdp,ground_truth_pdp
2.696817365796225,2.7113263466946314
2.714938822682099,2.7113263466946314
