mean_pdp,ground_truth_pdp
2.7021868720758486,2.7113263466946314
2.7144964530682025,2.7113263466946314
