mean_pdp,ground_truth_pdp
2.698481368924858,2.7113263466946314
2.717800881232636,2.7113263466946314
