mean_pdp,ground_truth_pdp
3.6580529083783686,3.6796387565418742
3.6743703043484444,3.6796387565418742
