mean_pdp,ground_truth_pdp
2.7669399115604243,2.6630387565418743
4.577975985429318,4.663038756541875
