mean_pdp,ground_truth_pdp
1.8017195152188543,1.6947263466946307
3.597531530408657,3.694726346694631
