mean_pdp,ground_truth_pdp
2.6840322226188897,2.6630387565418743
4.620571455072667,4.663038756541875
