mean_pdp,ground_truth_pdp
1.7241366359246242,1.6947263466946307
3.6610160014850353,3.694726346694631
