mean_pdp,ground_truth_pdp
1.724136635924624,1.6947263466946307
3.6610160014850357,3.694726346694631
