mean_pdp,ground_truth_pdp
1.792892829796695,1.6947263466946307
3.5990436608642478,3.694726346694631
