mean_pdp,ground_truth_pdp
2.756725503185886,2.6630387565418743
4.581278721770631,4.663038756541875
