mean_pdp,ground_truth_pdp
1.8010833979956544,1.7000263466946308
1.7381780853885118,1.7000263466946308
4.527924988924756,4.70002634669463
