mean_pdp,ground_truth_pdp
2.7726607511993895,2.668338756541875
2.704303755554484,2.668338756541875
5.509920247279063,5.668338756541874
