mean_pdp,ground_truth_pdp
2.6798880894047743,2.668338756541875
2.640362894292025,2.668338756541875
5.6035558918462005,5.668338756541874
