mean_pdp,ground_truth_pdp
1.7291853970041113,1.7000263466946308
1.6710474602538135,1.7000263466946308
4.641955218848791,4.70002634669463
