mean_pdp,ground_truth_pdp
2.6798880894047743,2.668338756541875
2.6403628942920245,2.668338756541875
5.603555891846201,5.668338756541874
