mean_pdp,ground_truth_pdp
2.771002768283142,2.668338756541875
2.701643551959497,2.668338756541875
5.503806766504393,5.668338756541874
