mean_pdp,ground_truth_pdp
1.800280720450639,1.7000263466946308
1.732760705466609,1.7000263466946308
4.5235979831425395,4.70002634669463
