mean_pdp,ground_truth_pdp
3.654117795278055,3.6796387565418742
3.6974163713574355,3.6796387565418742
