mean_pdp,ground_truth_pdp
2.6814993757589924,2.7113263466946314
2.7244212761336235,2.7113263466946314
