mean_pdp,ground_truth_pdp
3.6363746788551716,3.6796387565418742
3.6763848341242045,3.6796387565418742
