mean_pdp,ground_truth_pdp
2.6737055239186933,2.7113263466946314
2.7180484595951233,2.7113263466946314
