mean_pdp,ground_truth_pdp
3.636374678855172,3.6796387565418742
3.6763848341242045,3.6796387565418742
