mean_pdp,ground_truth_pdp
2.6829330983405253,2.7113263466946314
2.716857382982746,2.7113263466946314
