mean_pdp,ground_truth_pdp
3.653955587117135,3.6796387565418742
3.691767599519401,3.6796387565418742
