mean_pdp,ground_truth_pdp
0.9482139372255259,0.839479861385661
-2.3604626874189023,-2.89280414686354
