mean_pdp,ground_truth_pdp
0.9893812429951709,0.839479861385661
-2.3299145206809744,-2.89280414686354
