mean_pdp,ground_truth_pdp
0.8053466080729106,0.839479861385661
-2.84866670559074,-2.89280414686354
