mean_pdp,ground_truth_pdp
0.8981651665798136,0.839479861385661
-2.872899883358714,-2.89280414686354
