mean_pdp,ground_truth_pdp
0.8711525069874828,0.839479861385661
-2.851228915235656,-2.89280414686354
