mean_pdp,ground_truth_pdp
0.7884886683888599,0.839479861385661
-2.86862953395052,-2.89280414686354
