mean_pdp,ground_truth_pdp
0.8540254537171392,0.839479861385661
-2.827759367381319,-2.89280414686354
