mean_pdp,ground_truth_pdp
0.8400326762339665,0.839479861385661
-2.8370588041981035,-2.89280414686354
