mean_pdp,ground_truth_pdp
-1.0020866879605907,-1.3961275945104252
0.8376304446327214,0.6038724054895747
-1.8457958674820993,-2.3961275945104252
