mean_pdp,ground_truth_pdp
-1.0366509876251897,-1.3961275945104252
0.7995961431835843,0.6038724054895747
-1.880494261058973,-2.3961275945104252
