mean_pdp,ground_truth_pdp
-1.3596741558402097,-1.3961275945104252
0.6829124975300053,0.6038724054895747
-2.2876138605597753,-2.3961275945104252
