mean_pdp,ground_truth_pdp
-1.3742686710277956,-1.3961275945104252
0.5993549723064423,0.6038724054895747
-2.3441015811214485,-2.3961275945104252
