mean_pdp,ground_truth_pdp
-1.344446777658377,-1.3961275945104252
0.7085664227085157,0.6038724054895747
-2.3248444208083026,-2.3961275945104252
