mean_pdp,ground_truth_pdp
-1.3775672918618607,-1.3961275945104252
0.6173856272887613,0.6038724054895747
-2.299168156747663,-2.3961275945104252
