mean_pdp,ground_truth_pdp
-1.3532794923945535,-1.3961275945104252
0.6392349506149908,0.6038724054895747
-2.281659109768045,-2.3961275945104252
