mean_pdp,ground_truth_pdp
-1.3388270050732782,-1.3961275945104252
0.6570069425666022,0.6038724054895747
-2.2788650961234533,-2.3961275945104252
