mean_pdp,ground_truth_pdp
-0.7399126960095769,-1.067427594510425
-0.7086285736517733,-1.067427594510425
