mean_pdp,ground_truth_pdp
-0.7041046614815029,-1.067427594510425
-0.672758352021349,-1.067427594510425
