mean_pdp,ground_truth_pdp
-1.0199591319511598,-1.067427594510425
-0.9958278439432714,-1.067427594510425
