mean_pdp,ground_truth_pdp
-1.0504081761043778,-1.067427594510425
-1.0278148471722843,-1.067427594510425
