mean_pdp,ground_truth_pdp
-1.0192616135572259,-1.067427594510425
-0.9951921451597002,-1.067427594510425
