mean_pdp,ground_truth_pdp
-1.0700100204792562,-1.067427594510425
-1.0485038172080554,-1.067427594510425
