mean_pdp,ground_truth_pdp
-1.0325306084215757,-1.067427594510425
-1.0054841694654695,-1.067427594510425
