mean_pdp,ground_truth_pdp
-1.020122766654411,-1.067427594510425
-0.9947569422338063,-1.067427594510425
