mean_pdp,ground_truth_pdp
1.663966763811776,1.6385627515242238
1.633057983544821,1.6385627515242238
