mean_pdp,ground_truth_pdp
1.6653996432088278,1.6385627515242238
1.6304253587325712,1.6385627515242238
