mean_pdp,ground_truth_pdp
1.6836016912272171,1.6385627515242238
1.6540531381925234,1.6385627515242238
