mean_pdp,ground_truth_pdp
1.7034216224842165,1.6385627515242238
1.6765707302597705,1.6385627515242238
