mean_pdp,ground_truth_pdp
1.6843495635108825,1.6385627515242238
1.660382346124589,1.6385627515242238
