mean_pdp,ground_truth_pdp
1.672158455843217,1.6385627515242238
1.6443401077114146,1.6385627515242238
