mean_pdp,ground_truth_pdp
1.6685873839048804,1.6385627515242238
1.6315213522050456,1.6385627515242238
