mean_pdp,ground_truth_pdp
1.6711665668195732,1.6385627515242238
1.6267826275429957,1.6385627515242238
