mean_pdp,ground_truth_pdp
0.08394862400154002,-0.03853724847577608
1.9840276437311195,1.9614627515242238
2.878050024829924,2.961462751524224
