mean_pdp,ground_truth_pdp
0.08838593770162995,-0.03853724847577608
1.9861725253281004,1.9614627515242238
2.8733253028279946,2.961462751524224
