mean_pdp,ground_truth_pdp
0.11907605634099562,-0.03853724847577608
1.9918498765003492,1.9614627515242238
2.9021739180467705,2.961462751524224
