mean_pdp,ground_truth_pdp
0.14108598059694247,-0.03853724847577608
2.009589529268547,1.9614627515242238
2.9165166439341133,2.961462751524224
