mean_pdp,ground_truth_pdp
0.15945183604045926,-0.03853724847577608
1.980807560905441,1.9614627515242238
2.8639326585298113,2.961462751524224
