mean_pdp,ground_truth_pdp
0.07756544253856487,-0.03853724847577608
1.978354903277238,1.9614627515242238
2.8957050798472466,2.961462751524224
