mean_pdp,ground_truth_pdp
0.069578277878403,-0.03853724847577608
1.9744941164026724,1.9614627515242238
2.9042095794507197,2.961462751524224
