mean_pdp,ground_truth_pdp
0.6945992177610072,0.6229627515242241
2.5751115418976025,2.622962751524224
