mean_pdp,ground_truth_pdp
0.6969889949816754,0.6229627515242241
2.57422427076071,2.622962751524224
