mean_pdp,ground_truth_pdp
0.7318396973982144,0.6229627515242241
2.5596308931650733,2.622962751524224
