mean_pdp,ground_truth_pdp
0.7403450433879941,0.6229627515242241
2.5723657551218126,2.622962751524224
