mean_pdp,ground_truth_pdp
0.7314367735699713,0.6229627515242241
2.5867050008406935,2.622962751524224
