mean_pdp,ground_truth_pdp
0.7456123502196043,0.6229627515242241
2.607929770768593,2.622962751524224
