mean_pdp,ground_truth_pdp
0.6913317154053058,0.6229627515242241
2.5795960072472277,2.622962751524224
