mean_pdp,ground_truth_pdp
0.6956333144025086,0.6229627515242241
2.5779989192008212,2.622962751524224
