mean_pdp,ground_truth_pdp
0.8437737631889616,0.839479861385661
-2.7275994319844763,-2.89280414686354
