mean_pdp,ground_truth_pdp
0.8393139248073501,0.839479861385661
-2.731205680598802,-2.89280414686354
