mean_pdp,ground_truth_pdp
0.9624683188020606,0.839479861385661
-2.7064128417031434,-2.89280414686354
