mean_pdp,ground_truth_pdp
0.9200634246406197,0.839479861385661
-2.748410819395136,-2.89280414686354
