mean_pdp,ground_truth_pdp
0.9284511750686653,0.839479861385661
-2.737564704634466,-2.89280414686354
