mean_pdp,ground_truth_pdp
0.8851307733122019,0.839479861385661
-2.7845597581430885,-2.89280414686354
