mean_pdp,ground_truth_pdp
0.9472771396273358,0.839479861385661
-2.7234893290500777,-2.89280414686354
