mean_pdp,ground_truth_pdp
0.8907869764256824,0.839479861385661
-2.7584937309805944,-2.89280414686354
