mean_pdp,ground_truth_pdp
0.8865361004753955,0.839479861385661
-2.76159001604623,-2.89280414686354
