mean_pdp,ground_truth_pdp
-1.2406671190963512,-1.3961275945104252
0.6459173550017023,0.6038724054895747
-2.2116495041366866,-2.3961275945104252
