mean_pdp,ground_truth_pdp
-1.2436117219572793,-1.3961275945104252
0.6424126417313053,0.6038724054895747
-2.2170310237635604,-2.3961275945104252
