mean_pdp,ground_truth_pdp
-1.1812762010383038,-1.3961275945104252
0.7405984562680599,0.6038724054895747
-2.1645415483153037,-2.3961275945104252
