mean_pdp,ground_truth_pdp
-1.2287768721923458,-1.3961275945104252
0.6899307674562642,0.6038724054895747
-2.1654512427222876,-2.3961275945104252
