mean_pdp,ground_truth_pdp
-1.226387542266298,-1.3961275945104252
0.6921385208284156,0.6038724054895747
-2.1948971310438,-2.3961275945104252
