mean_pdp,ground_truth_pdp
-1.1883870053430645,-1.3961275945104252
0.7326726718778522,0.6038724054895747
-2.1941693755182126,-2.3961275945104252
