mean_pdp,ground_truth_pdp
-1.2330251133680725,-1.3961275945104252
0.6717610517261215,0.6038724054895747
-2.22545947713754,-2.3961275945104252
