mean_pdp,ground_truth_pdp
-1.234314270603845,-1.3961275945104252
0.6672508253990378,0.6038724054895747
-2.230446962396471,-2.3961275945104252
