mean_pdp,ground_truth_pdp
-0.9536560188755618,-1.067427594510425
-0.9704807316747878,-1.067427594510425
