mean_pdp,ground_truth_pdp
-0.9492224203901467,-1.067427594510425
-0.9669211686365294,-1.067427594510425
