mean_pdp,ground_truth_pdp
-0.9176951560179644,-1.067427594510425
-0.9280553373237984,-1.067427594510425
