mean_pdp,ground_truth_pdp
-0.9250595845840905,-1.067427594510425
-0.9365198342555668,-1.067427594510425
