mean_pdp,ground_truth_pdp
-0.9008909428038823,-1.067427594510425
-0.9084391138267602,-1.067427594510425
