mean_pdp,ground_truth_pdp
-0.8874843537927037,-1.067427594510425
-0.8929544367877899,-1.067427594510425
