mean_pdp,ground_truth_pdp
-0.9447146719735915,-1.067427594510425
-0.9645899028687802,-1.067427594510425
