mean_pdp,ground_truth_pdp
-0.940922755445468,-1.067427594510425
-0.9610935753056015,-1.067427594510425
