mean_pdp,ground_truth_pdp
0.8129579918210988,0.839479861385661
-2.722763956735295,-2.89280414686354
