mean_pdp,ground_truth_pdp
0.8099744776392142,0.839479861385661
-2.71842630003618,-2.89280414686354
