mean_pdp,ground_truth_pdp
0.879662821385919,0.839479861385661
-2.7494606044444874,-2.89280414686354
