mean_pdp,ground_truth_pdp
0.8903752444771221,0.839479861385661
-2.7662218820994338,-2.89280414686354
