mean_pdp,ground_truth_pdp
0.8810327416944226,0.839479861385661
-2.757927539243153,-2.89280414686354
