mean_pdp,ground_truth_pdp
0.8913409498642937,0.839479861385661
-2.759828533014838,-2.89280414686354
