mean_pdp,ground_truth_pdp
0.8716246943579807,0.839479861385661
-2.7735232945350883,-2.89280414686354
