mean_pdp,ground_truth_pdp
0.8767629687823378,0.839479861385661
-2.7809937032946754,-2.89280414686354
