mean_pdp,ground_truth_pdp
-1.254517219537853,-1.3961275945104252
0.6246784407967354,0.6038724054895747
-2.21593662183314,-2.3961275945104252
