mean_pdp,ground_truth_pdp
-1.2519273686027048,-1.3961275945104252
0.6229030808176113,0.6038724054895747
-2.214674570008173,-2.3961275945104252
