mean_pdp,ground_truth_pdp
-1.251349808615774,-1.3961275945104252
0.6489005875962139,0.6038724054895747
-2.18995469252746,-2.3961275945104252
