mean_pdp,ground_truth_pdp
-1.2455492683856169,-1.3961275945104252
0.6583214174746074,0.6038724054895747
-2.2132494858183036,-2.3961275945104252
