mean_pdp,ground_truth_pdp
-1.2444458914050407,-1.3961275945104252
0.6593143769403754,0.6038724054895747
-2.2144998908879376,-2.3961275945104252
