mean_pdp,ground_truth_pdp
-1.2527290298414946,-1.3961275945104252
0.6476593882640038,0.6038724054895747
-2.1883916861904176,-2.3961275945104252
