mean_pdp,ground_truth_pdp
-1.2527377905935717,-1.3961275945104252
0.6507432536686575,0.6038724054895747
-2.236767176779032,-2.3961275945104252
