mean_pdp,ground_truth_pdp
-1.257198089426327,-1.3961275945104252
0.6538008180771491,0.6038724054895747
-2.238940710477587,-2.3961275945104252
