mean_pdp,ground_truth_pdp
-0.9629770247138837,-1.067427594510425
-0.9782298197540842,-1.067427594510425
