mean_pdp,ground_truth_pdp
-0.9601740051600376,-1.067427594510425
-0.9794870875164634,-1.067427594510425
