mean_pdp,ground_truth_pdp
-0.9434782139257892,-1.067427594510425
-0.9631651717307722,-1.067427594510425
