mean_pdp,ground_truth_pdp
-0.9407184426950875,-1.067427594510425
-0.9613620091678049,-1.067427594510425
