mean_pdp,ground_truth_pdp
-0.933230302951283,-1.067427594510425
-0.9692178034666454,-1.067427594510425
