mean_pdp,ground_truth_pdp
-0.9374877021307455,-1.067427594510425
-0.9694498071698445,-1.067427594510425
