mean_pdp,ground_truth_pdp
-0.9587411547822833,-1.067427594510425
-0.9785939986515202,-1.067427594510425
