mean_pdp,ground_truth_pdp
-0.9635685773472404,-1.067427594510425
-0.9764287041718672,-1.067427594510425
