mean_pdp,ground_truth_pdp
0.7552274408732912,0.839479861385661
-2.7624935336301433,-2.89280414686354
