mean_pdp,ground_truth_pdp
0.753658602898227,0.839479861385661
-2.767831942792088,-2.89280414686354
