mean_pdp,ground_truth_pdp
0.7827096812431479,0.839479861385661
-2.9114723410351933,-2.89280414686354
