mean_pdp,ground_truth_pdp
0.7703800980679942,0.839479861385661
-2.9044347317424557,-2.89280414686354
