mean_pdp,ground_truth_pdp
0.750760457005922,0.839479861385661
-2.9733055930246084,-2.89280414686354
