mean_pdp,ground_truth_pdp
0.5678981621063045,0.839479861385661
-3.2793458931022172,-2.89280414686354
