mean_pdp,ground_truth_pdp
0.7302111517139992,0.839479861385661
-2.9615762442033797,-2.89280414686354
