mean_pdp,ground_truth_pdp
0.5062502462305364,0.839479861385661
-3.2441578466385312,-2.89280414686354
