mean_pdp,ground_truth_pdp
0.7992506215557906,0.839479861385661
-2.861078923003424,-2.89280414686354
