mean_pdp,ground_truth_pdp
0.8135193552559516,0.839479861385661
-2.85342004650152,-2.89280414686354
