mean_pdp,ground_truth_pdp
-1.3565097550612741,-1.3961275945104252
0.5956325018273745,0.6038724054895747
-2.2492913054215187,-2.3961275945104252
