mean_pdp,ground_truth_pdp
-1.3587135352917883,-1.3961275945104252
0.5896209585321511,0.6038724054895747
-2.251265911410219,-2.3961275945104252
