mean_pdp,ground_truth_pdp
-1.458771444694733,-1.3961275945104252
0.5169724714471833,0.6038724054895747
-2.3954524311879726,-2.3961275945104252
