mean_pdp,ground_truth_pdp
-1.6856601279388963,-1.3961275945104252
0.2563073073195693,0.6038724054895747
-2.6557099600410683,-2.3961275945104252
