mean_pdp,ground_truth_pdp
-1.7140143815491573,-1.3961275945104252
0.259910872552799,0.6038724054895747
-2.663435425883093,-2.3961275945104252
