mean_pdp,ground_truth_pdp
-1.4682228625648197,-1.3961275945104252
0.5181736598582599,0.6038724054895747
-2.3980275864686478,-2.3961275945104252
