mean_pdp,ground_truth_pdp
-1.4339398067840754,-1.3961275945104252
0.5686768398198517,0.6038724054895747
-2.3315237599559824,-2.3961275945104252
