mean_pdp,ground_truth_pdp
-1.4282689560620232,-1.3961275945104252
0.5679561267732058,0.6038724054895747
-2.3299786667875777,-2.3961275945104252
