mean_pdp,ground_truth_pdp
-1.3700291586334883,-1.3961275945104252
0.6097467831199276,0.6038724054895747
-2.30004582790661,-2.3961275945104252
