mean_pdp,ground_truth_pdp
-1.3840676084672607,-1.3961275945104252
0.6018281291910329,0.6038724054895747
-2.3115544199919147,-2.3961275945104252
