mean_pdp,ground_truth_pdp
-1.0367828037562057,-1.067427594510425
-1.0091344020574065,-1.067427594510425
