mean_pdp,ground_truth_pdp
-1.0406778157240462,-1.067427594510425
-1.0120044683704623,-1.067427594510425
