mean_pdp,ground_truth_pdp
-1.0955121678012592,-1.067427594510425
-1.07422897642194,-1.067427594510425
