mean_pdp,ground_truth_pdp
-1.1413440072046326,-1.067427594510425
-1.121884703116934,-1.067427594510425
