mean_pdp,ground_truth_pdp
-1.3989396362905016,-1.067427594510425
-1.3841348056945635,-1.067427594510425
