mean_pdp,ground_truth_pdp
-1.093208568139604,-1.067427594510425
-1.0718433787176116,-1.067427594510425
