mean_pdp,ground_truth_pdp
-1.1451833399740583,-1.067427594510425
-1.1258606992908147,-1.067427594510425
