mean_pdp,ground_truth_pdp
-1.3874216379822246,-1.067427594510425
-1.3722068171729214,-1.067427594510425
