mean_pdp,ground_truth_pdp
-1.065742064739162,-1.067427594510425
-1.0371529703620432,-1.067427594510425
