mean_pdp,ground_truth_pdp
-1.054554786724607,-1.067427594510425
-1.0258624416047804,-1.067427594510425
