mean_pdp,ground_truth_pdp
2.894424498005202,2.6630387565418743
4.61511987141919,4.663038756541875
