mean_pdp,ground_truth_pdp
1.899814042846142,1.6947263466946307
3.611694269186471,3.694726346694631
