mean_pdp,ground_truth_pdp
2.751745160342933,2.6630387565418743
4.637204846327395,4.663038756541875
