mean_pdp,ground_truth_pdp
2.7304256847372903,2.6630387565418743
4.667691789467929,4.663038756541875
