mean_pdp,ground_truth_pdp
1.7702075547360039,1.6947263466946307
3.7134233767027958,3.694726346694631
