mean_pdp,ground_truth_pdp
2.812508507863596,2.6630387565418743
4.642153536483155,4.663038756541875
