mean_pdp,ground_truth_pdp
1.8315537973398295,1.6947263466946307
3.6780867841426175,3.694726346694631
