mean_pdp,ground_truth_pdp
2.8832425584176877,2.668338756541875
2.850314399260533,2.668338756541875
5.511098525908784,5.668338756541874
