mean_pdp,ground_truth_pdp
1.8888847907115454,1.7000263466946308
1.8606894520792294,1.7000263466946308
4.497780924923151,4.70002634669463
