mean_pdp,ground_truth_pdp
1.769547330381395,1.7000263466946308
1.7434953039668062,1.7000263466946308
4.68076335408163,4.70002634669463
