mean_pdp,ground_truth_pdp
2.725123243052091,2.668338756541875
2.7050982894481868,2.668338756541875
5.634808498811383,5.668338756541874
