mean_pdp,ground_truth_pdp
1.8318578696560335,1.7000263466946308
1.7977380178339473,1.7000263466946308
4.610684522835684,4.70002634669463
