mean_pdp,ground_truth_pdp
2.8110133640353374,2.668338756541875
2.775161474656911,2.668338756541875
5.573101145363209,5.668338756541874
