mean_pdp,ground_truth_pdp
2.7734574643959373,2.7113263466946314
2.75093214994936,2.7113263466946314
