mean_pdp,ground_truth_pdp
3.77194977046976,3.6796387565418742
3.7507416837736614,3.6796387565418742
