mean_pdp,ground_truth_pdp
2.7600942628155387,2.7113263466946314
2.7355079006732055,2.7113263466946314
