mean_pdp,ground_truth_pdp
3.716374636748653,3.6796387565418742
3.6914654600943244,3.6796387565418742
