mean_pdp,ground_truth_pdp
3.746837252202609,3.6796387565418742
3.7215897934922415,3.6796387565418742
