mean_pdp,ground_truth_pdp
2.774343654551284,2.7113263466946314
2.7482845730073096,2.7113263466946314
