mean_pdp,ground_truth_pdp
0.8268632452033561,0.839479861385661
-2.475156460487657,-2.89280414686354
