mean_pdp,ground_truth_pdp
0.9373068646397907,0.839479861385661
-2.4441498840350633,-2.89280414686354
