mean_pdp,ground_truth_pdp
0.9438078812981312,0.839479861385661
-2.7531740232163613,-2.89280414686354
