mean_pdp,ground_truth_pdp
0.9358067825481446,0.839479861385661
-2.758116677299921,-2.89280414686354
