mean_pdp,ground_truth_pdp
0.9259479106242031,0.839479861385661
-2.7648523975274992,-2.89280414686354
