mean_pdp,ground_truth_pdp
1.0736794167477537,0.839479861385661
-2.675808580960311,-2.89280414686354
