mean_pdp,ground_truth_pdp
0.9323487896241923,0.839479861385661
-2.760898274260652,-2.89280414686354
