mean_pdp,ground_truth_pdp
0.9429248615459455,0.839479861385661
-2.7047414056812387,-2.89280414686354
