mean_pdp,ground_truth_pdp
0.8920798203407996,0.839479861385661
-2.738402289935152,-2.89280414686354
