mean_pdp,ground_truth_pdp
-1.1030577758076356,-1.3961275945104252
0.6590847417701818,0.6038724054895747
-2.0122324979065946,-2.3961275945104252
