mean_pdp,ground_truth_pdp
-1.0355030441429454,-1.3961275945104252
0.7549181664543452,0.6038724054895747
-1.963440999651261,-2.3961275945104252
