mean_pdp,ground_truth_pdp
-1.2395776251740258,-1.3961275945104252
0.6884576273095462,0.6038724054895747
-2.1715035386464416,-2.3961275945104252
