mean_pdp,ground_truth_pdp
-1.2256241346959933,-1.3961275945104252
0.7123848259165697,0.6038724054895747
-2.1877057385603806,-2.3961275945104252
