mean_pdp,ground_truth_pdp
-1.223865352269216,-1.3961275945104252
0.7101017675966601,0.6038724054895747
-2.212700727714274,-2.3961275945104252
