mean_pdp,ground_truth_pdp
-1.0634473489068703,-1.3961275945104252
0.92016548570139,0.6038724054895747
-2.167331302471614,-2.3961275945104252
