mean_pdp,ground_truth_pdp
-1.119261310819,-1.3961275945104252
0.824456691273296,0.6038724054895747
-2.102522502815858,-2.3961275945104252
