mean_pdp,ground_truth_pdp
-1.235028144651642,-1.3961275945104252
0.6909600087110412,0.6038724054895747
-2.199738967783123,-2.3961275945104252
