mean_pdp,ground_truth_pdp
-1.2236930971749174,-1.3961275945104252
0.6755099797479605,0.6038724054895747
-2.2080256752988197,-2.3961275945104252
