mean_pdp,ground_truth_pdp
-1.178988011295301,-1.3961275945104252
0.7173610510775926,0.6038724054895747
-2.1682659057652818,-2.3961275945104252
