mean_pdp,ground_truth_pdp
-0.7552210238497958,-1.067427594510425
-0.7819914565403646,-1.067427594510425
