mean_pdp,ground_truth_pdp
-0.8267154234824746,-1.067427594510425
-0.8513484922426345,-1.067427594510425
