mean_pdp,ground_truth_pdp
-0.7596277420161266,-1.067427594510425
-0.8239636434448748,-1.067427594510425
