mean_pdp,ground_truth_pdp
-0.9283536791585367,-1.067427594510425
-0.9421424440021798,-1.067427594510425
