mean_pdp,ground_truth_pdp
-0.9064683571554477,-1.067427594510425
-0.9359286228996773,-1.067427594510425
