mean_pdp,ground_truth_pdp
-0.8210054103384232,-1.067427594510425
-0.8205835498744238,-1.067427594510425
