mean_pdp,ground_truth_pdp
-0.9160781454940775,-1.067427594510425
-0.94281846271627,-1.067427594510425
