mean_pdp,ground_truth_pdp
-0.921812774236022,-1.067427594510425
-0.9350835995070645,-1.067427594510425
