mean_pdp,ground_truth_pdp
-0.8851066767179542,-1.067427594510425
-0.9123614243318751,-1.067427594510425
