mean_pdp,ground_truth_pdp
-0.9293280354434589,-1.067427594510425
-0.952338335588353,-1.067427594510425
