mean_pdp,ground_truth_pdp
2.7351144225213857,2.6630387565418743
4.559561947264691,4.663038756541875
