mean_pdp,ground_truth_pdp
1.7869857506846643,1.6947263466946307
3.63336429730914,3.694726346694631
