mean_pdp,ground_truth_pdp
1.7178954997099005,1.6947263466946307
3.6638026992580977,3.694726346694631
