mean_pdp,ground_truth_pdp
2.6423084542826842,2.6630387565418743
4.647190063557519,4.663038756541875
