mean_pdp,ground_truth_pdp
1.6953238850795402,1.6947263466946307
3.6836617035442383,3.694726346694631
