mean_pdp,ground_truth_pdp
2.6829552969440247,2.6630387565418743
4.619137468061914,4.663038756541875
