mean_pdp,ground_truth_pdp
2.744891687404322,2.6630387565418743
4.551857453883034,4.663038756541875
