mean_pdp,ground_truth_pdp
1.8000905146298594,1.6947263466946307
3.627477451470154,3.694726346694631
