mean_pdp,ground_truth_pdp
1.781665101594325,1.7000263466946308
1.7137973901860173,1.7000263466946308
4.603083481396681,4.70002634669463
