mean_pdp,ground_truth_pdp
2.720763392795257,2.668338756541875
2.6600219299668506,2.668338756541875
5.529248355907661,5.668338756541874
