mean_pdp,ground_truth_pdp
2.6836259438132823,2.668338756541875
2.640299105682549,2.668338756541875
5.595579146411752,5.668338756541874
