mean_pdp,ground_truth_pdp
1.688483392545976,1.7000263466946308
1.6348673227175674,1.7000263466946308
4.707260718290502,4.70002634669463
