mean_pdp,ground_truth_pdp
2.6836259438132815,2.668338756541875
2.6402991056825496,2.668338756541875
5.595579146411751,5.668338756541874
