mean_pdp,ground_truth_pdp
1.7193815164035513,1.7000263466946308
1.6606725975141499,1.7000263466946308
4.655740046975006,4.70002634669463
