mean_pdp,ground_truth_pdp
2.643195589200148,2.668338756541875
2.6123731434081847,2.668338756541875
5.6438742193124245,5.668338756541874
