mean_pdp,ground_truth_pdp
1.793108486534711,1.7000263466946308
1.7235780490764228,1.7000263466946308
4.590638202323844,4.70002634669463
