mean_pdp,ground_truth_pdp
2.7274113583972297,2.668338756541875
2.6729752320795197,2.668338756541875
5.511753256647918,5.668338756541874
