mean_pdp,ground_truth_pdp
3.625474324239029,3.6796387565418742
3.676154038642976,3.6796387565418742
