mean_pdp,ground_truth_pdp
2.6913390482356867,2.7113263466946314
2.7363455773794794,2.7113263466946314
