mean_pdp,ground_truth_pdp
3.6331442195372667,3.6796387565418742
3.676629437530193,3.6796387565418742
