mean_pdp,ground_truth_pdp
3.625003909950718,3.6796387565418742
3.6733514910453873,3.6796387565418742
