mean_pdp,ground_truth_pdp
2.6773993503969655,2.7113263466946314
2.709493911353633,2.7113263466946314
