mean_pdp,ground_truth_pdp
2.6773993503969646,2.7113263466946314
2.7094939113536327,2.7113263466946314
