mean_pdp,ground_truth_pdp
2.6754418667966777,2.7113263466946314
2.7109838910705606,2.7113263466946314
