mean_pdp,ground_truth_pdp
3.629370518324959,3.6796387565418742
3.6747558002229965,3.6796387565418742
