mean_pdp,ground_truth_pdp
2.6967366041698972,2.7113263466946314
2.7368081678930545,2.7113263466946314
