mean_pdp,ground_truth_pdp
1.6534902520871508,1.6385627515242238
1.646256492630571,1.6385627515242238
