mean_pdp,ground_truth_pdp
1.6488173337264318,1.6385627515242238
1.6365289572120443,1.6385627515242238
