mean_pdp,ground_truth_pdp
1.6610477256658138,1.6385627515242238
1.59307340301189,1.6385627515242238
