mean_pdp,ground_truth_pdp
1.6484351577655831,1.6385627515242238
1.6081237329503644,1.6385627515242238
