mean_pdp,ground_truth_pdp
1.7189103729038966,1.6385627515242238
1.6216899325584546,1.6385627515242238
