mean_pdp,ground_truth_pdp
1.6303580929581054,1.6385627515242238
1.5951897159309758,1.6385627515242238
