mean_pdp,ground_truth_pdp
1.6427479404274512,1.6385627515242238
1.6098731007277256,1.6385627515242238
