mean_pdp,ground_truth_pdp
1.6321177838371186,1.6385627515242238
1.5967442112373469,1.6385627515242238
