mean_pdp,ground_truth_pdp
1.6200664072987998,1.6385627515242238
1.5881215332244212,1.6385627515242238
