mean_pdp,ground_truth_pdp
1.6649018989123483,1.6385627515242238
1.5531541667650646,1.6385627515242238
