mean_pdp,ground_truth_pdp
1.6203933944241633,1.6385627515242238
1.596093123953222,1.6385627515242238
