mean_pdp,ground_truth_pdp
1.5994771387765434,1.6385627515242238
1.5903481471914582,1.6385627515242238
