mean_pdp,ground_truth_pdp
0.22088793810065527,-0.03853724847577608
1.9168616357557913,1.9614627515242238
2.7848994924010624,2.961462751524224
