mean_pdp,ground_truth_pdp
0.22454729670629367,-0.03853724847577608
1.9223894268194452,1.9614627515242238
2.797295167131485,2.961462751524224
