mean_pdp,ground_truth_pdp
0.08781895386308086,-0.03853724847577608
1.9288567131485919,1.9614627515242238
2.8663623317885913,2.961462751524224
