mean_pdp,ground_truth_pdp
0.10786399398757324,-0.03853724847577608
1.9032515982835176,1.9614627515242238
2.8325388560167384,2.961462751524224
