mean_pdp,ground_truth_pdp
0.06009809441284956,-0.03853724847577608
1.9236870519026448,1.9614627515242238
2.8893848658431245,2.961462751524224
