mean_pdp,ground_truth_pdp
0.07151773451452496,-0.03853724847577608
1.906317898184928,1.9614627515242238
2.8576809145302526,2.961462751524224
