mean_pdp,ground_truth_pdp
0.04424781890206269,-0.03853724847577608
1.93776124596663,1.9614627515242238
2.8936397136731355,2.961462751524224
