mean_pdp,ground_truth_pdp
0.1728015150441684,-0.03853724847577608
1.8779964636728448,1.9614627515242238
2.770432175978991,2.961462751524224
