mean_pdp,ground_truth_pdp
0.09699651442186931,-0.03853724847577608
1.8882257216410752,1.9614627515242238
2.8267512445111795,2.961462751524224
