mean_pdp,ground_truth_pdp
0.2538566679491789,-0.03853724847577608
1.954077529463514,1.9614627515242238
2.800902997182335,2.961462751524224
