mean_pdp,ground_truth_pdp
0.11205105220380543,-0.03853724847577608
1.8931908568377647,1.9614627515242238
2.8178822635957594,2.961462751524224
