mean_pdp,ground_truth_pdp
0.13700183674152788,-0.03853724847577608
1.868012150387389,1.9614627515242238
2.7775338799113474,2.961462751524224
