mean_pdp,ground_truth_pdp
0.7425719451624843,0.6229627515242241
2.5311017038458674,2.622962751524224
