mean_pdp,ground_truth_pdp
0.7414441154456336,0.6229627515242241
2.5179695992071394,2.622962751524224
