mean_pdp,ground_truth_pdp
0.6292291359083508,0.6229627515242241
2.55254211257169,2.622962751524224
