mean_pdp,ground_truth_pdp
0.622566297668077,0.6229627515242241
2.600005932073224,2.622962751524224
