mean_pdp,ground_truth_pdp
0.6793589658130941,0.6229627515242241
2.509384477527665,2.622962751524224
