mean_pdp,ground_truth_pdp
0.6569520791583545,0.6229627515242241
2.571316732493454,2.622962751524224
