mean_pdp,ground_truth_pdp
0.6222399193214252,0.6229627515242241
2.574708293656398,2.622962751524224
