mean_pdp,ground_truth_pdp
0.6523705757996369,0.6229627515242241
2.5502810717963937,2.622962751524224
