mean_pdp,ground_truth_pdp
0.8180133212022686,0.6229627515242241
2.4949547983501215,2.622962751524224
