mean_pdp,ground_truth_pdp
0.6223720137095347,0.6229627515242241
2.599142497547458,2.622962751524224
