mean_pdp,ground_truth_pdp
0.6592968268657596,0.6229627515242241
2.503552150673642,2.622962751524224
