mean_pdp,ground_truth_pdp
0.6557891035218232,0.6229627515242241
2.5332048377285066,2.622962751524224
