mean_pdp,ground_truth_pdp
1.7966424154238867,1.6947263466946307
3.6269752209989914,3.694726346694631
