mean_pdp,ground_truth_pdp
2.7180502819854864,2.6630387565418743
4.556259762546945,4.663038756541875
