mean_pdp,ground_truth_pdp
2.674136582963656,2.6630387565418743
4.627379582892835,4.663038756541875
