mean_pdp,ground_truth_pdp
1.7259355526078177,1.6947263466946307
3.6509534781461235,3.694726346694631
