mean_pdp,ground_truth_pdp
2.7031104671055224,2.6630387565418743
4.562081107575183,4.663038756541875
