mean_pdp,ground_truth_pdp
1.7972518578681296,1.6947263466946307
3.6461221387601706,3.694726346694631
