mean_pdp,ground_truth_pdp
1.7757079030377139,1.7000263466946308
1.7104036940839795,1.7000263466946308
4.615252534393557,4.70002634669463
