mean_pdp,ground_truth_pdp
2.702919032739384,2.668338756541875
2.6403773947919245,2.668338756541875
5.53981251775662,5.668338756541874
