mean_pdp,ground_truth_pdp
1.737048932227087,1.7000263466946308
1.6663611143885255,1.7000263466946308
4.625885036707045,4.70002634669463
