mean_pdp,ground_truth_pdp
2.6912213541475842,2.668338756541875
2.6365729354436085,2.668338756541875
5.591682663175473,5.668338756541874
