mean_pdp,ground_truth_pdp
2.695470289165347,2.668338756541875
2.632733376477462,2.668338756541875
5.536839881383825,5.668338756541874
