mean_pdp,ground_truth_pdp
1.784348488698671,1.7000263466946308
1.7139881445325778,1.7000263466946308
4.631614980548834,4.70002634669463
