mean_pdp,ground_truth_pdp
3.6115829327512694,3.6796387565418742
3.670481465390917,3.6796387565418742
