mean_pdp,ground_truth_pdp
2.691690730256965,2.7113263466946314
2.7390219766997284,2.7113263466946314
