mean_pdp,ground_truth_pdp
2.676781568513806,2.7113263466946314
2.7049008274220965,2.7113263466946314
