mean_pdp,ground_truth_pdp
2.6760666083042692,2.7113263466946314
2.70655498834976,2.7113263466946314
