mean_pdp,ground_truth_pdp
3.6299999535215632,3.6796387565418742
3.679118740469625,3.6796387565418742
