mean_pdp,ground_truth_pdp
3.61112604052924,3.6796387565418742
3.6620018376889076,3.6796387565418742
