mean_pdp,ground_truth_pdp
2.7063407181300336,2.7113263466946314
2.7435156060094252,2.7113263466946314
