mean_pdp,ground_truth_pdp
0.8581652337059752,0.839479861385661
-2.7295743804567074,-2.89280414686354
