mean_pdp,ground_truth_pdp
0.8590389733992045,0.839479861385661
-2.718238857084157,-2.89280414686354
