mean_pdp,ground_truth_pdp
1.1794876276940476,0.839479861385661
-2.5340419767442453,-2.89280414686354
