mean_pdp,ground_truth_pdp
0.9492343019532384,0.839479861385661
-2.736200697132946,-2.89280414686354
