mean_pdp,ground_truth_pdp
1.0710362444818595,0.839479861385661
-2.621006500065122,-2.89280414686354
