mean_pdp,ground_truth_pdp
0.9457974398063287,0.839479861385661
-2.736975429653948,-2.89280414686354
