mean_pdp,ground_truth_pdp
0.9606186940258015,0.839479861385661
-2.7232704674579815,-2.89280414686354
