mean_pdp,ground_truth_pdp
0.9241071631638912,0.839479861385661
-2.7543683343181233,-2.89280414686354
