mean_pdp,ground_truth_pdp
0.9152191990502939,0.839479861385661
-2.733447476711211,-2.89280414686354
