mean_pdp,ground_truth_pdp
0.9023245098370989,0.839479861385661
-2.7630356123914317,-2.89280414686354
