mean_pdp,ground_truth_pdp
-1.226211655117352,-1.3961275945104252
0.6635537669235029,0.6038724054895747
-2.2075162520933653,-2.3961275945104252
