mean_pdp,ground_truth_pdp
-1.2326955712073375,-1.3961275945104252
0.6537973363153686,0.6038724054895747
-2.209836742948244,-2.3961275945104252
