mean_pdp,ground_truth_pdp
-1.0757732790689887,-1.3961275945104252
0.8843119547395779,0.6038724054895747
-2.122097103019832,-2.3961275945104252
