mean_pdp,ground_truth_pdp
-1.2067673947037054,-1.3961275945104252
0.7217612808113444,0.6038724054895747
-2.1879499233442328,-2.3961275945104252
