mean_pdp,ground_truth_pdp
-1.1886574598186603,-1.3961275945104252
0.7316668079226522,0.6038724054895747
-2.212020060136301,-2.3961275945104252
