mean_pdp,ground_truth_pdp
-1.2263744593191404,-1.3961275945104252
0.7063930768905134,0.6038724054895747
-2.210778354565259,-2.3961275945104252
