mean_pdp,ground_truth_pdp
-0.977737955991813,-1.3961275945104252
0.961152974343732,0.6038724054895747
-2.007954946914702,-2.3961275945104252
