mean_pdp,ground_truth_pdp
-1.2282031721583746,-1.3961275945104252
0.6766429206997608,0.6038724054895747
-2.2256541052523113,-2.3961275945104252
