mean_pdp,ground_truth_pdp
-1.203879497266581,-1.3961275945104252
0.7032224123142902,0.6038724054895747
-2.212672212266644,-2.3961275945104252
