mean_pdp,ground_truth_pdp
-0.935542049496448,-1.067427594510425
-0.956323791267418,-1.067427594510425
