mean_pdp,ground_truth_pdp
-0.9447845707929805,-1.067427594510425
-0.9595421586472561,-1.067427594510425
