mean_pdp,ground_truth_pdp
-0.9002261022733659,-1.067427594510425
-0.8996978188070258,-1.067427594510425
