mean_pdp,ground_truth_pdp
-0.9110843415884119,-1.067427594510425
-0.9138338194421489,-1.067427594510425
