mean_pdp,ground_truth_pdp
-0.6995024357150244,-1.067427594510425
-0.6948599780034042,-1.067427594510425
