mean_pdp,ground_truth_pdp
-0.7435619857804185,-1.067427594510425
-0.8429804444421266,-1.067427594510425
