mean_pdp,ground_truth_pdp
-0.9198962516014906,-1.067427594510425
-0.9434579127298935,-1.067427594510425
