mean_pdp,ground_truth_pdp
-0.8954804722754669,-1.067427594510425
-0.9282872057366269,-1.067427594510425
