mean_pdp,ground_truth_pdp
-0.9400719507737693,-1.067427594510425
-0.9555284325381842,-1.067427594510425
