mean_pdp,ground_truth_pdp
-0.9130784574504677,-1.067427594510425
-0.9396036350760558,-1.067427594510425
