mean_pdp,ground_truth_pdp
0.7489380752228307,0.839479861385661
-2.6818306446931297,-2.89280414686354
