mean_pdp,ground_truth_pdp
0.7450126072930725,0.839479861385661
-2.7222548188140907,-2.89280414686354
