mean_pdp,ground_truth_pdp
0.8037865985783592,0.839479861385661
-2.755320381444675,-2.89280414686354
