mean_pdp,ground_truth_pdp
0.8243852157615328,0.839479861385661
-2.767677281371117,-2.89280414686354
