mean_pdp,ground_truth_pdp
0.8264611861289402,0.839479861385661
-2.7803954450113517,-2.89280414686354
