mean_pdp,ground_truth_pdp
0.8704922725659419,0.839479861385661
-2.649058015473344,-2.89280414686354
