mean_pdp,ground_truth_pdp
0.788097803833247,0.839479861385661
-2.5996304157675767,-2.89280414686354
