mean_pdp,ground_truth_pdp
0.809982292382401,0.839479861385661
-2.770509925070198,-2.89280414686354
