mean_pdp,ground_truth_pdp
0.794436828473248,0.839479861385661
-2.7719842837928113,-2.89280414686354
