mean_pdp,ground_truth_pdp
0.7984353355805829,0.839479861385661
-2.705412667464977,-2.89280414686354
