mean_pdp,ground_truth_pdp
-1.2840822868276225,-1.3961275945104252
0.5313325814877131,0.6038724054895747
-2.2137322302703435,-2.3961275945104252
