mean_pdp,ground_truth_pdp
-1.2627973557510044,-1.3961275945104252
0.5386905037904401,0.6038724054895747
-2.1765421836068386,-2.3961275945104252
