mean_pdp,ground_truth_pdp
-1.0950486195486773,-1.3961275945104252
0.5886159192130663,0.6038724054895747
-2.1664491356618147,-2.3961275945104252
