mean_pdp,ground_truth_pdp
-1.0778572336087267,-1.3961275945104252
0.6157251604580156,0.6038724054895747
-2.2578078267138366,-2.3961275945104252
