mean_pdp,ground_truth_pdp
-1.273128350639176,-1.3961275945104252
0.5519250810290911,0.6038724054895747
-2.199720771904645,-2.3961275945104252
