mean_pdp,ground_truth_pdp
-1.2712913811723088,-1.3961275945104252
0.5640887065479359,0.6038724054895747
-2.222917231514125,-2.3961275945104252
