mean_pdp,ground_truth_pdp
-1.2678531039843186,-1.3961275945104252
0.5695105547969257,0.6038724054895747
-2.2411889697245293,-2.3961275945104252
