mean_pdp,ground_truth_pdp
-1.2688305041541883,-1.3961275945104252
0.5587023913403284,0.6038724054895747
-2.222560444667651,-2.3961275945104252
