mean_pdp,ground_truth_pdp
-1.2472019896806485,-1.3961275945104252
0.5633864140889917,0.6038724054895747
-2.178220794841478,-2.3961275945104252
