mean_pdp,ground_truth_pdp
-1.280920670182299,-1.3961275945104252
0.5526495832321268,0.6038724054895747
-2.238513185212612,-2.3961275945104252
