mean_pdp,ground_truth_pdp
-1.0286962704609695,-1.067427594510425
-0.9920562510321238,-1.067427594510425
