mean_pdp,ground_truth_pdp
-1.0076121134065956,-1.067427594510425
-0.9686364890544527,-1.067427594510425
