mean_pdp,ground_truth_pdp
-0.88567740417681,-1.067427594510425
-0.9330633400625993,-1.067427594510425
