mean_pdp,ground_truth_pdp
-0.997568967448128,-1.067427594510425
-0.9978258917848752,-1.067427594510425
