mean_pdp,ground_truth_pdp
-1.0071104831295017,-1.067427594510425
-0.9926963178078875,-1.067427594510425
