mean_pdp,ground_truth_pdp
-1.0092797336015766,-1.067427594510425
-0.9845388090426234,-1.067427594510425
