mean_pdp,ground_truth_pdp
-1.0002805305382219,-1.067427594510425
-0.9876290058282948,-1.067427594510425
