mean_pdp,ground_truth_pdp
-0.874831151816435,-1.067427594510425
-0.9738508838889207,-1.067427594510425
