mean_pdp,ground_truth_pdp
-1.022578997787658,-1.067427594510425
-0.9977286722534067,-1.067427594510425
