mean_pdp,ground_truth_pdp
-0.9893140785044867,-1.067427594510425
-0.9602121226879624,-1.067427594510425
