mean_pdp,ground_truth_pdp
2.71861125222044,2.6630387565418743
4.590653702333412,4.663038756541875
