mean_pdp,ground_truth_pdp
1.7669857891374705,1.6947263466946307
3.629472596646419,3.694726346694631
