mean_pdp,ground_truth_pdp
1.7356124922858758,1.6947263466946307
3.646184558909428,3.694726346694631
