mean_pdp,ground_truth_pdp
2.674942348478688,2.6630387565418743
4.6281298619429325,4.663038756541875
