mean_pdp,ground_truth_pdp
2.6749423484786874,2.6630387565418743
4.628129861942931,4.663038756541875
