mean_pdp,ground_truth_pdp
2.7118219833620465,2.6630387565418743
4.597979920797261,4.663038756541875
