mean_pdp,ground_truth_pdp
1.7600295988133945,1.6947263466946307
3.6377003153108727,3.694726346694631
