mean_pdp,ground_truth_pdp
1.7545463387716196,1.7000263466946308
1.6977134964084557,1.7000263466946308
4.608495126622262,4.70002634669463
