mean_pdp,ground_truth_pdp
2.713811664500663,2.668338756541875
2.6502962132890104,2.668338756541875
5.567689331627841,5.668338756541874
