mean_pdp,ground_truth_pdp
1.7322672635894787,1.7000263466946308
1.6723743959617732,1.7000263466946308
4.632764818798654,4.70002634669463
