mean_pdp,ground_truth_pdp
2.6864022196769057,2.668338756541875
2.636556178686017,2.668338756541875
5.598998836297016,5.668338756541874
