mean_pdp,ground_truth_pdp
2.7144276860143686,2.668338756541875
2.652565953514804,2.668338756541875
5.565516267521132,5.668338756541874
