mean_pdp,ground_truth_pdp
1.7544343178912536,1.7000263466946308
1.6952015766175712,1.7000263466946308
4.6131764137752045,4.70002634669463
