mean_pdp,ground_truth_pdp
2.6771862639664517,2.7113263466946314
2.7255872957171423,2.7113263466946314
