mean_pdp,ground_truth_pdp
3.632885636702201,3.6796387565418742
3.6827634835959757,3.6796387565418742
