mean_pdp,ground_truth_pdp
3.632781559173695,3.6796387565418742
3.6787610634671104,3.6796387565418742
