mean_pdp,ground_truth_pdp
3.631742862476121,3.6796387565418742
3.677421443192421,3.6796387565418742
