mean_pdp,ground_truth_pdp
2.675453677754315,2.7113263466946314
2.712966878394494,2.7113263466946314
