mean_pdp,ground_truth_pdp
3.6367494165206056,3.6796387565418742
3.6806621710928553,3.6796387565418742
