mean_pdp,ground_truth_pdp
2.682635696385193,2.7113263466946314
2.7227216494427804,2.7113263466946314
