mean_pdp,ground_truth_pdp
1.8531198112583744,1.6947263466946307
3.5567484882206553,3.694726346694631
