mean_pdp,ground_truth_pdp
2.82437313602026,2.6630387565418743
4.524768690618102,4.663038756541875
