mean_pdp,ground_truth_pdp
2.6676857811563357,2.6630387565418743
4.650353453229032,4.663038756541875
