mean_pdp,ground_truth_pdp
1.6982975119046253,1.6947263466946307
3.685274608064208,3.694726346694631
