mean_pdp,ground_truth_pdp
2.679335840354076,2.6630387565418743
4.618138356198558,4.663038756541875
