mean_pdp,ground_truth_pdp
1.7223436204512665,1.6947263466946307
3.6677804509984164,3.694726346694631
