mean_pdp,ground_truth_pdp
2.7571893730641137,2.6630387565418743
4.492699629735884,4.663038756541875
