mean_pdp,ground_truth_pdp
1.7959522403462689,1.6947263466946307
3.556367680982601,3.694726346694631
