mean_pdp,ground_truth_pdp
2.81514225007516,2.668338756541875
2.7495294286329264,2.668338756541875
5.4323904611720035,5.668338756541874
