mean_pdp,ground_truth_pdp
1.845404148381143,1.7000263466946308
1.7813415373853019,1.7000263466946308
4.45740671157468,4.70002634669463
