mean_pdp,ground_truth_pdp
2.6788190454054708,2.668338756541875
2.6186321744706795,2.668338756541875
5.647541915318505,5.668338756541874
