mean_pdp,ground_truth_pdp
1.7259906615515694,1.7000263466946308
1.6644692310261258,1.7000263466946308
4.658021945204436,4.70002634669463
