mean_pdp,ground_truth_pdp
2.6868427221416695,2.668338756541875
2.633191681344953,2.668338756541875
5.59324694176789,5.668338756541874
