mean_pdp,ground_truth_pdp
1.6926649695535319,1.7000263466946308
1.6376966627823353,1.7000263466946308
4.7072479107988086,4.70002634669463
