mean_pdp,ground_truth_pdp
1.7969889773106156,1.7000263466946308
1.7267249591757472,1.7000263466946308
4.472764922410323,4.70002634669463
