mean_pdp,ground_truth_pdp
2.754009676896065,2.668338756541875
2.687500312352829,2.668338756541875
5.4030582822003606,5.668338756541874
