mean_pdp,ground_truth_pdp
2.688939200568561,2.7113263466946314
2.728068539243936,2.7113263466946314
