mean_pdp,ground_truth_pdp
3.6595110942382494,3.6796387565418742
3.6973466376037782,3.6796387565418742
