mean_pdp,ground_truth_pdp
3.632561378690292,3.6796387565418742
3.6726868015508685,3.6796387565418742
