mean_pdp,ground_truth_pdp
2.68094073923087,2.7113263466946314
2.7144066937525566,2.7113263466946314
