mean_pdp,ground_truth_pdp
3.6394251928022388,3.6796387565418742
3.6878136518799116,3.6796387565418742
