mean_pdp,ground_truth_pdp
3.6325613786902924,3.6796387565418742
3.6726868015508676,3.6796387565418742
