mean_pdp,ground_truth_pdp
2.6777295078604664,2.7113263466946314
2.7132754557242102,2.7113263466946314
