mean_pdp,ground_truth_pdp
2.6635186047519395,2.7113263466946314
2.6957922445518614,2.7113263466946314
