mean_pdp,ground_truth_pdp
3.614001805261117,3.6796387565418742
3.6439260168686474,3.6796387565418742
