mean_pdp,ground_truth_pdp
1.7541230029104942,1.6385627515242238
1.7393682113551936,1.6385627515242238
