mean_pdp,ground_truth_pdp
1.7317464195150851,1.6385627515242238
1.7168266983737124,1.6385627515242238
