mean_pdp,ground_truth_pdp
1.6584365771021112,1.6385627515242238
1.6240794901071693,1.6385627515242238
