mean_pdp,ground_truth_pdp
1.8019536635716031,1.6385627515242238
1.668439269438017,1.6385627515242238
