mean_pdp,ground_truth_pdp
1.6865527851326454,1.6385627515242238
1.641966215000917,1.6385627515242238
