mean_pdp,ground_truth_pdp
1.655361698311558,1.6385627515242238
1.6285001404386794,1.6385627515242238
