mean_pdp,ground_truth_pdp
1.662688882665648,1.6385627515242238
1.6250359742429952,1.6385627515242238
