mean_pdp,ground_truth_pdp
1.7861067654775957,1.6385627515242238
1.7071109915058693,1.6385627515242238
