mean_pdp,ground_truth_pdp
1.6994441316849205,1.6385627515242238
1.6448524177669084,1.6385627515242238
