mean_pdp,ground_truth_pdp
1.6860943574882608,1.6385627515242238
1.6489972778920405,1.6385627515242238
