mean_pdp,ground_truth_pdp
0.2585264420659258,-0.03853724847577608
2.05993098057595,1.9614627515242238
2.9150508256283323,2.961462751524224
