mean_pdp,ground_truth_pdp
0.24335865963511757,-0.03853724847577608
2.0359550001788884,1.9614627515242238
2.8866515320968524,2.961462751524224
