mean_pdp,ground_truth_pdp
0.18792025741615678,-0.03853724847577608
2.0447700739475416,1.9614627515242238
2.962593261354381,2.961462751524224
