mean_pdp,ground_truth_pdp
-0.08510360559794643,-0.03853724847577608
1.9954604564595269,1.9614627515242238
3.001728668338767,2.961462751524224
