mean_pdp,ground_truth_pdp
0.042148619107001024,-0.03853724847577608
1.974737279343266,1.9614627515242238
2.9056281900990384,2.961462751524224
