mean_pdp,ground_truth_pdp
-0.02920973604759987,-0.03853724847577608
2.0134903070247163,1.9614627515242238
2.996461909514404,2.961462751524224
