mean_pdp,ground_truth_pdp
0.1626693778520003,-0.03853724847577608
2.069050093111585,1.9614627515242238
2.9993825132514766,2.961462751524224
