mean_pdp,ground_truth_pdp
0.028624494254583844,-0.03853724847577608
1.9757789741097416,1.9614627515242238
2.9126375252192815,2.961462751524224
