mean_pdp,ground_truth_pdp
-0.019250528420118596,-0.03853724847577608
2.01826530476848,1.9614627515242238
3.0060947516683436,2.961462751524224
