mean_pdp,ground_truth_pdp
-0.04938337558195079,-0.03853724847577608
2.019223896115802,1.9614627515242238
3.0219845082503918,2.961462751524224
