mean_pdp,ground_truth_pdp
0.8210528641084709,0.6229627515242241
2.5967726063281322,2.622962751524224
