mean_pdp,ground_truth_pdp
0.8393837860784723,0.6229627515242241
2.6233702409312065,2.622962751524224
