mean_pdp,ground_truth_pdp
0.6417262008772235,0.6229627515242241
2.6093812277945414,2.622962751524224
