mean_pdp,ground_truth_pdp
0.5823499114900729,0.6229627515242241
2.664784782327263,2.622962751524224
