mean_pdp,ground_truth_pdp
0.6547517748517024,0.6229627515242241
2.6003920864005665,2.622962751524224
