mean_pdp,ground_truth_pdp
0.6268461331502266,0.6229627515242241
2.6666985086243638,2.622962751524224
