mean_pdp,ground_truth_pdp
0.7771955609740747,0.6229627515242241
2.662170800644703,2.622962751524224
