mean_pdp,ground_truth_pdp
0.7435383387873555,0.6229627515242241
2.718019375305652,2.622962751524224
