mean_pdp,ground_truth_pdp
0.6366374831694568,0.6229627515242241
2.6735622930967,2.622962751524224
