mean_pdp,ground_truth_pdp
0.6104944720907727,0.6229627515242241
2.6901375288560305,2.622962751524224
