mean_pdp,ground_truth_pdp
1.8094028030382088,1.6947263466946307
3.673510366124185,3.694726346694631
