mean_pdp,ground_truth_pdp
2.766197399057804,2.6630387565418743
4.626912060229161,4.663038756541875
