mean_pdp,ground_truth_pdp
1.7753328759555387,1.6947263466946307
3.7107739958697636,3.694726346694631
