mean_pdp,ground_truth_pdp
2.7405833888558915,2.6630387565418743
4.682562004961388,4.663038756541875
