mean_pdp,ground_truth_pdp
2.754494653524037,2.6630387565418743
4.647912104235401,4.663038756541875
