mean_pdp,ground_truth_pdp
1.7941824285508592,1.6947263466946307
3.6981011792547744,3.694726346694631
