mean_pdp,ground_truth_pdp
1.7975089586948823,1.7000263466946308
1.7658709326688073,1.7000263466946308
4.640063210786875,4.70002634669463
