mean_pdp,ground_truth_pdp
2.756930588084255,2.668338756541875
2.723863299811142,2.668338756541875
5.5898079286740945,5.668338756541874
