mean_pdp,ground_truth_pdp
2.742429295992755,2.668338756541875
2.7156502851663142,2.668338756541875
5.6445572452190405,5.668338756541874
