mean_pdp,ground_truth_pdp
2.7424292959927548,2.668338756541875
2.7156502851663147,2.668338756541875
5.64455724521904,5.668338756541874
