mean_pdp,ground_truth_pdp
1.7813470875900113,1.7000263466946308
1.7519244808914078,1.7000263466946308
4.664419610273512,4.70002634669463
