mean_pdp,ground_truth_pdp
2.7476005423105927,2.668338756541875
2.7303106419858683,2.668338756541875
5.575049702922413,5.668338756541874
