mean_pdp,ground_truth_pdp
2.753230469285555,2.668338756541875
2.7188007153756324,2.668338756541875
5.609725453627351,5.668338756541874
