mean_pdp,ground_truth_pdp
1.7939736852558354,1.7000263466946308
1.7616935618163452,1.7000263466946308
4.658145157491352,4.70002634669463
