mean_pdp,ground_truth_pdp
2.7581760134177324,2.7113263466946314
2.7388954496544007,2.7113263466946314
