mean_pdp,ground_truth_pdp
3.714100465132199,3.6796387565418742
3.6939544096345953,3.6796387565418742
