mean_pdp,ground_truth_pdp
2.7593679353582017,2.7113263466946314
2.7385593006855165,2.7113263466946314
