mean_pdp,ground_truth_pdp
3.732332607207989,3.6796387565418742
3.7009106101335036,3.6796387565418742
