mean_pdp,ground_truth_pdp
3.7323326072079888,3.6796387565418742
3.7009106101335036,3.6796387565418742
