mean_pdp,ground_truth_pdp
2.764232531832871,2.7113263466946314
2.7412132292103935,2.7113263466946314
