mean_pdp,ground_truth_pdp
3.7195307687581245,3.6796387565418742
3.697570807563751,3.6796387565418742
