mean_pdp,ground_truth_pdp
1.6939836385597526,1.6385627515242238
1.6645107306688345,1.6385627515242238
