mean_pdp,ground_truth_pdp
1.6862352483775416,1.6385627515242238
1.662336827997438,1.6385627515242238
