mean_pdp,ground_truth_pdp
1.7471318552330928,1.6385627515242238
1.771663105991058,1.6385627515242238
