mean_pdp,ground_truth_pdp
1.8949647180796538,1.6385627515242238
2.011839443003609,1.6385627515242238
