mean_pdp,ground_truth_pdp
1.7098278308765429,1.6385627515242238
1.7111085636312962,1.6385627515242238
