mean_pdp,ground_truth_pdp
1.7258254282790546,1.6385627515242238
1.7003604282887228,1.6385627515242238
