mean_pdp,ground_truth_pdp
1.974952705092212,1.6385627515242238
1.9580987662907428,1.6385627515242238
