mean_pdp,ground_truth_pdp
1.773794517570612,1.6385627515242238
1.753749547086769,1.6385627515242238
