mean_pdp,ground_truth_pdp
1.7268350622287014,1.6385627515242238
1.6960923210380452,1.6385627515242238
