mean_pdp,ground_truth_pdp
1.7154347446096945,1.6385627515242238
1.697910218674782,1.6385627515242238
