mean_pdp,ground_truth_pdp
0.1266568290587268,-0.03853724847577608
2.012151232650985,1.9614627515242238
2.9049612355480687,2.961462751524224
