mean_pdp,ground_truth_pdp
0.12173427423288229,-0.03853724847577608
2.0057875353626438,1.9614627515242238
2.9013959235489333,2.961462751524224
