mean_pdp,ground_truth_pdp
0.4214405477666539,-0.03853724847577608
2.310846812736914,1.9614627515242238
3.139220891881313,2.961462751524224
