mean_pdp,ground_truth_pdp
0.18411793163480863,-0.03853724847577608
2.103493125233617,1.9614627515242238
2.996961463617566,2.961462751524224
