mean_pdp,ground_truth_pdp
0.4253829922177365,-0.03853724847577608
2.241371225491631,1.9614627515242238
3.2389469887042743,2.961462751524224
