mean_pdp,ground_truth_pdp
0.18543207978516954,-0.03853724847577608
2.080334596151856,1.9614627515242238
3.030203495891886,2.961462751524224
