mean_pdp,ground_truth_pdp
0.18527100666317897,-0.03853724847577608
2.037149718484483,1.9614627515242238
2.9121995503398823,2.961462751524224
