mean_pdp,ground_truth_pdp
0.18605949555339552,-0.03853724847577608
2.0232546010354264,1.9614627515242238
2.9321447697044745,2.961462751524224
