mean_pdp,ground_truth_pdp
0.127381449563103,-0.03853724847577608
2.0314629113278633,1.9614627515242238
2.9617042305327783,2.961462751524224
