mean_pdp,ground_truth_pdp
0.13590170245777222,-0.03853724847577608
2.0395919845482635,1.9614627515242238
2.959768244001327,2.961462751524224
