mean_pdp,ground_truth_pdp
0.7286386401560216,0.6229627515242241
2.594552306331174,2.622962751524224
