mean_pdp,ground_truth_pdp
0.7324564809154418,0.6229627515242241
2.600612181886637,2.622962751524224
