mean_pdp,ground_truth_pdp
0.8004956054644454,0.6229627515242241
2.6909138313361534,2.622962751524224
