mean_pdp,ground_truth_pdp
0.7732749965348988,0.6229627515242241
2.6221561914623486,2.622962751524224
