mean_pdp,ground_truth_pdp
1.0050436188911085,0.6229627515242241
2.89901749664273,2.622962751524224
