mean_pdp,ground_truth_pdp
0.7921571797840433,0.6229627515242241
2.706758387519036,2.622962751524224
