mean_pdp,ground_truth_pdp
0.7682719411266576,0.6229627515242241
2.6316629251720784,2.622962751524224
