mean_pdp,ground_truth_pdp
1.0300588959323147,0.6229627515242241
2.851483828094081,2.622962751524224
