mean_pdp,ground_truth_pdp
0.7532351992804266,0.6229627515242241
2.641446130318007,2.622962751524224
