mean_pdp,ground_truth_pdp
0.7475483320218671,0.6229627515242241
2.637494380672518,2.622962751524224
