mean_pdp,ground_truth_pdp
1.6357815768693462,1.6385627515242238
1.6301704836778892,1.6385627515242238
