mean_pdp,ground_truth_pdp
1.6359556605470111,1.6385627515242238
1.6272992484484132,1.6385627515242238
