mean_pdp,ground_truth_pdp
1.6262945041992025,1.6385627515242238
1.6030122533684033,1.6385627515242238
