mean_pdp,ground_truth_pdp
1.6314957249407431,1.6385627515242238
1.60418723585317,1.6385627515242238
