mean_pdp,ground_truth_pdp
1.6269167327187002,1.6385627515242238
1.6271702447609624,1.6385627515242238
