mean_pdp,ground_truth_pdp
0.016557797916046887,-0.03853724847577608
1.9776156634100608,1.9614627515242238
2.8970628081745975,2.961462751524224
