mean_pdp,ground_truth_pdp
0.036718448030306355,-0.03853724847577608
1.9451649892967044,1.9614627515242238
2.8643316861076347,2.961462751524224
