mean_pdp,ground_truth_pdp
-0.046566638394871476,-0.03853724847577608
1.9738120037550155,1.9614627515242238
2.9514935220162446,2.961462751524224
