mean_pdp,ground_truth_pdp
0.03177184776208925,-0.03853724847577608
1.9411541350705623,1.9614627515242238
2.863536601239703,2.961462751524224
