mean_pdp,ground_truth_pdp
-0.04385400605854475,-0.03853724847577608
1.9717643884059746,1.9614627515242238
2.941899273393789,2.961462751524224
