mean_pdp,ground_truth_pdp
0.647641873910446,0.6229627515242241
2.5840826269993578,2.622962751524224
