mean_pdp,ground_truth_pdp
0.648550137661222,0.6229627515242241
2.580506110142751,2.622962751524224
