mean_pdp,ground_truth_pdp
0.6391244871988826,0.6229627515242241
2.5591055836955103,2.622962751524224
