mean_pdp,ground_truth_pdp
0.6418382155613596,0.6229627515242241
2.5627108388217144,2.622962751524224
