mean_pdp,ground_truth_pdp
1.7381584131031205,1.6385627515242238
1.7192859720526432,1.6385627515242238
