mean_pdp,ground_truth_pdp
1.748845632835621,1.6385627515242238
1.720007780266346,1.6385627515242238
