mean_pdp,ground_truth_pdp
1.6630990272604613,1.6385627515242238
1.7808395803728847,1.6385627515242238
