mean_pdp,ground_truth_pdp
1.7439387001874767,1.6385627515242238
1.6987289852183547,1.6385627515242238
