mean_pdp,ground_truth_pdp
1.8853852529428055,1.6385627515242238
1.7930370806854983,1.6385627515242238
