mean_pdp,ground_truth_pdp
1.7079119378491732,1.6385627515242238
1.6673480911676737,1.6385627515242238
