mean_pdp,ground_truth_pdp
1.6634546927127043,1.6385627515242238
1.664908591105151,1.6385627515242238
