mean_pdp,ground_truth_pdp
1.6698432916266952,1.6385627515242238
1.6946631517808164,1.6385627515242238
