mean_pdp,ground_truth_pdp
1.6817884768213418,1.6385627515242238
1.6632180476168992,1.6385627515242238
