mean_pdp,ground_truth_pdp
1.7179526496622535,1.6385627515242238
1.6775310837202893,1.6385627515242238
