mean_pdp,ground_truth_pdp
0.28011695831251016,-0.03853724847577608
2.0398401789475167,1.9614627515242238
2.8881617202976697,2.961462751524224
