mean_pdp,ground_truth_pdp
0.2835028800487789,-0.03853724847577608
2.034237690500413,1.9614627515242238
2.87362285996445,2.961462751524224
