mean_pdp,ground_truth_pdp
0.10786939422792091,-0.03853724847577608
2.055409945601237,1.9614627515242238
3.0033990139807236,2.961462751524224
