mean_pdp,ground_truth_pdp
0.13540341677288498,-0.03853724847577608
1.9824199510322,1.9614627515242238
2.8759902180086794,2.961462751524224
