mean_pdp,ground_truth_pdp
0.13952188421904632,-0.03853724847577608
2.008299810705055,1.9614627515242238
2.9160620805577766,2.961462751524224
