mean_pdp,ground_truth_pdp
0.10100528181765196,-0.03853724847577608
2.012276846146479,1.9614627515242238
2.9366125763988933,2.961462751524224
