mean_pdp,ground_truth_pdp
0.1721025983151838,-0.03853724847577608
2.037197975475499,1.9614627515242238
2.958174230225297,2.961462751524224
