mean_pdp,ground_truth_pdp
0.19269493554599065,-0.03853724847577608
2.166597273839773,1.9614627515242238
3.158533542970785,2.961462751524224
