mean_pdp,ground_truth_pdp
0.1098111207234628,-0.03853724847577608
1.9988201190421435,1.9614627515242238
2.9118276647765096,2.961462751524224
