mean_pdp,ground_truth_pdp
0.10750570630594077,-0.03853724847577608
2.0246496789648476,1.9614627515242238
2.9633152266939655,2.961462751524224
