mean_pdp,ground_truth_pdp
0.8516973191931716,0.6229627515242241
2.5937507823982746,2.622962751524224
