mean_pdp,ground_truth_pdp
0.8488298695291164,0.6229627515242241
2.5853579966913447,2.622962751524224
