mean_pdp,ground_truth_pdp
0.7412393428645055,0.6229627515242241
2.607786370392258,2.622962751524224
