mean_pdp,ground_truth_pdp
0.7471028493471232,0.6229627515242241
2.6669641295526687,2.622962751524224
