mean_pdp,ground_truth_pdp
0.8598021061573489,0.6229627515242241
2.5595820824898254,2.622962751524224
