mean_pdp,ground_truth_pdp
0.7437433422061236,0.6229627515242241
2.593613249468068,2.622962751524224
