mean_pdp,ground_truth_pdp
0.7392236385799057,0.6229627515242241
2.563775842341498,2.622962751524224
