mean_pdp,ground_truth_pdp
0.8698806275803483,0.6229627515242241
2.779634722743627,2.622962751524224
