mean_pdp,ground_truth_pdp
0.7347554212605066,0.6229627515242241
2.63322535371371,2.622962751524224
