mean_pdp,ground_truth_pdp
0.7245989864585528,0.6229627515242241
2.5933695581931984,2.622962751524224
