mean_pdp,ground_truth_pdp
1.620887634426756,1.6385627515242238
1.6202069552798388,1.6385627515242238
