mean_pdp,ground_truth_pdp
1.621210140878108,1.6385627515242238
1.621579906817162,1.6385627515242238
