mean_pdp,ground_truth_pdp
1.6192353562101622,1.6385627515242238
1.5974137333204936,1.6385627515242238
