mean_pdp,ground_truth_pdp
1.628758364552803,1.6385627515242238
1.6123175628418864,1.6385627515242238
