mean_pdp,ground_truth_pdp
1.6308977447026012,1.6385627515242238
1.629660908427243,1.6385627515242238
