mean_pdp,ground_truth_pdp
1.6255031367617283,1.6385627515242238
1.6268908487899472,1.6385627515242238
