mean_pdp,ground_truth_pdp
-0.01740958160081796,-0.03853724847577608
1.9680574107168702,1.9614627515242238
2.905557801321578,2.961462751524224
