mean_pdp,ground_truth_pdp
-0.01853933183851087,-0.03853724847577608
1.9673422373618468,1.9614627515242238
2.904904375390881,2.961462751524224
