mean_pdp,ground_truth_pdp
0.03779387729913311,-0.03853724847577608
1.948419233781302,1.9614627515242238
2.867083754375965,2.961462751524224
