mean_pdp,ground_truth_pdp
0.027462633473485272,-0.03853724847577608
1.9366129119151154,1.9614627515242238
2.852297964939174,2.961462751524224
