mean_pdp,ground_truth_pdp
-0.04499325233931373,-0.03853724847577608
1.97520169744566,1.9614627515242238
2.9476856373627953,2.961462751524224
