mean_pdp,ground_truth_pdp
-0.04194485093153796,-0.03853724847577608
1.9696045361201513,1.9614627515242238
2.938820176399285,2.961462751524224
