mean_pdp,ground_truth_pdp
0.6229466160611331,0.6229627515242241
2.5849576821666598,2.622962751524224
