mean_pdp,ground_truth_pdp
0.6221884106176911,0.6229627515242241
2.584003956591668,2.622962751524224
