mean_pdp,ground_truth_pdp
0.6286000431224391,0.6229627515242241
2.555618058331586,2.622962751524224
