mean_pdp,ground_truth_pdp
0.6087974918235957,0.6229627515242241
2.616240579881927,2.622962751524224
