mean_pdp,ground_truth_pdp
0.6429254779055263,0.6229627515242241
2.5658537766858385,2.622962751524224
