mean_pdp,ground_truth_pdp
0.6107425010351538,0.6229627515242241
2.604927917216257,2.622962751524224
