mean_pdp,ground_truth_pdp
0.933640302979189,0.839479861385661
-2.575597962325102,-2.89280414686354
