mean_pdp,ground_truth_pdp
0.9263191340331441,0.839479861385661
-2.58327666463928,-2.89280414686354
