mean_pdp,ground_truth_pdp
0.8929808085267301,0.839479861385661
-2.749985159980348,-2.89280414686354
