mean_pdp,ground_truth_pdp
0.8576569841193487,0.839479861385661
-2.8321281064049812,-2.89280414686354
