mean_pdp,ground_truth_pdp
0.8829652871721038,0.839479861385661
-2.771370874777237,-2.89280414686354
