mean_pdp,ground_truth_pdp
0.8812397032682205,0.839479861385661
-2.76624641711791,-2.89280414686354
