mean_pdp,ground_truth_pdp
0.9140822326268145,0.839479861385661
-2.7845571840474896,-2.89280414686354
