mean_pdp,ground_truth_pdp
0.8907926906777766,0.839479861385661
-2.760530036685529,-2.89280414686354
