mean_pdp,ground_truth_pdp
0.875775923163803,0.839479861385661
-2.774415600322747,-2.89280414686354
