mean_pdp,ground_truth_pdp
0.8877202984999047,0.839479861385661
-2.7717166290101853,-2.89280414686354
