mean_pdp,ground_truth_pdp
-1.1161291757914855,-1.3961275945104252
0.725186079826703,0.6038724054895747
-2.060426217523355,-2.3961275945104252
