mean_pdp,ground_truth_pdp
-1.1256697599681464,-1.3961275945104252
0.7164032159614219,0.6038724054895747
-2.064933924454971,-2.3961275945104252
