mean_pdp,ground_truth_pdp
-1.2154933842111613,-1.3961275945104252
0.67374271751964,0.6038724054895747
-2.2327812000788674,-2.3961275945104252
