mean_pdp,ground_truth_pdp
-1.2229098793858988,-1.3961275945104252
0.699231242255635,0.6038724054895747
-2.2738583773318815,-2.3961275945104252
