mean_pdp,ground_truth_pdp
-1.2379789089973945,-1.3961275945104252
0.6719893051271951,0.6038724054895747
-2.224826065455477,-2.3961275945104252
