mean_pdp,ground_truth_pdp
-1.2846158225959547,-1.3961275945104252
0.6411598227973142,0.6038724054895747
-2.311329893692845,-2.3961275945104252
