mean_pdp,ground_truth_pdp
-1.250847765350043,-1.3961275945104252
0.6550813280051707,0.6038724054895747
-2.2238004594896905,-2.3961275945104252
