mean_pdp,ground_truth_pdp
-1.234796668740134,-1.3961275945104252
0.6483807518366036,0.6038724054895747
-2.2312427911301884,-2.3961275945104252
