mean_pdp,ground_truth_pdp
-1.246691560954898,-1.3961275945104252
0.6519495562944749,0.6038724054895747
-2.242996790729865,-2.3961275945104252
