mean_pdp,ground_truth_pdp
-0.8373420395218705,-1.067427594510425
-0.8529082780330974,-1.067427594510425
