mean_pdp,ground_truth_pdp
-0.8251428825606291,-1.067427594510425
-0.8500496439692248,-1.067427594510425
