mean_pdp,ground_truth_pdp
-0.9221364047457927,-1.067427594510425
-0.968371497851731,-1.067427594510425
