mean_pdp,ground_truth_pdp
-0.9349952452547433,-1.067427594510425
-0.9729307812139497,-1.067427594510425
