mean_pdp,ground_truth_pdp
-0.9508993985882136,-1.067427594510425
-0.969206730897865,-1.067427594510425
