mean_pdp,ground_truth_pdp
-0.9335975766940373,-1.067427594510425
-0.9676523229744184,-1.067427594510425
