mean_pdp,ground_truth_pdp
-0.9966312425611621,-1.067427594510425
-1.0152912439658224,-1.067427594510425
