mean_pdp,ground_truth_pdp
-0.9480891375870573,-1.067427594510425
-0.970703109736901,-1.067427594510425
