mean_pdp,ground_truth_pdp
-0.9458466755922367,-1.067427594510425
-0.9734890106500534,-1.067427594510425
