mean_pdp,ground_truth_pdp
-0.9586166195509095,-1.067427594510425
-0.975461733023137,-1.067427594510425
