mean_pdp,ground_truth_pdp
2.795908381850012,2.6630387565418743
4.579824419532891,4.663038756541875
