mean_pdp,ground_truth_pdp
1.8487883619136467,1.6947263466946307
3.6280470735278296,3.694726346694631
