mean_pdp,ground_truth_pdp
2.6644991209648743,2.6630387565418743
4.628818457451965,4.663038756541875
