mean_pdp,ground_truth_pdp
1.7193677257821218,1.6947263466946307
3.677307351129618,3.694726346694631
