mean_pdp,ground_truth_pdp
1.7950324446750614,1.7000263466946308
1.818617526345223,1.7000263466946308
4.565092736622558,4.70002634669463
