mean_pdp,ground_truth_pdp
2.744776949964984,2.668338756541875
2.767923869890664,2.668338756541875
5.513364873792538,5.668338756541874
