mean_pdp,ground_truth_pdp
1.6826238868866532,1.7000263466946308
1.7106608109249355,1.7000263466946308
4.664371781638069,4.70002634669463
