mean_pdp,ground_truth_pdp
2.632395586405548,2.668338756541875
2.6487625138927084,2.668338756541875
5.618359759112945,5.668338756541874
