mean_pdp,ground_truth_pdp
2.649558208168718,2.668338756541875
2.6692671782802706,2.668338756541875
5.624564908476757,5.668338756541874
