mean_pdp,ground_truth_pdp
2.7298199617564727,2.7113263466946314
2.7556908917156644,2.7113263466946314
