mean_pdp,ground_truth_pdp
3.680545036884208,3.6796387565418742
3.7035992987968775,3.6796387565418742
