mean_pdp,ground_truth_pdp
2.6945827669013065,2.7113263466946314
2.711995942770478,2.7113263466946314
