mean_pdp,ground_truth_pdp
3.6443729912510663,3.6796387565418742
3.6580262524935465,3.6796387565418742
