mean_pdp,ground_truth_pdp
1.7682534018966931,1.6947263466946307
3.622705137857887,3.694726346694631
