mean_pdp,ground_truth_pdp
2.713442135355767,2.6630387565418743
4.575492126740691,4.663038756541875
