mean_pdp,ground_truth_pdp
2.6687623500383966,2.6630387565418743
4.614325693269253,4.663038756541875
