mean_pdp,ground_truth_pdp
1.7406808650977978,1.6947263466946307
3.674205952896295,3.694726346694631
