mean_pdp,ground_truth_pdp
1.7601649193762838,1.6947263466946307
3.6306977022869185,3.694726346694631
