mean_pdp,ground_truth_pdp
2.703987576123886,2.6630387565418743
4.581354373386548,4.663038756541875
