mean_pdp,ground_truth_pdp
1.7518620716641224,1.7000263466946308
1.6930859126412146,1.7000263466946308
4.607268238050897,4.70002634669463
