mean_pdp,ground_truth_pdp
2.7046223188589926,2.668338756541875
2.6447166963030293,2.668338756541875
5.552619069078206,5.668338756541874
