mean_pdp,ground_truth_pdp
1.7676763805013551,1.7000263466946308
1.6589925145468043,1.7000263466946308
4.6579133761427824,4.70002634669463
