mean_pdp,ground_truth_pdp
2.6829101570831293,2.668338756541875
2.6300465607472416,2.668338756541875
5.5793701647196,5.668338756541874
