mean_pdp,ground_truth_pdp
1.753471242721838,1.7000263466946308
1.6908067056239122,1.7000263466946308
4.608051414794579,4.70002634669463
