mean_pdp,ground_truth_pdp
2.702659525855287,2.668338756541875
2.6443155041508577,2.668338756541875
5.548712446709715,5.668338756541874
