mean_pdp,ground_truth_pdp
2.6736136796300545,2.7113263466946314
2.724060181070913,2.7113263466946314
