mean_pdp,ground_truth_pdp
3.6198979738521095,3.6796387565418742
3.675531784506801,3.6796387565418742
