mean_pdp,ground_truth_pdp
3.6249643809786223,3.6796387565418742
3.666572223095147,3.6796387565418742
