mean_pdp,ground_truth_pdp
2.695774592149479,2.7113263466946314
2.726116032054258,2.7113263466946314
