mean_pdp,ground_truth_pdp
2.6957745921494793,2.7113263466946314
2.726116032054258,2.7113263466946314
