mean_pdp,ground_truth_pdp
2.6771764765971353,2.7113263466946314
2.7210197310625075,2.7113263466946314
