mean_pdp,ground_truth_pdp
3.621515836542883,3.6796387565418742
3.67172619888567,3.6796387565418742
