mean_pdp,ground_truth_pdp
1.6287696594149326,1.6385627515242238
1.6235817160950474,1.6385627515242238
