mean_pdp,ground_truth_pdp
1.635969809272352,1.6385627515242238
1.6318679978699653,1.6385627515242238
