mean_pdp,ground_truth_pdp
1.6461896954175455,1.6385627515242238
1.6227603497505723,1.6385627515242238
