mean_pdp,ground_truth_pdp
1.632244113026172,1.6385627515242238
1.6110765522135497,1.6385627515242238
