mean_pdp,ground_truth_pdp
1.734585114578187,1.6385627515242238
1.7329392496940983,1.6385627515242238
