mean_pdp,ground_truth_pdp
1.6852813645225566,1.6385627515242238
1.6771838921796653,1.6385627515242238
