mean_pdp,ground_truth_pdp
1.9534312715823456,1.6385627515242238
1.9526416203530643,1.6385627515242238
