mean_pdp,ground_truth_pdp
1.6355895243549696,1.6385627515242238
1.6242013211736215,1.6385627515242238
