mean_pdp,ground_truth_pdp
0.007902537500655536,-0.03853724847577608
1.9787620880088548,1.9614627515242238
2.9061720501570627,2.961462751524224
