mean_pdp,ground_truth_pdp
-0.00014462116988118916,-0.03853724847577608
1.9708262310576319,1.9614627515242238
2.8987743250250158,2.961462751524224
