mean_pdp,ground_truth_pdp
0.05381279877771261,-0.03853724847577608
2.025638263812802,1.9614627515242238
2.955281095539971,2.961462751524224
