mean_pdp,ground_truth_pdp
0.18987352246889644,-0.03853724847577608
2.3410095110778797,1.9614627515242238
3.323406704106073,2.961462751524224
