mean_pdp,ground_truth_pdp
-0.04104338422052784,-0.03853724847577608
1.9783656523663613,1.9614627515242238
2.9537157567528607,2.961462751524224
