mean_pdp,ground_truth_pdp
0.027249841275123633,-0.03853724847577608
2.095217343828901,1.9614627515242238
3.068226184002299,2.961462751524224
