mean_pdp,ground_truth_pdp
0.01283686348032172,-0.03853724847577608
1.9555272489352784,1.9614627515242238
2.8865748391903074,2.961462751524224
