mean_pdp,ground_truth_pdp
-0.010796931690367204,-0.03853724847577608
1.9940604577083172,1.9614627515242238
2.958355942239359,2.961462751524224
