mean_pdp,ground_truth_pdp
-0.03119558740918105,-0.03853724847577608
1.970925173595514,1.9614627515242238
2.9390934859085296,2.961462751524224
