mean_pdp,ground_truth_pdp
0.6332990945628038,0.6229627515242241
2.5845106923667798,2.622962751524224
