mean_pdp,ground_truth_pdp
0.6406039370897243,0.6229627515242241
2.5926971283807934,2.622962751524224
