mean_pdp,ground_truth_pdp
0.6314846717057391,0.6229627515242241
2.57937542006808,2.622962751524224
