mean_pdp,ground_truth_pdp
0.7896782164191123,0.6229627515242241
3.0801633973856513,2.622962751524224
