mean_pdp,ground_truth_pdp
0.6197926928015584,0.6229627515242241
2.6165482967455254,2.622962751524224
