mean_pdp,ground_truth_pdp
0.669250125003221,0.6229627515242241
2.7640947447996527,2.622962751524224
