mean_pdp,ground_truth_pdp
0.6611591310267367,0.6229627515242241
2.6679032889005567,2.622962751524224
