mean_pdp,ground_truth_pdp
0.6327224052624277,0.6229627515242241
2.633766720790321,2.622962751524224
