mean_pdp,ground_truth_pdp
0.6152381576664335,0.6229627515242241
2.609614598356212,2.622962751524224
