mean_pdp,ground_truth_pdp
1.75206723659298,1.6947263466946307
3.648221692750872,3.694726346694631
