mean_pdp,ground_truth_pdp
2.70704930010986,2.6630387565418743
4.605224925790771,4.663038756541875
