mean_pdp,ground_truth_pdp
2.7451364798674334,2.6630387565418743
4.627850501042232,4.663038756541875
