mean_pdp,ground_truth_pdp
1.7750683952398536,1.6947263466946307
3.7128260080730326,3.694726346694631
