mean_pdp,ground_truth_pdp
1.74523809227834,1.6947263466946307
3.647692110362626,3.694726346694631
