mean_pdp,ground_truth_pdp
2.705339054135467,2.6630387565418743
4.609431183889833,4.663038756541875
