mean_pdp,ground_truth_pdp
1.7482545395958322,1.6947263466946307
3.655097731736548,3.694726346694631
