mean_pdp,ground_truth_pdp
2.703348136220024,2.668338756541875
2.6375400946045353,2.668338756541875
5.594188050818221,5.668338756541874
