mean_pdp,ground_truth_pdp
1.7437853452091348,1.7000263466946308
1.680573483888659,1.7000263466946308
4.641192108471594,4.70002634669463
