mean_pdp,ground_truth_pdp
1.8004626260384478,1.7000263466946308
1.6922554661160412,1.7000263466946308
4.7037888418676435,4.70002634669463
