mean_pdp,ground_truth_pdp
2.7158028862765513,2.668338756541875
2.6899813362569036,2.668338756541875
5.619436412488255,5.668338756541874
