mean_pdp,ground_truth_pdp
1.7530988914831305,1.7000263466946308
1.6696558158945993,1.7000263466946308
4.6320280759190195,4.70002634669463
