mean_pdp,ground_truth_pdp
1.7488547971758694,1.7000263466946308
1.6783381743838544,1.7000263466946308
4.642132099641948,4.70002634669463
