mean_pdp,ground_truth_pdp
2.7079363309152695,2.668338756541875
2.6434116518951547,2.668338756541875
5.5869907953086155,5.668338756541874
