mean_pdp,ground_truth_pdp
3.631013796401458,3.6796387565418742
3.687506999182241,3.6796387565418742
