mean_pdp,ground_truth_pdp
2.6765338929337705,2.7113263466946314
2.7298849413767323,2.7113263466946314
