mean_pdp,ground_truth_pdp
2.7348054424273345,2.7113263466946314
2.7608232894108946,2.7113263466946314
