mean_pdp,ground_truth_pdp
3.665030948527812,3.6796387565418742
3.71606835701576,3.6796387565418742
