mean_pdp,ground_truth_pdp
2.682344359282497,2.7113263466946314
2.7252607213569804,2.7113263466946314
