mean_pdp,ground_truth_pdp
2.683399698154742,2.7113263466946314
2.727121606202181,2.7113263466946314
