mean_pdp,ground_truth_pdp
3.6351459643952113,3.6796387565418742
3.687273090340595,3.6796387565418742
