mean_pdp,ground_truth_pdp
0.7962249349232848,0.839479861385661
-2.776116457612575,-2.89280414686354
