mean_pdp,ground_truth_pdp
0.8101851989112058,0.839479861385661
-2.7645906712232633,-2.89280414686354
