mean_pdp,ground_truth_pdp
0.8292581671830008,0.839479861385661
-2.8865612305040953,-2.89280414686354
