mean_pdp,ground_truth_pdp
0.8418088939963353,0.839479861385661
-2.797393805385327,-2.89280414686354
