mean_pdp,ground_truth_pdp
0.8582661324107832,0.839479861385661
-2.7006905012873026,-2.89280414686354
