mean_pdp,ground_truth_pdp
0.8360073009507788,0.839479861385661
-2.834567951228685,-2.89280414686354
