mean_pdp,ground_truth_pdp
0.8395898231853068,0.839479861385661
-2.845131610013762,-2.89280414686354
