mean_pdp,ground_truth_pdp
0.88471885507724,0.839479861385661
-2.799304669093305,-2.89280414686354
