mean_pdp,ground_truth_pdp
0.8428993967016444,0.839479861385661
-2.8402247911319156,-2.89280414686354
