mean_pdp,ground_truth_pdp
-1.3434461857587432,-1.3961275945104252
0.6263831987536141,0.6038724054895747
-2.251220222339879,-2.3961275945104252
