mean_pdp,ground_truth_pdp
-1.3315786037489032,-1.3961275945104252
0.6363040310396681,0.6038724054895747
-2.2350820018709903,-2.3961275945104252
