mean_pdp,ground_truth_pdp
-1.3157287475097277,-1.3961275945104252
0.6599020241130065,0.6038724054895747
-2.243029518325495,-2.3961275945104252
