mean_pdp,ground_truth_pdp
-1.358723930495038,-1.3961275945104252
0.6401524921384749,0.6038724054895747
-2.287436042374492,-2.3961275945104252
