mean_pdp,ground_truth_pdp
-1.2680572093707043,-1.3961275945104252
0.6742045156725597,0.6038724054895747
-2.1761696135736965,-2.3961275945104252
