mean_pdp,ground_truth_pdp
-1.3682404475422063,-1.3961275945104252
0.6418641391879809,0.6038724054895747
-2.2651688334994895,-2.3961275945104252
