mean_pdp,ground_truth_pdp
-1.3970427583266363,-1.3961275945104252
0.6149559197489651,0.6038724054895747
-2.309389185720687,-2.3961275945104252
