mean_pdp,ground_truth_pdp
-1.3424433377510199,-1.3961275945104252
0.6537138583726998,0.6038724054895747
-2.238524919070091,-2.3961275945104252
