mean_pdp,ground_truth_pdp
-1.3122169462489564,-1.3961275945104252
0.6852086555707606,0.6038724054895747
-2.2464215491692836,-2.3961275945104252
