mean_pdp,ground_truth_pdp
-1.351835093009818,-1.3961275945104252
0.6468458391191417,0.6038724054895747
-2.2921388398415368,-2.3961275945104252
