mean_pdp,ground_truth_pdp
-1.0121029526093082,-1.067427594510425
-0.9818119984417091,-1.067427594510425
