mean_pdp,ground_truth_pdp
-1.0249837218164852,-1.067427594510425
-0.9943556876403346,-1.067427594510425
