mean_pdp,ground_truth_pdp
-1.0709381844470982,-1.067427594510425
-1.0303085921764763,-1.067427594510425
