mean_pdp,ground_truth_pdp
-1.0075453733502517,-1.067427594510425
-0.9837179363470338,-1.067427594510425
