mean_pdp,ground_truth_pdp
-0.9593970397428405,-1.067427594510425
-0.9269663119863064,-1.067427594510425
