mean_pdp,ground_truth_pdp
-0.9985720158890463,-1.067427594510425
-0.9750089658326374,-1.067427594510425
