mean_pdp,ground_truth_pdp
-1.0298536022911033,-1.067427594510425
-1.0043863923850678,-1.067427594510425
