mean_pdp,ground_truth_pdp
-1.0357523974571319,-1.067427594510425
-1.0094563925626943,-1.067427594510425
