mean_pdp,ground_truth_pdp
-0.9943635282668595,-1.067427594510425
-0.9621858403018249,-1.067427594510425
