mean_pdp,ground_truth_pdp
-1.0320641049016719,-1.067427594510425
-1.007135126172848,-1.067427594510425
