mean_pdp,ground_truth_pdp
1.7586698326702086,1.6947263466946307
3.6432400387460144,3.694726346694631
