mean_pdp,ground_truth_pdp
2.70670667149651,2.6630387565418743
4.598925246692487,4.663038756541875
