mean_pdp,ground_truth_pdp
1.7309414891348094,1.6947263466946307
3.68724926559943,3.694726346694631
