mean_pdp,ground_truth_pdp
2.661374961391533,2.6630387565418743
4.629411157599569,4.663038756541875
