mean_pdp,ground_truth_pdp
2.6774455251176223,2.6630387565418743
4.6408715937570975,4.663038756541875
