mean_pdp,ground_truth_pdp
1.7282901503551513,1.6947263466946307
3.676599365800215,3.694726346694631
