mean_pdp,ground_truth_pdp
2.6795805697236452,2.6630387565418743
4.643695209834279,4.663038756541875
