mean_pdp,ground_truth_pdp
1.721886063763168,1.6947263466946307
3.682782265155164,3.694726346694631
