mean_pdp,ground_truth_pdp
1.7017883512890146,1.7000263466946308
1.7214379277010836,1.7000263466946308
4.640260337558643,4.70002634669463
