mean_pdp,ground_truth_pdp
2.652019268398396,2.668338756541875
2.672744392633245,2.668338756541875
5.593108985426357,5.668338756541874
