mean_pdp,ground_truth_pdp
2.657360570053607,2.668338756541875
2.6686074500223813,2.668338756541875
5.618856279628043,5.668338756541874
