mean_pdp,ground_truth_pdp
1.69489411163309,1.7000263466946308
1.7216304779825724,1.7000263466946308
4.67348053870254,4.70002634669463
