mean_pdp,ground_truth_pdp
2.6297569322844567,2.668338756541875
2.647725036758604,2.668338756541875
5.618058277607615,5.668338756541874
