mean_pdp,ground_truth_pdp
1.6908701504013532,1.7000263466946308
1.712311185717832,1.7000263466946308
4.6645105963732005,4.70002634669463
