mean_pdp,ground_truth_pdp
3.646904063632078,3.6796387565418742
3.667788851703414,3.6796387565418742
