mean_pdp,ground_truth_pdp
2.693307644538992,2.7113263466946314
2.7177845539470513,2.7113263466946314
