mean_pdp,ground_truth_pdp
3.643054538639356,3.6796387565418742
3.656798427525865,3.6796387565418742
