mean_pdp,ground_truth_pdp
2.7044456881232732,2.7113263466946314
2.723655935814876,2.7113263466946314
