mean_pdp,ground_truth_pdp
2.6960745886057054,2.7113263466946314
2.7189952173735565,2.7113263466946314
