mean_pdp,ground_truth_pdp
1.7333056382797867,1.6947263466946307
3.666074480377491,3.694726346694631
