mean_pdp,ground_truth_pdp
2.6923349453007672,2.6630387565418743
4.633714682724684,4.663038756541875
