mean_pdp,ground_truth_pdp
2.675323184881857,2.6630387565418743
4.646750574720211,4.663038756541875
