mean_pdp,ground_truth_pdp
2.6741012306383585,2.6630387565418743
4.6527974221400905,4.663038756541875
