mean_pdp,ground_truth_pdp
2.728813744850563,2.6630387565418743
4.682607586933962,4.663038756541875
