mean_pdp,ground_truth_pdp
1.7180468902409953,1.6947263466946307
3.688871450700607,3.694726346694631
