mean_pdp,ground_truth_pdp
1.7184290530320956,1.6947263466946307
3.6892014051142614,3.694726346694631
