mean_pdp,ground_truth_pdp
1.7127326807219063,1.6947263466946307
3.6692115500798805,3.694726346694631
