mean_pdp,ground_truth_pdp
1.7182667513965,1.6947263466946307
3.685882630788361,3.694726346694631
