mean_pdp,ground_truth_pdp
2.675581429826557,2.6630387565418743
4.645497121551086,4.663038756541875
