mean_pdp,ground_truth_pdp
1.6856050682159596,1.7000263466946308
1.7085486889663735,1.7000263466946308
4.664685373690589,4.70002634669463
