mean_pdp,ground_truth_pdp
2.647893026726195,2.668338756541875
2.668389344281211,2.668338756541875
5.630867286978753,5.668338756541874
