mean_pdp,ground_truth_pdp
1.678797211972205,1.7000263466946308
1.7085569629626582,1.7000263466946308
4.69186129197767,4.70002634669463
