mean_pdp,ground_truth_pdp
1.6836681236691131,1.7000263466946308
1.7081136517312019,1.7000263466946308
4.68192851444792,4.70002634669463
