mean_pdp,ground_truth_pdp
1.6820134367182509,1.7000263466946308
1.7034060335410763,1.7000263466946308
4.648726638970998,4.70002634669463
