mean_pdp,ground_truth_pdp
2.6804213750124837,2.668338756541875
2.708269656052589,2.668338756541875
5.685819588951132,5.668338756541874
