mean_pdp,ground_truth_pdp
2.6329042598509234,2.668338756541875
2.667427319536452,2.668338756541875
5.648623072470352,5.668338756541874
