mean_pdp,ground_truth_pdp
2.6365022162650558,2.668338756541875
2.6652679278691354,2.668338756541875
5.642049123624763,5.668338756541874
