mean_pdp,ground_truth_pdp
2.642850977499121,2.668338756541875
2.6616862397049186,2.668338756541875
5.636471430352144,5.668338756541874
