mean_pdp,ground_truth_pdp
1.6846201924137119,1.7000263466946308
1.7051007727506573,1.7000263466946308
4.677047593600668,4.70002634669463
