mean_pdp,ground_truth_pdp
3.656043877316873,3.6796387565418742
3.6786549713546495,3.6796387565418742
