mean_pdp,ground_truth_pdp
2.6920733266563386,2.7113263466946314
2.7154841138188948,2.7113263466946314
