mean_pdp,ground_truth_pdp
2.6924556085062155,2.7113263466946314
2.6989253383628715,2.7113263466946314
