mean_pdp,ground_truth_pdp
3.7013214144810553,3.6796387565418742
3.71818098540595,3.6796387565418742
