mean_pdp,ground_truth_pdp
3.6574340957878295,3.6796387565418742
3.673442919919945,3.6796387565418742
