mean_pdp,ground_truth_pdp
2.7023578104261308,2.7113263466946314
2.717941546459636,2.7113263466946314
