mean_pdp,ground_truth_pdp
2.697772370574475,2.7113263466946314
2.720428682941627,2.7113263466946314
