mean_pdp,ground_truth_pdp
3.6621482188275083,3.6796387565418742
3.6722718097410403,3.6796387565418742
