mean_pdp,ground_truth_pdp
3.6546105179031425,3.6796387565418742
3.675419556620767,3.6796387565418742
