mean_pdp,ground_truth_pdp
2.695806828100968,2.7113263466946314
2.7173579678805955,2.7113263466946314
