mean_pdp,ground_truth_pdp
1.8126928490171337,1.6947263466946307
3.6492608886686893,3.694726346694631
