mean_pdp,ground_truth_pdp
2.786294755424145,2.6630387565418743
4.6308711921700905,4.663038756541875
