mean_pdp,ground_truth_pdp
2.717585120170834,2.6630387565418743
4.683943379656215,4.663038756541875
