mean_pdp,ground_truth_pdp
1.775952648288593,1.6947263466946307
3.69963099683638,3.694726346694631
