mean_pdp,ground_truth_pdp
1.7555857276658275,1.6947263466946307
3.7201422865824862,3.694726346694631
