mean_pdp,ground_truth_pdp
2.7369077218019897,2.6630387565418743
4.67451703053001,4.663038756541875
