mean_pdp,ground_truth_pdp
2.7830226843850396,2.6630387565418743
4.646723083578586,4.663038756541875
