mean_pdp,ground_truth_pdp
1.806502569867095,1.6947263466946307
3.7090485646676887,3.694726346694631
