mean_pdp,ground_truth_pdp
1.7984309356246089,1.7000263466946308
1.7730740202347945,1.7000263466946308
4.59868640123699,4.70002634669463
