mean_pdp,ground_truth_pdp
2.777457299319545,2.668338756541875
2.7427026164752433,2.668338756541875
5.583319860609075,5.668338756541874
