mean_pdp,ground_truth_pdp
1.7786195990451903,1.7000263466946308
1.7696687515015306,1.7000263466946308
4.6304314279904535,4.70002634669463
