mean_pdp,ground_truth_pdp
1.7423293801624757,1.7000263466946308
1.7219810940942006,1.7000263466946308
4.721059583120447,4.70002634669463
