mean_pdp,ground_truth_pdp
2.7346183646769706,2.668338756541875
2.707645617125659,2.668338756541875
5.643472076821046,5.668338756541874
