mean_pdp,ground_truth_pdp
2.712997768224377,2.668338756541875
2.682498465412208,2.668338756541875
5.6752968690321195,5.668338756541874
