mean_pdp,ground_truth_pdp
1.7682808662784044,1.7000263466946308
1.7487153513110618,1.7000263466946308
4.667978342915689,4.70002634669463
