mean_pdp,ground_truth_pdp
2.785169037827633,2.668338756541875
2.75558803900618,2.668338756541875
5.580096621630074,5.668338756541874
