mean_pdp,ground_truth_pdp
1.804662734907477,1.7000263466946308
1.783500542426821,1.7000263466946308
4.661641323573386,4.70002634669463
