mean_pdp,ground_truth_pdp
2.745699475362949,2.7113263466946314
2.7302467154993026,2.7113263466946314
