mean_pdp,ground_truth_pdp
3.7284012289617112,3.6796387565418742
3.7026989873295277,3.6796387565418742
