mean_pdp,ground_truth_pdp
3.723713291158473,3.6796387565418742
3.6993208632051253,3.6796387565418742
