mean_pdp,ground_truth_pdp
2.7482459214243806,2.7113263466946314
2.7401499593208367,2.7113263466946314
