mean_pdp,ground_truth_pdp
3.7177982947843846,3.6796387565418742
3.696503026061338,3.6796387565418742
