mean_pdp,ground_truth_pdp
2.7502196176202127,2.7113263466946314
2.737527629954981,2.7113263466946314
