mean_pdp,ground_truth_pdp
2.772969261925634,2.7113263466946314
2.7570114342368757,2.7113263466946314
