mean_pdp,ground_truth_pdp
3.735273970799211,3.6796387565418742
3.708144678800697,3.6796387565418742
