mean_pdp,ground_truth_pdp
0.859986976858224,0.839479861385661
-2.7643209222619536,-2.89280414686354
