mean_pdp,ground_truth_pdp
0.8545745146845385,0.839479861385661
-2.765873690597372,-2.89280414686354
