mean_pdp,ground_truth_pdp
0.9078801516337531,0.839479861385661
-2.735937095711944,-2.89280414686354
