mean_pdp,ground_truth_pdp
0.913222083810082,0.839479861385661
-2.7219725500304763,-2.89280414686354
