mean_pdp,ground_truth_pdp
0.8684342475430258,0.839479861385661
-2.767290602888733,-2.89280414686354
