mean_pdp,ground_truth_pdp
0.824491694685141,0.839479861385661
-2.7344258769693868,-2.89280414686354
