mean_pdp,ground_truth_pdp
0.8932533929392877,0.839479861385661
-2.789442800468113,-2.89280414686354
