mean_pdp,ground_truth_pdp
0.8813449808591266,0.839479861385661
-2.7898527726705153,-2.89280414686354
