mean_pdp,ground_truth_pdp
-1.2556345819277557,-1.3961275945104252
0.6585474468111323,0.6038724054895747
-2.2401453720374698,-2.3961275945104252
