mean_pdp,ground_truth_pdp
-1.258293386024704,-1.3961275945104252
0.6530245297699375,0.6038724054895747
-2.241344732872953,-2.3961275945104252
