mean_pdp,ground_truth_pdp
-1.258209929069958,-1.3961275945104252
0.6091125828282327,0.6038724054895747
-2.2077110623332152,-2.3961275945104252
