mean_pdp,ground_truth_pdp
-1.2127103084886603,-1.3961275945104252
0.7021557334360025,0.6038724054895747
-2.199095149141966,-2.3961275945104252
