mean_pdp,ground_truth_pdp
-1.2448453397798567,-1.3961275945104252
0.623781425096207,0.6038724054895747
-2.221739648568416,-2.3961275945104252
