mean_pdp,ground_truth_pdp
-1.2135342913033498,-1.3961275945104252
0.7019184936122063,0.6038724054895747
-2.2218122561795424,-2.3961275945104252
