mean_pdp,ground_truth_pdp
-1.249933987768388,-1.3961275945104252
0.6274839731259905,0.6038724054895747
-2.228704986732542,-2.3961275945104252
