mean_pdp,ground_truth_pdp
-1.254805495246277,-1.3961275945104252
0.6609338502813511,0.6038724054895747
-2.2523598398885114,-2.3961275945104252
