mean_pdp,ground_truth_pdp
-1.2497740739149636,-1.3961275945104252
0.6713756240025047,0.6038724054895747
-2.2506355283559953,-2.3961275945104252
