mean_pdp,ground_truth_pdp
-0.9661351584431245,-1.067427594510425
-0.9787268987185239,-1.067427594510425
