mean_pdp,ground_truth_pdp
-0.9621467355598318,-1.067427594510425
-0.9765955630060996,-1.067427594510425
