mean_pdp,ground_truth_pdp
-0.9276321454662678,-1.067427594510425
-0.9359088467775921,-1.067427594510425
