mean_pdp,ground_truth_pdp
-0.9813400008354407,-1.067427594510425
-0.9658769907528667,-1.067427594510425
