mean_pdp,ground_truth_pdp
-0.9759754604380717,-1.067427594510425
-0.9667771569988215,-1.067427594510425
