mean_pdp,ground_truth_pdp
-0.9209108571206857,-1.067427594510425
-0.9272916029763298,-1.067427594510425
