mean_pdp,ground_truth_pdp
-0.9657840373146036,-1.067427594510425
-0.977754129246125,-1.067427594510425
