mean_pdp,ground_truth_pdp
-0.9587492112753123,-1.067427594510425
-0.9734927133830995,-1.067427594510425
