mean_pdp,ground_truth_pdp
1.8048191474449693,1.6947263466946307
3.6683842369617397,3.694726346694631
