mean_pdp,ground_truth_pdp
2.767713108834342,2.6630387565418743
4.63279950153723,4.663038756541875
