mean_pdp,ground_truth_pdp
1.7778567198050006,1.6947263466946307
3.7123422801309696,3.694726346694631
