mean_pdp,ground_truth_pdp
2.734572879044547,2.6630387565418743
4.6785937414313565,4.663038756541875
