mean_pdp,ground_truth_pdp
2.756129591861272,2.6630387565418743
4.654747701530377,4.663038756541875
