mean_pdp,ground_truth_pdp
1.791239397643755,1.6947263466946307
3.6904787332300844,3.694726346694631
