mean_pdp,ground_truth_pdp
2.7577234961883756,2.668338756541875
2.724215712566473,2.668338756541875
5.5991508857458845,5.668338756541874
