mean_pdp,ground_truth_pdp
1.7893690535130042,1.7000263466946308
1.7626302865131722,1.7000263466946308
4.637503026317463,4.70002634669463
