mean_pdp,ground_truth_pdp
1.7736190469659217,1.7000263466946308
1.7440101601581894,1.7000263466946308
4.6859995525024845,4.70002634669463
