mean_pdp,ground_truth_pdp
2.743788668986473,2.668338756541875
2.7174167953681834,2.668338756541875
5.626687292448919,5.668338756541874
