mean_pdp,ground_truth_pdp
1.7883389998981623,1.7000263466946308
1.7609079435202943,1.7000263466946308
4.649504354107055,4.70002634669463
