mean_pdp,ground_truth_pdp
2.7582034208862267,2.668338756541875
2.7233833173791293,2.668338756541875
5.612514405959134,5.668338756541874
