mean_pdp,ground_truth_pdp
3.7163894205785892,3.6796387565418742
3.6985084710393457,3.6796387565418742
