mean_pdp,ground_truth_pdp
2.7530645837092567,2.7113263466946314
2.7344860997344003,2.7113263466946314
