mean_pdp,ground_truth_pdp
2.759829395248812,2.7113263466946314
2.7421892386555213,2.7113263466946314
