mean_pdp,ground_truth_pdp
3.727909727631385,3.6796387565418742
3.695206847796194,3.6796387565418742
