mean_pdp,ground_truth_pdp
2.7573104358776206,2.7113263466946314
2.7378572684351075,2.7113263466946314
