mean_pdp,ground_truth_pdp
3.722655816314426,3.6796387565418742
3.702602847208287,3.6796387565418742
