mean_pdp,ground_truth_pdp
0.6780524118810158,0.839479861385661
-2.5370462947683015,-2.89280414686354
