mean_pdp,ground_truth_pdp
0.7240116548183594,0.839479861385661
-2.5181271852777587,-2.89280414686354
