mean_pdp,ground_truth_pdp
0.8221506592717697,0.839479861385661
-2.756735814892899,-2.89280414686354
