mean_pdp,ground_truth_pdp
0.8346612981743892,0.839479861385661
-2.7612772895803186,-2.89280414686354
