mean_pdp,ground_truth_pdp
0.8346785930784194,0.839479861385661
-2.7729424245789804,-2.89280414686354
