mean_pdp,ground_truth_pdp
0.8242530606595696,0.839479861385661
-2.769157862339464,-2.89280414686354
