mean_pdp,ground_truth_pdp
0.8846046734599972,0.839479861385661
-2.5636003882100113,-2.89280414686354
