mean_pdp,ground_truth_pdp
0.7991000324186616,0.839479861385661
-2.798427576243359,-2.89280414686354
