mean_pdp,ground_truth_pdp
0.8626483912795267,0.839479861385661
-2.7974036906091198,-2.89280414686354
