mean_pdp,ground_truth_pdp
0.8836095091122305,0.839479861385661
-2.587331647281349,-2.89280414686354
