mean_pdp,ground_truth_pdp
0.765166502932153,0.839479861385661
-2.703009747982685,-2.89280414686354
