mean_pdp,ground_truth_pdp
0.8089725788878718,0.839479861385661
-2.6738084174212786,-2.89280414686354
