mean_pdp,ground_truth_pdp
-1.2053289524752555,-1.3961275945104252
0.4768635342920903,0.6038724054895747
-2.061723836972588,-2.3961275945104252
