mean_pdp,ground_truth_pdp
-1.1696795069379997,-1.3961275945104252
0.5209318738119791,0.6038724054895747
-2.0437942943196155,-2.3961275945104252
