mean_pdp,ground_truth_pdp
-1.2722967119383144,-1.3961275945104252
0.5551414466644519,0.6038724054895747
-2.2838774054530617,-2.3961275945104252
