mean_pdp,ground_truth_pdp
-1.2703551787699527,-1.3961275945104252
0.5655324334916485,0.6038724054895747
-2.2023474598134927,-2.3961275945104252
