mean_pdp,ground_truth_pdp
-1.082014398903423,-1.3961275945104252
0.6534363158904931,0.6038724054895747
-2.0954259416576373,-2.3961275945104252
