mean_pdp,ground_truth_pdp
-1.269286566192434,-1.3961275945104252
0.573400896013593,0.6038724054895747
-2.2212400615032517,-2.3961275945104252
