mean_pdp,ground_truth_pdp
-1.255493898488979,-1.3961275945104252
0.5824933944027593,0.6038724054895747
-2.23307934209112,-2.3961275945104252
