mean_pdp,ground_truth_pdp
-1.2231217868140878,-1.3961275945104252
0.6127490723601922,0.6038724054895747
-2.2910358663342576,-2.3961275945104252
