mean_pdp,ground_truth_pdp
-1.0484333178069203,-1.3961275945104252
0.6503836805297508,0.6038724054895747
-2.1593031643036507,-2.3961275945104252
