mean_pdp,ground_truth_pdp
-1.253803977525807,-1.3961275945104252
0.5764434315586482,0.6038724054895747
-2.2165545965189346,-2.3961275945104252
