mean_pdp,ground_truth_pdp
-1.2141839081628414,-1.3961275945104252
0.5628343816110007,0.6038724054895747
-2.147345604901779,-2.3961275945104252
