mean_pdp,ground_truth_pdp
-1.2570362569142441,-1.3961275945104252
0.5232642081473066,0.6038724054895747
-2.1749429372353615,-2.3961275945104252
