mean_pdp,ground_truth_pdp
-0.9350672070191905,-1.067427594510425
-0.8998343721143345,-1.067427594510425
