mean_pdp,ground_truth_pdp
-0.9686132102417446,-1.067427594510425
-0.9309244225115011,-1.067427594510425
