mean_pdp,ground_truth_pdp
-1.0052958863650383,-1.067427594510425
-0.972576847186827,-1.067427594510425
