mean_pdp,ground_truth_pdp
-1.0325403059900602,-1.067427594510425
-1.0074587343533021,-1.067427594510425
