mean_pdp,ground_truth_pdp
-1.0045319468349625,-1.067427594510425
-0.9740797491259963,-1.067427594510425
