mean_pdp,ground_truth_pdp
-0.8746747102086759,-1.067427594510425
-0.8454873280260992,-1.067427594510425
