mean_pdp,ground_truth_pdp
-0.9972997544670467,-1.067427594510425
-0.972656612244205,-1.067427594510425
