mean_pdp,ground_truth_pdp
-1.0113227133383016,-1.067427594510425
-0.9737627945883197,-1.067427594510425
