mean_pdp,ground_truth_pdp
-1.000899775620745,-1.067427594510425
-0.9735380022648271,-1.067427594510425
