mean_pdp,ground_truth_pdp
-0.8701542787384111,-1.067427594510425
-0.8722923757056175,-1.067427594510425
