mean_pdp,ground_truth_pdp
-1.0069618822155422,-1.067427594510425
-0.9730183615140743,-1.067427594510425
