mean_pdp,ground_truth_pdp
-0.9702174730091044,-1.067427594510425
-0.9367117058407355,-1.067427594510425
