mean_pdp,ground_truth_pdp
0.7915629411835716,0.839479861385661
-2.6456099802001263,-2.89280414686354
