mean_pdp,ground_truth_pdp
0.8116717619762519,0.839479861385661
-2.63634153167059,-2.89280414686354
