mean_pdp,ground_truth_pdp
0.8399460043006479,0.839479861385661
-2.749224007827463,-2.89280414686354
