mean_pdp,ground_truth_pdp
0.9412713281651868,0.839479861385661
-2.7167978281022482,-2.89280414686354
