mean_pdp,ground_truth_pdp
0.8768226335353405,0.839479861385661
-2.728204328464221,-2.89280414686354
