mean_pdp,ground_truth_pdp
0.8163984209682827,0.839479861385661
-2.791915046471478,-2.89280414686354
