mean_pdp,ground_truth_pdp
0.7597542341955965,0.839479861385661
-2.7703667407812334,-2.89280414686354
