mean_pdp,ground_truth_pdp
0.8127250916422252,0.839479861385661
-2.7840444358513157,-2.89280414686354
