mean_pdp,ground_truth_pdp
0.8390825148503015,0.839479861385661
-2.7628980231182676,-2.89280414686354
