mean_pdp,ground_truth_pdp
0.8314101028578637,0.839479861385661
-2.607671101023943,-2.89280414686354
