mean_pdp,ground_truth_pdp
0.8468630110537638,0.839479861385661
-2.6797285631028607,-2.89280414686354
