mean_pdp,ground_truth_pdp
0.8766465693975196,0.839479861385661
-2.6725581754610834,-2.89280414686354
