mean_pdp,ground_truth_pdp
-1.2105760473878258,-1.3961275945104252
0.5771466798576865,0.6038724054895747
-2.1077890832106645,-2.3961275945104252
