mean_pdp,ground_truth_pdp
-1.2640222644776438,-1.3961275945104252
0.5843682625126237,0.6038724054895747
-2.2047067278668875,-2.3961275945104252
