mean_pdp,ground_truth_pdp
-1.2991764175153715,-1.3961275945104252
0.534861264170165,0.6038724054895747
-2.2477493120504564,-2.3961275945104252
