mean_pdp,ground_truth_pdp
-1.2640380167122047,-1.3961275945104252
0.5786932732904855,0.6038724054895747
-2.182507459449856,-2.3961275945104252
