mean_pdp,ground_truth_pdp
-1.1457063639100136,-1.3961275945104252
0.5837086664094187,0.6038724054895747
-2.1011314799370755,-2.3961275945104252
