mean_pdp,ground_truth_pdp
-1.3039526330368836,-1.3961275945104252
0.5627527489153694,0.6038724054895747
-2.218782642122415,-2.3961275945104252
