mean_pdp,ground_truth_pdp
-1.2231219646610199,-1.3961275945104252
0.6598180755033843,0.6038724054895747
-2.2137299466048526,-2.3961275945104252
