mean_pdp,ground_truth_pdp
-1.1770189366429828,-1.3961275945104252
0.6906732951397111,0.6038724054895747
-2.17897186535544,-2.3961275945104252
