mean_pdp,ground_truth_pdp
-1.2972844447482095,-1.3961275945104252
0.571084492200027,0.6038724054895747
-2.2349360467606867,-2.3961275945104252
