mean_pdp,ground_truth_pdp
-1.2210758048909574,-1.3961275945104252
0.6111661254923058,0.6038724054895747
-2.1428551339469615,-2.3961275945104252
