mean_pdp,ground_truth_pdp
-1.1988114791101259,-1.3961275945104252
0.627058647049827,0.6038724054895747
-2.1266458627353813,-2.3961275945104252
