mean_pdp,ground_truth_pdp
-0.9637840742209538,-1.067427594510425
-0.9330207706627369,-1.067427594510425
