mean_pdp,ground_truth_pdp
-0.9518311552184773,-1.067427594510425
-0.9158798436151474,-1.067427594510425
