mean_pdp,ground_truth_pdp
-0.9429199378185653,-1.067427594510425
-0.8695685529749029,-1.067427594510425
