mean_pdp,ground_truth_pdp
-1.014749001292135,-1.067427594510425
-0.9993743384154005,-1.067427594510425
