mean_pdp,ground_truth_pdp
-0.9190376049471813,-1.067427594510425
-0.8975355148960714,-1.067427594510425
