mean_pdp,ground_truth_pdp
-1.00377980109947,-1.067427594510425
-0.9594557955035818,-1.067427594510425
