mean_pdp,ground_truth_pdp
-0.9954804521483649,-1.067427594510425
-0.956911350224311,-1.067427594510425
