mean_pdp,ground_truth_pdp
-0.942428794125039,-1.067427594510425
-0.9490854777789589,-1.067427594510425
