mean_pdp,ground_truth_pdp
-1.0198369253859454,-1.067427594510425
-0.9948416189961566,-1.067427594510425
