mean_pdp,ground_truth_pdp
-1.0158714943595597,-1.067427594510425
-1.0303335310474635,-1.067427594510425
