mean_pdp,ground_truth_pdp
-0.9507422128473538,-1.067427594510425
-0.9256325865709769,-1.067427594510425
