mean_pdp,ground_truth_pdp
-0.9365912074068302,-1.067427594510425
-0.9032446781369037,-1.067427594510425
