mean_pdp,ground_truth_pdp
0.7889070975605815,0.839479861385661
-2.7755362511251533,-2.89280414686354
