mean_pdp,ground_truth_pdp
0.7834874947351799,0.839479861385661
-2.783969264539523,-2.89280414686354
