mean_pdp,ground_truth_pdp
0.817837326060045,0.839479861385661
-2.842918960460258,-2.89280414686354
