mean_pdp,ground_truth_pdp
0.8713479242911305,0.839479861385661
-2.8176938874395177,-2.89280414686354
