mean_pdp,ground_truth_pdp
0.8229558026756216,0.839479861385661
-2.833240361496583,-2.89280414686354
