mean_pdp,ground_truth_pdp
0.855062161614273,0.839479861385661
-2.8181053176841386,-2.89280414686354
