mean_pdp,ground_truth_pdp
0.8216751031773682,0.839479861385661
-2.844618945800795,-2.89280414686354
