mean_pdp,ground_truth_pdp
0.8348592232996331,0.839479861385661
-2.8226083267948403,-2.89280414686354
