mean_pdp,ground_truth_pdp
-1.347612666300295,-1.3961275945104252
0.6205393852181875,0.6038724054895747
-2.2519395145498637,-2.3961275945104252
