mean_pdp,ground_truth_pdp
-1.3557333037156623,-1.3961275945104252
0.6147484020329316,0.6038724054895747
-2.258831387674714,-2.3961275945104252
