mean_pdp,ground_truth_pdp
-1.3399936619170794,-1.3961275945104252
0.6778811213834359,0.6038724054895747
-2.2582549384567883,-2.3961275945104252
