mean_pdp,ground_truth_pdp
-1.374734675979868,-1.3961275945104252
0.6210766900792597,0.6038724054895747
-2.2862446543342765,-2.3961275945104252
