mean_pdp,ground_truth_pdp
-1.357002286395431,-1.3961275945104252
0.6645013167349573,0.6038724054895747
-2.247660171148867,-2.3961275945104252
