mean_pdp,ground_truth_pdp
-1.3778468948331042,-1.3961275945104252
0.6304186579524517,0.6038724054895747
-2.26445400067536,-2.3961275945104252
