mean_pdp,ground_truth_pdp
-1.3501751618598266,-1.3961275945104252
0.6405970139387727,0.6038724054895747
-2.2719026119345833,-2.3961275945104252
