mean_pdp,ground_truth_pdp
-1.3711750656468755,-1.3961275945104252
0.6269244889140225,0.6038724054895747
-2.2900500585283474,-2.3961275945104252
