mean_pdp,ground_truth_pdp
-1.026960326512778,-1.067427594510425
-0.9987169386606239,-1.067427594510425
