mean_pdp,ground_truth_pdp
-1.033257707873695,-1.067427594510425
-1.0062451450940886,-1.067427594510425
