mean_pdp,ground_truth_pdp
-1.008954584597376,-1.067427594510425
-0.9895938189376354,-1.067427594510425
