mean_pdp,ground_truth_pdp
-1.0009207013009198,-1.067427594510425
-0.9848021034836405,-1.067427594510425
