mean_pdp,ground_truth_pdp
-1.0340001775128316,-1.067427594510425
-1.0115878723131777,-1.067427594510425
