mean_pdp,ground_truth_pdp
-1.0426633561600127,-1.067427594510425
-1.0214588591095444,-1.067427594510425
