mean_pdp,ground_truth_pdp
-1.0432926446706408,-1.067427594510425
-1.0204668101926146,-1.067427594510425
