mean_pdp,ground_truth_pdp
-1.0277559350008836,-1.067427594510425
-1.0008886527514826,-1.067427594510425
