mean_pdp,ground_truth_pdp
1.687015685880589,1.6385627515242238
1.6482982559423416,1.6385627515242238
