mean_pdp,ground_truth_pdp
1.6851398114410816,1.6385627515242238
1.6483108093733623,1.6385627515242238
