mean_pdp,ground_truth_pdp
1.7501234033240012,1.6385627515242238
1.6962605594629074,1.6385627515242238
