mean_pdp,ground_truth_pdp
1.7116227597310882,1.6385627515242238
1.6658670357144054,1.6385627515242238
