mean_pdp,ground_truth_pdp
1.6907174559723281,1.6385627515242238
1.6573038148226378,1.6385627515242238
