mean_pdp,ground_truth_pdp
1.898067061875567,1.6385627515242238
1.7908280457478665,1.6385627515242238
