mean_pdp,ground_truth_pdp
1.7152812303927345,1.6385627515242238
1.681988524643294,1.6385627515242238
