mean_pdp,ground_truth_pdp
1.7935405430817668,1.6385627515242238
1.7480119412890267,1.6385627515242238
