mean_pdp,ground_truth_pdp
1.698652231482413,1.6385627515242238
1.6496277543589328,1.6385627515242238
