mean_pdp,ground_truth_pdp
1.70248371574206,1.6385627515242238
1.6486156337341311,1.6385627515242238
