mean_pdp,ground_truth_pdp
0.1205383992337748,-0.03853724847577608
1.9976903455966735,1.9614627515242238
2.888523432487684,2.961462751524224
