mean_pdp,ground_truth_pdp
0.11967247933918429,-0.03853724847577608
1.9961622508786643,1.9614627515242238
2.893917307907845,2.961462751524224
