mean_pdp,ground_truth_pdp
0.12329270759192289,-0.03853724847577608
2.022467376726306,1.9614627515242238
2.9465407472917238,2.961462751524224
