mean_pdp,ground_truth_pdp
0.15707179286831058,-0.03853724847577608
2.036300342671173,1.9614627515242238
2.9732011304384915,2.961462751524224
