mean_pdp,ground_truth_pdp
0.1487758722374475,-0.03853724847577608
1.9885342693800965,1.9614627515242238
2.881947120544377,2.961462751524224
