mean_pdp,ground_truth_pdp
0.23307207091505389,-0.03853724847577608
2.0801292499337047,1.9614627515242238
2.996783679504874,2.961462751524224
