mean_pdp,ground_truth_pdp
0.334409326744217,-0.03853724847577608
2.1216281477683054,1.9614627515242238
3.076764828945179,2.961462751524224
