mean_pdp,ground_truth_pdp
0.16904332340328013,-0.03853724847577608
1.9968340489470164,1.9614627515242238
2.897943350432438,2.961462751524224
