mean_pdp,ground_truth_pdp
0.09363586734371539,-0.03853724847577608
2.002176801340263,1.9614627515242238
2.927889638037249,2.961462751524224
