mean_pdp,ground_truth_pdp
0.09503545828651114,-0.03853724847577608
1.9978156649521117,1.9614627515242238
2.935582612326882,2.961462751524224
