mean_pdp,ground_truth_pdp
0.7248146714674222,0.6229627515242241
2.585825212589514,2.622962751524224
