mean_pdp,ground_truth_pdp
0.7261135384782452,0.6229627515242241
2.582632842919437,2.622962751524224
