mean_pdp,ground_truth_pdp
0.7433124383738097,0.6229627515242241
2.6265512133410427,2.622962751524224
