mean_pdp,ground_truth_pdp
0.8401192373289305,0.6229627515242241
2.6748105541761595,2.622962751524224
