mean_pdp,ground_truth_pdp
0.7389650962805174,0.6229627515242241
2.5835386206652826,2.622962751524224
