mean_pdp,ground_truth_pdp
0.9199907731329524,0.6229627515242241
2.741848672165754,2.622962751524224
