mean_pdp,ground_truth_pdp
0.7699362836418171,0.6229627515242241
2.6488972526709076,2.622962751524224
