mean_pdp,ground_truth_pdp
0.7549394034413218,0.6229627515242241
2.5969462442632016,2.622962751524224
