mean_pdp,ground_truth_pdp
0.7160379776844398,0.6229627515242241
2.6050594680571453,2.622962751524224
