mean_pdp,ground_truth_pdp
0.7132417795352242,0.6229627515242241
2.610756990856764,2.622962751524224
