mean_pdp,ground_truth_pdp
1.8198695494370598,1.6947263466946307
3.654603375822456,3.694726346694631
