mean_pdp,ground_truth_pdp
2.7824014125281886,2.6630387565418743
4.625608462720922,4.663038756541875
