mean_pdp,ground_truth_pdp
1.7757286093485258,1.6947263466946307
3.710556899745631,3.694726346694631
