mean_pdp,ground_truth_pdp
2.746096665594677,2.6630387565418743
4.6799495366658075,4.663038756541875
