mean_pdp,ground_truth_pdp
2.7613880352254854,2.6630387565418743
4.670543778462425,4.663038756541875
