mean_pdp,ground_truth_pdp
1.7953308795978355,1.6947263466946307
3.6972174322579074,3.694726346694631
