mean_pdp,ground_truth_pdp
2.7641809443517045,2.668338756541875
2.728611803128915,2.668338756541875
5.599552549601939,5.668338756541874
