mean_pdp,ground_truth_pdp
1.7986502445708292,1.7000263466946308
1.7689711688451648,1.7000263466946308
4.626471378849724,4.70002634669463
