mean_pdp,ground_truth_pdp
2.7437773796939,2.668338756541875
2.7173492633445733,2.668338756541875
5.646427408766009,5.668338756541874
