mean_pdp,ground_truth_pdp
1.7775906159584067,1.7000263466946308
1.7573081526864498,1.7000263466946308
4.6660797861436,4.70002634669463
