mean_pdp,ground_truth_pdp
2.7641940084586745,2.668338756541875
2.7280166712653964,2.668338756541875
5.632403946228244,5.668338756541874
