mean_pdp,ground_truth_pdp
1.7956525823197094,1.7000263466946308
1.7655416353965079,1.7000263466946308
4.65561888576299,4.70002634669463
