mean_pdp,ground_truth_pdp
2.755071060390689,2.7113263466946314
2.7339329420780536,2.7113263466946314
