mean_pdp,ground_truth_pdp
3.719774109087287,3.6796387565418742
3.702342161234054,3.6796387565418742
