mean_pdp,ground_truth_pdp
2.7597314631661205,2.7113263466946314
2.738813574693445,2.7113263466946314
