mean_pdp,ground_truth_pdp
3.7311909463551203,3.6796387565418742
3.706229630229731,3.6796387565418742
