mean_pdp,ground_truth_pdp
3.73357788848105,3.6796387565418742
3.7124073812443763,3.6796387565418742
