mean_pdp,ground_truth_pdp
2.7657009195995284,2.7113263466946314
2.7416986838356245,2.7113263466946314
