mean_pdp,ground_truth_pdp
0.7887227769906877,0.839479861385661
-2.7700520896199166,-2.89280414686354
