mean_pdp,ground_truth_pdp
0.7773812516395764,0.839479861385661
-2.77161763702209,-2.89280414686354
