mean_pdp,ground_truth_pdp
0.8832826486788484,0.839479861385661
-2.6754247565870037,-2.89280414686354
