mean_pdp,ground_truth_pdp
0.87283678974027,0.839479861385661
-2.808902321131772,-2.89280414686354
