mean_pdp,ground_truth_pdp
0.8402846372050076,0.839479861385661
-2.800963581634642,-2.89280414686354
