mean_pdp,ground_truth_pdp
0.8383969892008525,0.839479861385661
-2.833526618342307,-2.89280414686354
