mean_pdp,ground_truth_pdp
-1.3468318023387773,-1.3961275945104252
0.6085239418422735,0.6038724054895747
-2.2519169437334154,-2.3961275945104252
