mean_pdp,ground_truth_pdp
-1.3408596509519488,-1.3961275945104252
0.6158734764053436,0.6038724054895747
-2.24601418450021,-2.3961275945104252
