mean_pdp,ground_truth_pdp
-1.3331533240539604,-1.3961275945104252
0.6758085276084337,0.6038724054895747
-2.242466006932326,-2.3961275945104252
