mean_pdp,ground_truth_pdp
-1.3002453913479615,-1.3961275945104252
0.6967264728392296,0.6038724054895747
-2.249597998095886,-2.3961275945104252
