mean_pdp,ground_truth_pdp
-1.242715476835998,-1.3961275945104252
0.7309165399371986,0.6038724054895747
-2.175675477361341,-2.3961275945104252
