mean_pdp,ground_truth_pdp
-1.2986353753467823,-1.3961275945104252
0.6963225678672151,0.6038724054895747
-2.198112494491599,-2.3961275945104252
