mean_pdp,ground_truth_pdp
-1.3333270652127003,-1.3961275945104252
0.6448431822329097,0.6038724054895747
-2.2529277589102774,-2.3961275945104252
