mean_pdp,ground_truth_pdp
-1.0303902243761107,-1.067427594510425
-1.0024054978623305,-1.067427594510425
