mean_pdp,ground_truth_pdp
-1.024867525638247,-1.067427594510425
-0.9952122083164473,-1.067427594510425
