mean_pdp,ground_truth_pdp
-1.0000943198281562,-1.067427594510425
-0.9716593583029972,-1.067427594510425
