mean_pdp,ground_truth_pdp
-0.9637233088966781,-1.067427594510425
-0.9416612610433852,-1.067427594510425
