mean_pdp,ground_truth_pdp
-0.9255352417997565,-1.067427594510425
-0.9049145069932235,-1.067427594510425
