mean_pdp,ground_truth_pdp
-1.0311573345834095,-1.067427594510425
-1.0049520570334927,-1.067427594510425
