mean_pdp,ground_truth_pdp
-1.0126685173078216,-1.067427594510425
-0.9887254218207977,-1.067427594510425
