mean_pdp,ground_truth_pdp
1.6209278418742463,1.6385627515242238
1.607377731010789,1.6385627515242238
