mean_pdp,ground_truth_pdp
1.6046919790363778,1.6385627515242238
1.6020583324960587,1.6385627515242238
