mean_pdp,ground_truth_pdp
1.6153639783516873,1.6385627515242238
1.5826198261584952,1.6385627515242238
