mean_pdp,ground_truth_pdp
1.6139656165107137,1.6385627515242238
1.5860471604712179,1.6385627515242238
