mean_pdp,ground_truth_pdp
1.62595127326602,1.6385627515242238
1.588376265056617,1.6385627515242238
