mean_pdp,ground_truth_pdp
1.623620670197731,1.6385627515242238
1.594088488911155,1.6385627515242238
