mean_pdp,ground_truth_pdp
1.6640712873054373,1.6385627515242238
1.5473971989387387,1.6385627515242238
