mean_pdp,ground_truth_pdp
1.6570794781005698,1.6385627515242238
1.5645338705023526,1.6385627515242238
