mean_pdp,ground_truth_pdp
1.6301892322740572,1.6385627515242238
1.6091219197538307,1.6385627515242238
