mean_pdp,ground_truth_pdp
1.5966351157424632,1.6385627515242238
1.598128496156721,1.6385627515242238
