mean_pdp,ground_truth_pdp
0.06476903479047495,-0.03853724847577608
1.9166947538229113,1.9614627515242238
2.8563422632625954,2.961462751524224
