mean_pdp,ground_truth_pdp
0.049586315547665696,-0.03853724847577608
1.9053528353188078,1.9614627515242238
2.8505927117324963,2.961462751524224
