mean_pdp,ground_truth_pdp
0.13023345512251885,-0.03853724847577608
1.867495617531957,1.9614627515242238
2.8259120337776475,2.961462751524224
