mean_pdp,ground_truth_pdp
0.11429549232264194,-0.03853724847577608
1.8686655717093859,1.9614627515242238
2.8255939161252583,2.961462751524224
