mean_pdp,ground_truth_pdp
0.061134927907866905,-0.03853724847577608
1.8970278982320599,1.9614627515242238
2.8656062166921807,2.961462751524224
