mean_pdp,ground_truth_pdp
0.09586258643934335,-0.03853724847577608
1.8790332863605836,1.9614627515242238
2.8253204918045216,2.961462751524224
