mean_pdp,ground_truth_pdp
0.05516947184004836,-0.03853724847577608
1.9164292185390894,1.9614627515242238
2.8868400723968697,2.961462751524224
