mean_pdp,ground_truth_pdp
0.023791852071575897,-0.03853724847577608
1.8929892536306088,1.9614627515242238
2.8749576659013303,2.961462751524224
