mean_pdp,ground_truth_pdp
0.6158462195324932,0.6229627515242241
2.5633576499035327,2.622962751524224
