mean_pdp,ground_truth_pdp
0.6303757992121459,0.6229627515242241
2.5705936012947093,2.622962751524224
