mean_pdp,ground_truth_pdp
0.6782882076207924,0.6229627515242241
2.516265862052642,2.622962751524224
