mean_pdp,ground_truth_pdp
0.6303864087096537,0.6229627515242241
2.544598312481532,2.622962751524224
