mean_pdp,ground_truth_pdp
0.6218389684612883,0.6229627515242241
2.568857353867704,2.622962751524224
