mean_pdp,ground_truth_pdp
0.659808345868025,0.6229627515242241
2.5229656682794857,2.622962751524224
