mean_pdp,ground_truth_pdp
0.6156790145436991,0.6229627515242241
2.571090622609985,2.622962751524224
