mean_pdp,ground_truth_pdp
0.6266904363591002,0.6229627515242241
2.5459382737269007,2.622962751524224
