mean_pdp,ground_truth_pdp
0.5882114054667202,0.6229627515242241
2.577963492577972,2.622962751524224
