mean_pdp,ground_truth_pdp
0.6182392034713357,0.6229627515242241
2.592917792119738,2.622962751524224
