mean_pdp,ground_truth_pdp
1.6010373650993375,1.6385627515242238
1.5985963035736543,1.6385627515242238
