mean_pdp,ground_truth_pdp
1.6177229281091636,1.6385627515242238
1.607821222925907,1.6385627515242238
