mean_pdp,ground_truth_pdp
1.6677903092946575,1.6385627515242238
1.6104974518896316,1.6385627515242238
