mean_pdp,ground_truth_pdp
1.4509745282632436,1.6385627515242238
1.4937404711473021,1.6385627515242238
