mean_pdp,ground_truth_pdp
1.6072278446934303,1.6385627515242238
1.613353260001831,1.6385627515242238
