mean_pdp,ground_truth_pdp
1.6775854560010703,1.6385627515242238
1.6175822231347372,1.6385627515242238
