mean_pdp,ground_truth_pdp
1.486501567104396,1.6385627515242238
1.5114240502996836,1.6385627515242238
