mean_pdp,ground_truth_pdp
1.5906541223132553,1.6385627515242238
1.5911498175493,1.6385627515242238
