mean_pdp,ground_truth_pdp
1.6179651097112147,1.6385627515242238
1.6061958875382076,1.6385627515242238
