mean_pdp,ground_truth_pdp
0.03575478353991599,-0.03853724847577608
1.922417170763695,1.9614627515242238
2.8784028805193693,2.961462751524224
