mean_pdp,ground_truth_pdp
0.019987815359169898,-0.03853724847577608
1.908437848721523,1.9614627515242238
2.8692933568008585,2.961462751524224
