mean_pdp,ground_truth_pdp
-0.020810883966681775,-0.03853724847577608
1.776238891725065,1.9614627515242238
2.7430133675839774,2.961462751524224
