mean_pdp,ground_truth_pdp
0.1883130198957615,-0.03853724847577608
1.933933690331339,1.9614627515242238
2.826521147385526,2.961462751524224
