mean_pdp,ground_truth_pdp
-0.028175910387932962,-0.03853724847577608
1.7513831345077226,1.9614627515242238
2.6989979333858787,2.961462751524224
