mean_pdp,ground_truth_pdp
0.025479176067322307,-0.03853724847577608
1.9038726094064415,1.9614627515242238
2.8980807920229155,2.961462751524224
