mean_pdp,ground_truth_pdp
0.0455399138073787,-0.03853724847577608
1.9156079142738072,1.9614627515242238
2.8750516848023886,2.961462751524224
