mean_pdp,ground_truth_pdp
0.01944290132168924,-0.03853724847577608
1.8929390011287346,1.9614627515242238
2.8602467428301894,2.961462751524224
