mean_pdp,ground_truth_pdp
0.5908079929077877,0.6229627515242241
2.5810474213316725,2.622962751524224
