mean_pdp,ground_truth_pdp
0.6054002236350448,0.6229627515242241
2.5922979571998033,2.622962751524224
