mean_pdp,ground_truth_pdp
0.5047443682974726,0.6229627515242241
2.4181437075895764,2.622962751524224
