mean_pdp,ground_truth_pdp
0.6019704482921807,0.6229627515242241
2.588793308916904,2.622962751524224
