mean_pdp,ground_truth_pdp
0.6728548008069749,0.6229627515242241
2.5810734617933973,2.622962751524224
