mean_pdp,ground_truth_pdp
0.6983911463367556,0.6229627515242241
2.5744356837623195,2.622962751524224
