mean_pdp,ground_truth_pdp
0.5179373783755487,0.6229627515242241
2.4560398808552026,2.622962751524224
