mean_pdp,ground_truth_pdp
0.6095375874109601,0.6229627515242241
2.587215645705165,2.622962751524224
