mean_pdp,ground_truth_pdp
0.5855340170155724,0.6229627515242241
2.5689596873601834,2.622962751524224
