mean_pdp,ground_truth_pdp
1.8636292158646905,1.6947263466946307
3.6689888485022317,3.694726346694631
