mean_pdp,ground_truth_pdp
2.818064110837099,2.6630387565418743
4.628074307471868,4.663038756541875
