mean_pdp,ground_truth_pdp
1.771355018677335,1.6947263466946307
3.7087942443762243,3.694726346694631
