mean_pdp,ground_truth_pdp
2.73573570688796,2.6630387565418743
4.674736062418367,4.663038756541875
