mean_pdp,ground_truth_pdp
2.786483753238213,2.6630387565418743
4.655202292742226,4.663038756541875
