mean_pdp,ground_truth_pdp
1.8188042298098464,1.6947263466946307
3.6877536892658584,3.694726346694631
