mean_pdp,ground_truth_pdp
2.8101458772779955,2.668338756541875
2.7781910238285055,2.668338756541875
5.561657616313488,5.668338756541874
