mean_pdp,ground_truth_pdp
1.852753649405757,1.7000263466946308
1.822004505971974,1.7000263466946308
4.603417164537143,4.70002634669463
