mean_pdp,ground_truth_pdp
1.7709489050379852,1.7000263466946308
1.7470214659633154,1.7000263466946308
4.670689335127328,4.70002634669463
