mean_pdp,ground_truth_pdp
2.7397706476481067,2.668338756541875
2.711913655501958,2.668338756541875
5.63206121139193,5.668338756541874
