mean_pdp,ground_truth_pdp
2.786950280785758,2.668338756541875
2.7526988789901323,2.668338756541875
5.600884853927061,5.668338756541874
