mean_pdp,ground_truth_pdp
1.8178401188893338,1.7000263466946308
1.7846560362230648,1.7000263466946308
4.632821807759882,4.70002634669463
