mean_pdp,ground_truth_pdp
2.782559969455653,2.7113263466946314
2.7636736669589324,2.7113263466946314
