mean_pdp,ground_truth_pdp
3.740946563815893,3.6796387565418742
3.7195638519294314,3.6796387565418742
