mean_pdp,ground_truth_pdp
2.759875091776653,2.7113263466946314
2.732239578759878,2.7113263466946314
