mean_pdp,ground_truth_pdp
3.7259281374522124,3.6796387565418742
3.694561478290723,3.6796387565418742
