mean_pdp,ground_truth_pdp
2.77032300658254,2.7113263466946314
2.749144265565944,2.7113263466946314
