mean_pdp,ground_truth_pdp
3.7397955739431357,3.6796387565418742
3.7162948218162084,3.6796387565418742
