mean_pdp,ground_truth_pdp
2.697326858177335,2.6630387565418743
4.605802605776077,4.663038756541875
