mean_pdp,ground_truth_pdp
1.7464824446452256,1.6947263466946307
3.6464983112085747,3.694726346694631
