mean_pdp,ground_truth_pdp
2.6823649903133178,2.6630387565418743
4.647676518978439,4.663038756541875
