mean_pdp,ground_truth_pdp
1.7246012845507936,1.6947263466946307
3.681494726319743,3.694726346694631
