mean_pdp,ground_truth_pdp
1.7191651940432073,1.6947263466946307
3.678946799751995,3.694726346694631
