mean_pdp,ground_truth_pdp
1.6976661224945655,1.7000263466946308
1.7209022608541187,1.7000263466946308
4.631794650876366,4.70002634669463
