mean_pdp,ground_truth_pdp
2.6534816106332726,2.668338756541875
2.6730674021430394,2.668338756541875
5.587666902565872,5.668338756541874
