mean_pdp,ground_truth_pdp
1.6867708372306047,1.7000263466946308
1.7093805066776944,1.7000263466946308
4.664457584376356,4.70002634669463
