mean_pdp,ground_truth_pdp
2.6479562919067696,2.668338756541875
2.666053809279263,2.668338756541875
5.639746570199216,5.668338756541874
