mean_pdp,ground_truth_pdp
2.6491711898140577,2.668338756541875
2.667802578819466,2.668338756541875
5.626809490072143,5.668338756541874
