mean_pdp,ground_truth_pdp
2.6865333877981215,2.7113263466946314
2.7150302855609008,2.7113263466946314
