mean_pdp,ground_truth_pdp
3.6449435067949474,3.6796387565418742
3.667025528935428,3.6796387565418742
