mean_pdp,ground_truth_pdp
3.6610316678425874,3.6796387565418742
3.677257248244877,3.6796387565418742
