mean_pdp,ground_truth_pdp
3.661024374373765,3.6796387565418742
3.669660037746503,3.6796387565418742
