mean_pdp,ground_truth_pdp
2.692856453961429,2.7113263466946314
2.7150831962644744,2.7113263466946314
