mean_pdp,ground_truth_pdp
2.696431186519358,2.7113263466946314
2.7182220458303537,2.7113263466946314
