mean_pdp,ground_truth_pdp
2.6986721089458867,2.6630387565418743
4.615944042806924,4.663038756541875
