mean_pdp,ground_truth_pdp
1.7443321183248894,1.6947263466946307
3.656631792530195,3.694726346694631
