mean_pdp,ground_truth_pdp
1.7255864625219477,1.6947263466946307
3.686802147533389,3.694726346694631
