mean_pdp,ground_truth_pdp
2.679540445736475,2.6630387565418743
4.645225781100236,4.663038756541875
