mean_pdp,ground_truth_pdp
2.6798329669996943,2.6630387565418743
4.643429142497427,4.663038756541875
