mean_pdp,ground_truth_pdp
2.652984801123578,2.668338756541875
2.673885651878197,2.668338756541875
5.604000232295239,5.668338756541874
