mean_pdp,ground_truth_pdp
1.695892942511394,1.7000263466946308
1.7183725562159342,1.7000263466946308
4.647404620074817,4.70002634669463
