mean_pdp,ground_truth_pdp
1.6895797599195586,1.7000263466946308
1.7101564144555095,1.7000263466946308
4.675364508632272,4.70002634669463
