mean_pdp,ground_truth_pdp
2.6440679151338484,2.668338756541875
2.6707259024990537,2.668338756541875
5.631571907451166,5.668338756541874
