mean_pdp,ground_truth_pdp
2.6451324149522653,2.668338756541875
2.6680173847794166,2.668338756541875
5.633739676049197,5.668338756541874
