mean_pdp,ground_truth_pdp
1.6896618947430828,1.7000263466946308
1.718725439432313,1.7000263466946308
4.673747977465262,4.70002634669463
