mean_pdp,ground_truth_pdp
1.6904221513840034,1.7000263466946308
1.7128683093795023,1.7000263466946308
4.665053954837921,4.70002634669463
