mean_pdp,ground_truth_pdp
3.650717200793649,3.6796387565418742
3.6728143023975535,3.6796387565418742
