mean_pdp,ground_truth_pdp
2.6927630477354225,2.7113263466946314
2.7168615584646725,2.7113263466946314
