mean_pdp,ground_truth_pdp
3.658095830714605,3.6796387565418742
3.6749633621291644,3.6796387565418742
