mean_pdp,ground_truth_pdp
2.701691436102945,2.7113263466946314
2.7205159302954276,2.7113263466946314
