mean_pdp,ground_truth_pdp
1.5637112818089727,1.6385627515242238
1.5712907752965053,1.6385627515242238
