mean_pdp,ground_truth_pdp
1.5691621090694818,1.6385627515242238
1.5796057872184164,1.6385627515242238
