mean_pdp,ground_truth_pdp
1.6375254597602704,1.6385627515242238
1.636191683606624,1.6385627515242238
