mean_pdp,ground_truth_pdp
1.6351389851244411,1.6385627515242238
1.6516134783901608,1.6385627515242238
