mean_pdp,ground_truth_pdp
1.6032163890162023,1.6385627515242238
1.6030306255835265,1.6385627515242238
