mean_pdp,ground_truth_pdp
1.6232536687430237,1.6385627515242238
1.6257373748638777,1.6385627515242238
