mean_pdp,ground_truth_pdp
1.6925010884361982,1.6385627515242238
1.7301239770690635,1.6385627515242238
