mean_pdp,ground_truth_pdp
1.6136310953172737,1.6385627515242238
1.614238476355316,1.6385627515242238
