mean_pdp,ground_truth_pdp
1.634272319568944,1.6385627515242238
1.6585983402604667,1.6385627515242238
