mean_pdp,ground_truth_pdp
1.6089150755382455,1.6385627515242238
1.600820706840648,1.6385627515242238
