mean_pdp,ground_truth_pdp
1.5466938451834606,1.6385627515242238
1.5647364672799926,1.6385627515242238
