mean_pdp,ground_truth_pdp
1.5425406647761548,1.6385627515242238
1.5651640236661835,1.6385627515242238
