mean_pdp,ground_truth_pdp
0.05623004685274174,-0.03853724847577608
1.8533779339855583,1.9614627515242238
2.7887616502159527,2.961462751524224
