mean_pdp,ground_truth_pdp
0.06448593620109236,-0.03853724847577608
1.8630662648588925,1.9614627515242238
2.7931062575568983,2.961462751524224
