mean_pdp,ground_truth_pdp
0.10332322106490958,-0.03853724847577608
1.898783392311129,1.9614627515242238
2.8700077326951,2.961462751524224
