mean_pdp,ground_truth_pdp
0.018612357378939032,-0.03853724847577608
1.9260340778633858,1.9614627515242238
2.9873529195116775,2.961462751524224
