mean_pdp,ground_truth_pdp
-0.04048747177821767,-0.03853724847577608
1.9007342536727505,1.9614627515242238
2.9443199204792982,2.961462751524224
