mean_pdp,ground_truth_pdp
0.2522474919363205,-0.03853724847577608
1.938995461732427,1.9614627515242238
2.932003051413959,2.961462751524224
