mean_pdp,ground_truth_pdp
0.15046998496508382,-0.03853724847577608
1.8935516616714463,1.9614627515242238
2.8597917400460675,2.961462751524224
