mean_pdp,ground_truth_pdp
0.08100779447908536,-0.03853724847577608
1.922154404190009,1.9614627515242238
2.9225656468061327,2.961462751524224
