mean_pdp,ground_truth_pdp
0.040788460446987,-0.03853724847577608
1.904468498127105,1.9614627515242238
2.8937545692060653,2.961462751524224
