mean_pdp,ground_truth_pdp
0.009291722884280852,-0.03853724847577608
1.8379681965323973,1.9614627515242238
2.817419020821477,2.961462751524224
