mean_pdp,ground_truth_pdp
0.010434936158949411,-0.03853724847577608
1.8405238053266406,1.9614627515242238
2.8111269897269002,2.961462751524224
