mean_pdp,ground_truth_pdp
0.6008948958264526,0.6229627515242241
2.507887922843883,2.622962751524224
