mean_pdp,ground_truth_pdp
0.6074686320740986,0.6229627515242241
2.515289422575524,2.622962751524224
