mean_pdp,ground_truth_pdp
0.601086616391485,0.6229627515242241
2.5979881781754153,2.622962751524224
