mean_pdp,ground_truth_pdp
0.602628055262023,0.6229627515242241
2.6596779688223293,2.622962751524224
