mean_pdp,ground_truth_pdp
0.5428857203448834,0.6229627515242241
2.6318571256519703,2.622962751524224
