mean_pdp,ground_truth_pdp
0.6415264209156436,0.6229627515242241
2.617061330134854,2.622962751524224
