mean_pdp,ground_truth_pdp
0.7762489306374794,0.6229627515242241
2.6182611521666175,2.622962751524224
