mean_pdp,ground_truth_pdp
0.6151269339550572,0.6229627515242241
2.568062035584368,2.622962751524224
