mean_pdp,ground_truth_pdp
0.6420868036378297,0.6229627515242241
2.580777470223994,2.622962751524224
