mean_pdp,ground_truth_pdp
0.6742320474579839,0.6229627515242241
2.5697893874992217,2.622962751524224
