mean_pdp,ground_truth_pdp
0.5668857187245118,0.6229627515242241
2.5173983061013745,2.622962751524224
