mean_pdp,ground_truth_pdp
0.5655363784047764,0.6229627515242241
2.515690450829937,2.622962751524224
