mean_pdp,ground_truth_pdp
1.778305787609124,1.6947263466946307
3.6179582577584806,3.694726346694631
