mean_pdp,ground_truth_pdp
2.729450319918184,2.6630387565418743
4.5603498490992385,4.663038756541875
