mean_pdp,ground_truth_pdp
2.670451103289226,2.6630387565418743
4.624984807519167,4.663038756541875
