mean_pdp,ground_truth_pdp
1.7166461353094142,1.6947263466946307
3.6578789392514195,3.694726346694631
