mean_pdp,ground_truth_pdp
1.6909644153942056,1.6947263466946307
3.676129006098723,3.694726346694631
