mean_pdp,ground_truth_pdp
2.641870485075633,2.6630387565418743
4.593372711662337,4.663038756541875
