mean_pdp,ground_truth_pdp
1.7894816708708656,1.6947263466946307
3.6086478475749035,3.694726346694631
