mean_pdp,ground_truth_pdp
2.7379688953337418,2.6630387565418743
4.552820445014147,4.663038756541875
