mean_pdp,ground_truth_pdp
1.7720547601317356,1.7000263466946308
1.701253053420842,1.7000263466946308
4.589210916407217,4.70002634669463
