mean_pdp,ground_truth_pdp
2.7201803189100504,2.668338756541875
2.6562631554326375,2.668338756541875
5.52690613189374,5.668338756541874
