mean_pdp,ground_truth_pdp
1.6837315321510578,1.7000263466946308
1.6296829633805678,1.7000263466946308
4.699691407014252,4.70002634669463
