mean_pdp,ground_truth_pdp
2.684329373776626,2.668338756541875
2.6313267227132258,2.668338756541875
5.594402589544207,5.668338756541874
