mean_pdp,ground_truth_pdp
2.6843293737766256,2.668338756541875
2.6313267227132253,2.668338756541875
5.594402589544207,5.668338756541874
