mean_pdp,ground_truth_pdp
2.644155779778779,2.668338756541875
2.599897439213976,2.668338756541875
5.57455065872038,5.668338756541874
