mean_pdp,ground_truth_pdp
1.7174230599548885,1.7000263466946308
1.6581513845938798,1.7000263466946308
4.649558187026538,4.70002634669463
