mean_pdp,ground_truth_pdp
2.726698712537533,2.668338756541875
2.6683811743154813,2.668338756541875
5.50889053840868,5.668338756541874
