mean_pdp,ground_truth_pdp
1.7813625136359907,1.7000263466946308
1.7082460819189862,1.7000263466946308
4.5736828451145,4.70002634669463
