mean_pdp,ground_truth_pdp
2.6818777634938464,2.7113263466946314
2.721646861666695,2.7113263466946314
