mean_pdp,ground_truth_pdp
3.6235554311727087,3.6796387565418742
3.6733822364676287,3.6796387565418742
