mean_pdp,ground_truth_pdp
2.67311632699942,2.7113263466946314
2.7065892644663134,2.7113263466946314
