mean_pdp,ground_truth_pdp
2.669869697713477,2.7113263466946314
2.704647312042115,2.7113263466946314
