mean_pdp,ground_truth_pdp
3.6280464619139265,3.6796387565418742
3.6751519861337907,3.6796387565418742
