mean_pdp,ground_truth_pdp
3.5984944399740297,3.6796387565418742
3.6446884411367377,3.6796387565418742
