mean_pdp,ground_truth_pdp
3.6270252045772344,3.6796387565418742
3.6713680420086834,3.6796387565418742
