mean_pdp,ground_truth_pdp
2.685172811707648,2.7113263466946314
2.718843070910763,2.7113263466946314
