mean_pdp,ground_truth_pdp
1.8066860494776773,1.6947263466946307
3.665312451448527,3.694726346694631
