mean_pdp,ground_truth_pdp
2.763117613888721,2.6630387565418743
4.624265822971757,4.663038756541875
