mean_pdp,ground_truth_pdp
2.72878311399658,2.6630387565418743
4.675158538101136,4.663038756541875
