mean_pdp,ground_truth_pdp
1.781956764035464,1.6947263466946307
3.714404485387166,3.694726346694631
