mean_pdp,ground_truth_pdp
1.7889189798367378,1.6947263466946307
3.690163122177641,3.694726346694631
