mean_pdp,ground_truth_pdp
2.7487100580000967,2.6630387565418743
4.646092363228604,4.663038756541875
