mean_pdp,ground_truth_pdp
1.7930531071158322,1.7000263466946308
1.7633620135183001,1.7000263466946308
4.631477774163093,4.70002634669463
