mean_pdp,ground_truth_pdp
2.7530059446725206,2.668338756541875
2.721776963619862,2.668338756541875
5.587918761344493,5.668338756541874
