mean_pdp,ground_truth_pdp
2.7282652447392195,2.668338756541875
2.7077578271892406,2.668338756541875
5.637868161261679,5.668338756541874
