mean_pdp,ground_truth_pdp
1.7781185489047382,1.7000263466946308
1.750302291695228,1.7000263466946308
4.684320469363816,4.70002634669463
