mean_pdp,ground_truth_pdp
2.7469965692420835,2.668338756541875
2.7151727339444673,2.668338756541875
5.608926010724798,5.668338756541874
