mean_pdp,ground_truth_pdp
1.7855753256831228,1.7000263466946308
1.7551580205771409,1.7000263466946308
4.654027834193999,4.70002634669463
