mean_pdp,ground_truth_pdp
3.710023019353777,3.6796387565418742
3.6925190091211473,3.6796387565418742
