mean_pdp,ground_truth_pdp
2.750880309052235,2.7113263466946314
2.735419700376351,2.7113263466946314
