mean_pdp,ground_truth_pdp
2.7629272485736607,2.7113263466946314
2.745275129483457,2.7113263466946314
