mean_pdp,ground_truth_pdp
3.725042321906853,3.6796387565418742
3.689050487566795,3.6796387565418742
