mean_pdp,ground_truth_pdp
2.7629272485736607,2.7113263466946314
2.7452751294834576,2.7113263466946314
