mean_pdp,ground_truth_pdp
3.7139950471668777,3.6796387565418742
3.695794989195909,3.6796387565418742
