mean_pdp,ground_truth_pdp
2.7542136085449727,2.7113263466946314
2.738142205838172,2.7113263466946314
