mean_pdp,ground_truth_pdp
1.7067433316400802,1.6385627515242238
1.6910063818372205,1.6385627515242238
