mean_pdp,ground_truth_pdp
1.6651925073978293,1.6385627515242238
1.6569494349895335,1.6385627515242238
