mean_pdp,ground_truth_pdp
1.6247169212430648,1.6385627515242238
1.609555025181019,1.6385627515242238
