mean_pdp,ground_truth_pdp
1.860012024191227,1.6385627515242238
1.7473501618313791,1.6385627515242238
