mean_pdp,ground_truth_pdp
1.6359577589256846,1.6385627515242238
1.6079647648860556,1.6385627515242238
