mean_pdp,ground_truth_pdp
1.633644375779034,1.6385627515242238
1.6202244713630203,1.6385627515242238
