mean_pdp,ground_truth_pdp
1.7083291308675481,1.6385627515242238
1.6666862703447949,1.6385627515242238
