mean_pdp,ground_truth_pdp
1.6695277742961732,1.6385627515242238
1.6374321045700835,1.6385627515242238
