mean_pdp,ground_truth_pdp
1.647593634078902,1.6385627515242238
1.6379871252591252,1.6385627515242238
