mean_pdp,ground_truth_pdp
1.6730594901266915,1.6385627515242238
1.6554777079076455,1.6385627515242238
