mean_pdp,ground_truth_pdp
0.11586126051515948,-0.03853724847577608
1.9866515581901552,1.9614627515242238
2.874099213713046,2.961462751524224
