mean_pdp,ground_truth_pdp
0.1394115999718916,-0.03853724847577608
2.031021200490126,1.9614627515242238
2.9193662315328472,2.961462751524224
