mean_pdp,ground_truth_pdp
0.027594097658807354,-0.03853724847577608
1.9447724517903087,1.9614627515242238
2.8714001539684557,2.961462751524224
