mean_pdp,ground_truth_pdp
0.045451523487826696,-0.03853724847577608
1.9879199848319076,1.9614627515242238
2.9191319874803523,2.961462751524224
