mean_pdp,ground_truth_pdp
0.013314382458647097,-0.03853724847577608
2.03235354552741,1.9614627515242238
3.0079776705696015,2.961462751524224
