mean_pdp,ground_truth_pdp
0.04378929502058755,-0.03853724847577608
1.9336989638642044,1.9614627515242238
2.8822868001168316,2.961462751524224
