mean_pdp,ground_truth_pdp
0.13307642416568424,-0.03853724847577608
2.1494366290721985,1.9614627515242238
3.120945967676315,2.961462751524224
