mean_pdp,ground_truth_pdp
-0.0164479939230518,-0.03853724847577608
1.9604409904580784,1.9614627515242238
2.9284246147164406,2.961462751524224
