mean_pdp,ground_truth_pdp
-0.006564710672556387,-0.03853724847577608
1.9792224923783046,1.9614627515242238
2.9449923017884467,2.961462751524224
