mean_pdp,ground_truth_pdp
-0.002715318207085122,-0.03853724847577608
2.0115638913605958,1.9614627515242238
2.9726033271688306,2.961462751524224
