mean_pdp,ground_truth_pdp
0.7482124967212342,0.6229627515242241
2.617004801980011,2.622962751524224
