mean_pdp,ground_truth_pdp
0.7180694428786832,0.6229627515242241
2.5718703570676724,2.622962751524224
