mean_pdp,ground_truth_pdp
0.6487816166437714,0.6229627515242241
2.5650684755746953,2.622962751524224
