mean_pdp,ground_truth_pdp
0.6581091378776982,0.6229627515242241
2.684412820467408,2.622962751524224
