mean_pdp,ground_truth_pdp
0.6346501143259369,0.6229627515242241
2.5677103369418055,2.622962751524224
