mean_pdp,ground_truth_pdp
0.747903738771202,0.6229627515242241
2.8269874623717173,2.622962751524224
