mean_pdp,ground_truth_pdp
0.625068430501888,0.6229627515242241
2.5971064915350675,2.622962751524224
