mean_pdp,ground_truth_pdp
0.6544745387514229,0.6229627515242241
2.62009413430121,2.622962751524224
