mean_pdp,ground_truth_pdp
0.634359108930138,0.6229627515242241
2.6161100761799183,2.622962751524224
