mean_pdp,ground_truth_pdp
0.6448053682170882,0.6229627515242241
2.647894264068166,2.622962751524224
