mean_pdp,ground_truth_pdp
0.7448129574552594,0.839479861385661
-2.7243418183905885,-2.89280414686354
