mean_pdp,ground_truth_pdp
0.7353664402889515,0.839479861385661
-2.7223281597135727,-2.89280414686354
