mean_pdp,ground_truth_pdp
0.7942698328964315,0.839479861385661
-2.784929293138725,-2.89280414686354
