mean_pdp,ground_truth_pdp
0.784146024220897,0.839479861385661
-2.7733445915303334,-2.89280414686354
