mean_pdp,ground_truth_pdp
0.7868763118414374,0.839479861385661
-2.8387659971051225,-2.89280414686354
