mean_pdp,ground_truth_pdp
0.8034812255804067,0.839479861385661
-2.8151042767790617,-2.89280414686354
