mean_pdp,ground_truth_pdp
0.7095355064033986,0.839479861385661
-2.6717272561102092,-2.89280414686354
