mean_pdp,ground_truth_pdp
0.8097379939840392,0.839479861385661
-2.818337041337707,-2.89280414686354
