mean_pdp,ground_truth_pdp
0.7860613554961798,0.839479861385661
-2.7803988372828163,-2.89280414686354
