mean_pdp,ground_truth_pdp
0.8023303572825994,0.839479861385661
-2.783866805004345,-2.89280414686354
