mean_pdp,ground_truth_pdp
-1.2926183064698176,-1.3961275945104252
0.5258128640534493,0.6038724054895747
-2.2036506576290487,-2.3961275945104252
