mean_pdp,ground_truth_pdp
-1.2982459466203775,-1.3961275945104252
0.5253095898624011,0.6038724054895747
-2.2080883729626883,-2.3961275945104252
