mean_pdp,ground_truth_pdp
-1.2832078702047978,-1.3961275945104252
0.5023936335188343,0.6038724054895747
-2.295883334611813,-2.3961275945104252
