mean_pdp,ground_truth_pdp
-1.302119266806223,-1.3961275945104252
0.5468166269470265,0.6038724054895747
-2.2282725545713675,-2.3961275945104252
