mean_pdp,ground_truth_pdp
-1.3116632076815686,-1.3961275945104252
0.5303349815279544,0.6038724054895747
-2.206414925726198,-2.3961275945104252
