mean_pdp,ground_truth_pdp
-1.320168163303206,-1.3961275945104252
0.530369509605533,0.6038724054895747
-2.232079321642144,-2.3961275945104252
