mean_pdp,ground_truth_pdp
-1.3047867037178231,-1.3961275945104252
0.5458294868348246,0.6038724054895747
-2.232923367895362,-2.3961275945104252
