mean_pdp,ground_truth_pdp
-1.2950946567918586,-1.3961275945104252
0.5466962368305188,0.6038724054895747
-2.2252806359318713,-2.3961275945104252
