mean_pdp,ground_truth_pdp
-1.0402917713367832,-1.067427594510425
-0.9907556706641455,-1.067427594510425
