mean_pdp,ground_truth_pdp
-1.0373816507072657,-1.067427594510425
-0.9866280147313573,-1.067427594510425
