mean_pdp,ground_truth_pdp
-1.0386068363629515,-1.067427594510425
-1.0167294425922606,-1.067427594510425
