mean_pdp,ground_truth_pdp
-1.0362977321518065,-1.067427594510425
-0.9932622477382234,-1.067427594510425
