mean_pdp,ground_truth_pdp
-1.0389826274757288,-1.067427594510425
-1.0494650871184625,-1.067427594510425
