mean_pdp,ground_truth_pdp
-1.0207673969279585,-1.067427594510425
-0.9766805335405996,-1.067427594510425
