mean_pdp,ground_truth_pdp
-1.0340530287260088,-1.067427594510425
-0.998533304197795,-1.067427594510425
