mean_pdp,ground_truth_pdp
-1.0399407782613606,-1.067427594510425
-1.0078191584537959,-1.067427594510425
