mean_pdp,ground_truth_pdp
-1.0415294816282292,-1.067427594510425
-0.9964341873787688,-1.067427594510425
