mean_pdp,ground_truth_pdp
-1.036517607210727,-1.067427594510425
-0.9893254466056336,-1.067427594510425
