mean_pdp,ground_truth_pdp
0.8342282393366471,0.839479861385661
-2.7457002625747178,-2.89280414686354
