mean_pdp,ground_truth_pdp
0.8316625275434578,0.839479861385661
-2.745846991356672,-2.89280414686354
