mean_pdp,ground_truth_pdp
0.8388697665308114,0.839479861385661
-2.783612484645329,-2.89280414686354
