mean_pdp,ground_truth_pdp
0.8622376395877573,0.839479861385661
-2.7795492654453375,-2.89280414686354
