mean_pdp,ground_truth_pdp
0.8670925962558933,0.839479861385661
-2.7819984680438328,-2.89280414686354
