mean_pdp,ground_truth_pdp
0.8269591024314049,0.839479861385661
-2.7815667861972075,-2.89280414686354
