mean_pdp,ground_truth_pdp
0.8789895475268757,0.839479861385661
-2.787502412857087,-2.89280414686354
