mean_pdp,ground_truth_pdp
0.8747133612048935,0.839479861385661
-2.7877469608270107,-2.89280414686354
