mean_pdp,ground_truth_pdp
-1.2548774110978338,-1.3961275945104252
0.6350508338194669,0.6038724054895747
-2.2290776622217123,-2.3961275945104252
