mean_pdp,ground_truth_pdp
-1.2558412076807193,-1.3961275945104252
0.6340963335601746,0.6038724054895747
-2.231135102935279,-2.3961275945104252
