mean_pdp,ground_truth_pdp
-1.2740553445266567,-1.3961275945104252
0.635395429842784,0.6038724054895747
-2.2331990869323297,-2.3961275945104252
