mean_pdp,ground_truth_pdp
-1.2445919347203578,-1.3961275945104252
0.6449268603355381,0.6038724054895747
-2.2404512734072357,-2.3961275945104252
