mean_pdp,ground_truth_pdp
-1.2732120825454873,-1.3961275945104252
0.6380107478854183,0.6038724054895747
-2.271727254261065,-2.3961275945104252
