mean_pdp,ground_truth_pdp
-1.2873075475413323,-1.3961275945104252
0.6222710512775176,0.6038724054895747
-2.261488896743869,-2.3961275945104252
