mean_pdp,ground_truth_pdp
-1.2626103201337469,-1.3961275945104252
0.6485102507376315,0.6038724054895747
-2.2490954064118327,-2.3961275945104252
