mean_pdp,ground_truth_pdp
-1.2576210597172404,-1.3961275945104252
0.6513100040465254,0.6038724054895747
-2.249320713130906,-2.3961275945104252
