mean_pdp,ground_truth_pdp
-1.2560147320790978,-1.3961275945104252
0.6529008378120122,0.6038724054895747
-2.2458916452749613,-2.3961275945104252
