mean_pdp,ground_truth_pdp
-0.9661991039035548,-1.067427594510425
-0.9809955093231872,-1.067427594510425
