mean_pdp,ground_truth_pdp
-0.9648787425643572,-1.067427594510425
-0.9796747816581913,-1.067427594510425
