mean_pdp,ground_truth_pdp
-0.99627141193969,-1.067427594510425
-0.9942947398622329,-1.067427594510425
