mean_pdp,ground_truth_pdp
-0.9781164435257245,-1.067427594510425
-0.9761347344685392,-1.067427594510425
