mean_pdp,ground_truth_pdp
-0.9733966145902988,-1.067427594510425
-0.9749833519713595,-1.067427594510425
