mean_pdp,ground_truth_pdp
-0.9879205893214712,-1.067427594510425
-0.9895113562863147,-1.067427594510425
