mean_pdp,ground_truth_pdp
-0.9659715336301401,-1.067427594510425
-0.9784855000511669,-1.067427594510425
