mean_pdp,ground_truth_pdp
-0.9681721358621359,-1.067427594510425
-0.9806867128261602,-1.067427594510425
