mean_pdp,ground_truth_pdp
1.6214311928543579,1.6385627515242238
1.6202121566592307,1.6385627515242238
