mean_pdp,ground_truth_pdp
1.6200614958370059,1.6385627515242238
1.619822285160232,1.6385627515242238
