mean_pdp,ground_truth_pdp
1.6256634440651176,1.6385627515242238
1.623581528369857,1.6385627515242238
