mean_pdp,ground_truth_pdp
1.673301030792448,1.6385627515242238
1.6339342858665797,1.6385627515242238
