mean_pdp,ground_truth_pdp
1.6251620360761074,1.6385627515242238
1.6230880643646153,1.6385627515242238
