mean_pdp,ground_truth_pdp
1.613601595705206,1.6385627515242238
1.5917038983349499,1.6385627515242238
