mean_pdp,ground_truth_pdp
1.6253499163338945,1.6385627515242238
1.6263613829877979,1.6385627515242238
