mean_pdp,ground_truth_pdp
-0.014417152812219006,-0.03853724847577608
1.967099583041061,1.9614627515242238
2.8980314125281508,2.961462751524224
