mean_pdp,ground_truth_pdp
-0.013124379683107229,-0.03853724847577608
1.968030012463083,1.9614627515242238
2.8983405253184906,2.961462751524224
