mean_pdp,ground_truth_pdp
0.059180970223396676,-0.03853724847577608
1.9954945111222127,1.9614627515242238
2.8956836624751126,2.961462751524224
