mean_pdp,ground_truth_pdp
0.024872979365643012,-0.03853724847577608
1.9281969417082512,1.9614627515242238
2.845957138316068,2.961462751524224
