mean_pdp,ground_truth_pdp
-0.05089653515182215,-0.03853724847577608
1.9648107025455226,1.9614627515242238
2.939376563220221,2.961462751524224
