mean_pdp,ground_truth_pdp
-0.05406199932176277,-0.03853724847577608
1.972321260204411,1.9614627515242238
2.9406359239504116,2.961462751524224
