mean_pdp,ground_truth_pdp
-0.04164693801676668,-0.03853724847577608
1.9696970056470593,1.9614627515242238
2.938456024793783,2.961462751524224
