mean_pdp,ground_truth_pdp
0.625120453897568,0.6229627515242241
2.5814063430037657,2.622962751524224
