mean_pdp,ground_truth_pdp
0.6242315122492977,0.6229627515242241
2.580605261941881,2.622962751524224
