mean_pdp,ground_truth_pdp
0.6090360792952754,0.6229627515242241
2.606060418506653,2.622962751524224
