mean_pdp,ground_truth_pdp
0.6298860939724014,0.6229627515242241
2.544237004738826,2.622962751524224
