mean_pdp,ground_truth_pdp
0.6663157213347723,0.6229627515242241
2.607328172069932,2.622962751524224
