mean_pdp,ground_truth_pdp
0.6114155673662762,0.6229627515242241
2.604431672652204,2.622962751524224
