mean_pdp,ground_truth_pdp
0.6089091473127218,0.6229627515242241
2.607245762730368,2.622962751524224
