mean_pdp,ground_truth_pdp
1.6528639203346434,1.6385627515242238
1.641894806438596,1.6385627515242238
