mean_pdp,ground_truth_pdp
1.6453738037487868,1.6385627515242238
1.640416676728679,1.6385627515242238
