mean_pdp,ground_truth_pdp
1.6340174630601372,1.6385627515242238
1.6073137361248093,1.6385627515242238
