mean_pdp,ground_truth_pdp
1.706215073569645,1.6385627515242238
1.6996028778589691,1.6385627515242238
