mean_pdp,ground_truth_pdp
1.629965029495445,1.6385627515242238
1.615169574005972,1.6385627515242238
