mean_pdp,ground_truth_pdp
1.6502863585056158,1.6385627515242238
1.6426258448024118,1.6385627515242238
