mean_pdp,ground_truth_pdp
1.7264772413931055,1.6385627515242238
1.660323688453158,1.6385627515242238
