mean_pdp,ground_truth_pdp
1.6570404144467694,1.6385627515242238
1.6295327816671417,1.6385627515242238
