mean_pdp,ground_truth_pdp
1.6164205160118228,1.6385627515242238
1.5963968125968662,1.6385627515242238
