mean_pdp,ground_truth_pdp
1.6078922615182498,1.6385627515242238
1.5964681357132577,1.6385627515242238
