mean_pdp,ground_truth_pdp
0.20411420862482868,-0.03853724847577608
1.9225822451380397,1.9614627515242238
2.8113958668472194,2.961462751524224
