mean_pdp,ground_truth_pdp
0.21796858847458847,-0.03853724847577608
1.9149134201994211,1.9614627515242238
2.7917089600062304,2.961462751524224
