mean_pdp,ground_truth_pdp
0.15639317614736192,-0.03853724847577608
1.9746289651988351,1.9614627515242238
2.942716720974427,2.961462751524224
