mean_pdp,ground_truth_pdp
0.10336010523580279,-0.03853724847577608
1.8996040793648459,1.9614627515242238
2.8630794045865073,2.961462751524224
