mean_pdp,ground_truth_pdp
0.07363079256863266,-0.03853724847577608
1.9313125532391637,1.9614627515242238
2.9285377379954904,2.961462751524224
