mean_pdp,ground_truth_pdp
0.15661193977287702,-0.03853724847577608
1.9637467128645683,1.9614627515242238
2.984064951915356,2.961462751524224
