mean_pdp,ground_truth_pdp
0.0735578713601276,-0.03853724847577608
1.9349399706839197,1.9614627515242238
2.9147549943485145,2.961462751524224
