mean_pdp,ground_truth_pdp
0.10331635251069977,-0.03853724847577608
1.9017805298316994,1.9614627515242238
2.854809758398322,2.961462751524224
