mean_pdp,ground_truth_pdp
0.13463043232367158,-0.03853724847577608
1.8777886856793058,1.9614627515242238
2.7911106616530317,2.961462751524224
