mean_pdp,ground_truth_pdp
0.112499811902531,-0.03853724847577608
1.88840817756067,1.9614627515242238
2.815326916264034,2.961462751524224
