mean_pdp,ground_truth_pdp
0.7351281022098093,0.6229627515242241
2.5247233056767144,2.622962751524224
