mean_pdp,ground_truth_pdp
0.7260081897621758,0.6229627515242241
2.5424262595234506,2.622962751524224
