mean_pdp,ground_truth_pdp
0.6387566098621619,0.6229627515242241
2.577140241766443,2.622962751524224
