mean_pdp,ground_truth_pdp
0.6416918524907457,0.6229627515242241
2.611564450050248,2.622962751524224
