mean_pdp,ground_truth_pdp
0.7199162387655978,0.6229627515242241
2.6378171375216173,2.622962751524224
