mean_pdp,ground_truth_pdp
0.7022085924397665,0.6229627515242241
2.6724054953985408,2.622962751524224
