mean_pdp,ground_truth_pdp
0.6357893037154686,0.6229627515242241
2.62309390267589,2.622962751524224
