mean_pdp,ground_truth_pdp
0.6422981391273282,0.6229627515242241
2.570222570191058,2.622962751524224
