mean_pdp,ground_truth_pdp
0.65005268014219,0.6229627515242241
2.5349524177844316,2.622962751524224
