mean_pdp,ground_truth_pdp
0.6651261853110524,0.6229627515242241
2.5118658261678783,2.622962751524224
