mean_pdp,ground_truth_pdp
0.7878972962733063,0.839479861385661
-2.6405669517558636,-2.89280414686354
