mean_pdp,ground_truth_pdp
0.7834685260832124,0.839479861385661
-2.6641107857323565,-2.89280414686354
