mean_pdp,ground_truth_pdp
0.8071969386359824,0.839479861385661
-2.77442272018974,-2.89280414686354
