mean_pdp,ground_truth_pdp
0.801683312843465,0.839479861385661
-2.7630536443132296,-2.89280414686354
