mean_pdp,ground_truth_pdp
0.8706226594136695,0.839479861385661
-2.7059420142767427,-2.89280414686354
