mean_pdp,ground_truth_pdp
0.7989865179102095,0.839479861385661
-2.803178582689333,-2.89280414686354
