mean_pdp,ground_truth_pdp
0.7107453143234661,0.839479861385661
-2.68767509727828,-2.89280414686354
