mean_pdp,ground_truth_pdp
0.8049496095249361,0.839479861385661
-2.807860168836493,-2.89280414686354
