mean_pdp,ground_truth_pdp
0.8016649952567927,0.839479861385661
-2.87087302591024,-2.89280414686354
