mean_pdp,ground_truth_pdp
0.7662190038140648,0.839479861385661
-2.7233687775253026,-2.89280414686354
