mean_pdp,ground_truth_pdp
0.8375535819652549,0.839479861385661
-2.674481078824355,-2.89280414686354
