mean_pdp,ground_truth_pdp
0.8287063506185003,0.839479861385661
-2.7145162079373493,-2.89280414686354
