mean_pdp,ground_truth_pdp
-1.2257796385136923,-1.3961275945104252
0.5615785555139807,0.6038724054895747
-2.119216772902679,-2.3961275945104252
