mean_pdp,ground_truth_pdp
-1.2371977095466722,-1.3961275945104252
0.5497459182557577,0.6038724054895747
-2.1373123175366526,-2.3961275945104252
