mean_pdp,ground_truth_pdp
-1.2399472525967519,-1.3961275945104252
0.541912686128436,0.6038724054895747
-2.2342095539885434,-2.3961275945104252
