mean_pdp,ground_truth_pdp
-1.2900494197748618,-1.3961275945104252
0.5655531958770013,0.6038724054895747
-2.225050872909191,-2.3961275945104252
