mean_pdp,ground_truth_pdp
-1.2694538978228491,-1.3961275945104252
0.5095599224753525,0.6038724054895747
-2.20436459233432,-2.3961275945104252
