mean_pdp,ground_truth_pdp
-1.295270603068866,-1.3961275945104252
0.5561151933277386,0.6038724054895747
-2.2069204335006196,-2.3961275945104252
