mean_pdp,ground_truth_pdp
-1.303261129612945,-1.3961275945104252
0.5533247600422064,0.6038724054895747
-2.2523068379430042,-2.3961275945104252
