mean_pdp,ground_truth_pdp
-1.3111246548745659,-1.3961275945104252
0.5414410703259847,0.6038724054895747
-2.239627591541196,-2.3961275945104252
