mean_pdp,ground_truth_pdp
-1.318211238768051,-1.3961275945104252
0.5462082605981899,0.6038724054895747
-2.3314944517606704,-2.3961275945104252
