mean_pdp,ground_truth_pdp
-1.2094343345134553,-1.3961275945104252
0.6519316392600424,0.6038724054895747
-2.197803623212015,-2.3961275945104252
