mean_pdp,ground_truth_pdp
-1.2197039552275,-1.3961275945104252
0.6017835310671181,0.6038724054895747
-2.1421230531634805,-2.3961275945104252
