mean_pdp,ground_truth_pdp
-1.2411487029070207,-1.3961275945104252
0.5806290710863868,0.6038724054895747
-2.1720133094348424,-2.3961275945104252
