mean_pdp,ground_truth_pdp
-0.9769689450481599,-1.067427594510425
-0.946376133012922,-1.067427594510425
