mean_pdp,ground_truth_pdp
-0.9632473548000963,-1.067427594510425
-0.9325972033855109,-1.067427594510425
