mean_pdp,ground_truth_pdp
-1.0323093857588321,-1.067427594510425
-1.0095604916941692,-1.067427594510425
