mean_pdp,ground_truth_pdp
-1.0152864457280322,-1.067427594510425
-0.9890186297710402,-1.067427594510425
