mean_pdp,ground_truth_pdp
-1.0532321976359726,-1.067427594510425
-1.0550966587394917,-1.067427594510425
