mean_pdp,ground_truth_pdp
-1.0297159537395992,-1.067427594510425
-1.0170369856530157,-1.067427594510425
