mean_pdp,ground_truth_pdp
-1.0200610605239964,-1.067427594510425
-0.9922191545720882,-1.067427594510425
