mean_pdp,ground_truth_pdp
-1.020284795749193,-1.067427594510425
-0.986211861792523,-1.067427594510425
