mean_pdp,ground_truth_pdp
-0.9409264501400874,-1.067427594510425
-0.9354213110325329,-1.067427594510425
