mean_pdp,ground_truth_pdp
-0.9799028530859465,-1.067427594510425
-1.0126355862750067,-1.067427594510425
