mean_pdp,ground_truth_pdp
-0.9769610117652744,-1.067427594510425
-0.9521551939945956,-1.067427594510425
