mean_pdp,ground_truth_pdp
-0.9549214166157296,-1.067427594510425
-0.9259800843768675,-1.067427594510425
