mean_pdp,ground_truth_pdp
0.8413844076541949,0.839479861385661
-2.735999946895147,-2.89280414686354
