mean_pdp,ground_truth_pdp
0.8312664503170971,0.839479861385661
-2.7346648151114166,-2.89280414686354
