mean_pdp,ground_truth_pdp
0.9152122827002133,0.839479861385661
-2.7629292613460974,-2.89280414686354
