mean_pdp,ground_truth_pdp
0.9151309853105587,0.839479861385661
-2.714386412443327,-2.89280414686354
