mean_pdp,ground_truth_pdp
0.9094072728341344,0.839479861385661
-2.729868185642224,-2.89280414686354
