mean_pdp,ground_truth_pdp
0.9223872476431574,0.839479861385661
-2.7557127570731685,-2.89280414686354
