mean_pdp,ground_truth_pdp
0.8704876673128594,0.839479861385661
-2.766239568309348,-2.89280414686354
