mean_pdp,ground_truth_pdp
0.8867888208004058,0.839479861385661
-2.7683906139609133,-2.89280414686354
