mean_pdp,ground_truth_pdp
-1.2500207031670045,-1.3961275945104252
0.6381864503674114,0.6038724054895747
-2.2252621701643793,-2.3961275945104252
