mean_pdp,ground_truth_pdp
-1.2428103473400753,-1.3961275945104252
0.6445174789739828,0.6038724054895747
-2.225733590313137,-2.3961275945104252
