mean_pdp,ground_truth_pdp
-1.2241967985362852,-1.3961275945104252
0.6988878182981505,0.6038724054895747
-2.164495092771017,-2.3961275945104252
