mean_pdp,ground_truth_pdp
-1.2227234833414495,-1.3961275945104252
0.6993041615019246,0.6038724054895747
-2.1941322110827834,-2.3961275945104252
