mean_pdp,ground_truth_pdp
-1.232651427688702,-1.3961275945104252
0.6800529383729816,0.6038724054895747
-2.19124685677101,-2.3961275945104252
