mean_pdp,ground_truth_pdp
-1.229487186663383,-1.3961275945104252
0.6842362575617896,0.6038724054895747
-2.215533622282778,-2.3961275945104252
