mean_pdp,ground_truth_pdp
-1.2364785748320481,-1.3961275945104252
0.6666651546726867,0.6038724054895747
-2.2391028086122637,-2.3961275945104252
