mean_pdp,ground_truth_pdp
-1.2480952592198786,-1.3961275945104252
0.6564651641398774,0.6038724054895747
-2.238343298372598,-2.3961275945104252
