mean_pdp,ground_truth_pdp
-0.9542520830048858,-1.067427594510425
-0.9734634735832067,-1.067427594510425
