mean_pdp,ground_truth_pdp
-0.9579282763507619,-1.067427594510425
-0.9784016851771014,-1.067427594510425
