mean_pdp,ground_truth_pdp
-0.9314702307321718,-1.067427594510425
-0.9493055594468665,-1.067427594510425
