mean_pdp,ground_truth_pdp
-0.9124738147935588,-1.067427594510425
-0.939106856822723,-1.067427594510425
