mean_pdp,ground_truth_pdp
-0.9257084637030659,-1.067427594510425
-0.9440374938129227,-1.067427594510425
