mean_pdp,ground_truth_pdp
-0.9019629437797995,-1.067427594510425
-0.9312891155327434,-1.067427594510425
