mean_pdp,ground_truth_pdp
-0.9546824943638657,-1.067427594510425
-0.9765335069655516,-1.067427594510425
