mean_pdp,ground_truth_pdp
-0.9487597384177319,-1.067427594510425
-0.9685774993976105,-1.067427594510425
