mean_pdp,ground_truth_pdp
2.7142796415412223,2.6630387565418743
4.573270477822184,4.663038756541875
