mean_pdp,ground_truth_pdp
1.7815887569078714,1.6947263466946307
3.6446065847871085,3.694726346694631
