mean_pdp,ground_truth_pdp
1.726295725789133,1.6947263466946307
3.651694846872739,3.694726346694631
