mean_pdp,ground_truth_pdp
2.678945316728421,2.6630387565418743
4.6314606499574555,4.663038756541875
