mean_pdp,ground_truth_pdp
2.7204564178060355,2.6630387565418743
4.567680693912862,4.663038756541875
