mean_pdp,ground_truth_pdp
1.7968957409011814,1.6947263466946307
3.640249865130689,3.694726346694631
