mean_pdp,ground_truth_pdp
1.771578392692446,1.7000263466946308
1.6974421706959413,1.7000263466946308
4.63861001852511,4.70002634669463
