mean_pdp,ground_truth_pdp
2.7059371507604566,2.668338756541875
2.6406107788482243,2.668338756541875
5.553257684426041,5.668338756541874
