mean_pdp,ground_truth_pdp
1.7351917602619664,1.7000263466946308
1.6667155050645568,1.7000263466946308
4.628810991652794,4.70002634669463
