mean_pdp,ground_truth_pdp
2.6978711864580296,2.668338756541875
2.639767844212168,2.668338756541875
5.5953400723148095,5.668338756541874
