mean_pdp,ground_truth_pdp
2.7099610449402105,2.668338756541875
2.65097843441846,2.668338756541875
5.5386660529192495,5.668338756541874
