mean_pdp,ground_truth_pdp
1.7834093993581202,1.7000263466946308
1.705344383700726,1.7000263466946308
4.632759384611014,4.70002634669463
