mean_pdp,ground_truth_pdp
2.694807100468954,2.7113263466946314
2.738734183699604,2.7113263466946314
