mean_pdp,ground_truth_pdp
3.62275980084053,3.6796387565418742
3.6719147891031128,3.6796387565418742
