mean_pdp,ground_truth_pdp
3.6362703052433654,3.6796387565418742
3.681849652357543,3.6796387565418742
