mean_pdp,ground_truth_pdp
2.6770279332189553,2.7113263466946314
2.7056764125996677,2.7113263466946314
