mean_pdp,ground_truth_pdp
2.702737687308158,2.7113263466946314
2.740011401879951,2.7113263466946314
