mean_pdp,ground_truth_pdp
3.62671136083738,3.6796387565418742
3.669106436455174,3.6796387565418742
