mean_pdp,ground_truth_pdp
1.7597707879008813,1.6947263466946307
3.6397165501020567,3.694726346694631
