mean_pdp,ground_truth_pdp
2.709196085660705,2.6630387565418743
4.592028274231487,4.663038756541875
