mean_pdp,ground_truth_pdp
2.68347746530842,2.6630387565418743
4.646747421271917,4.663038756541875
