mean_pdp,ground_truth_pdp
1.7338477882534122,1.6947263466946307
3.6822426413788163,3.694726346694631
