mean_pdp,ground_truth_pdp
2.6543782180365274,2.668338756541875
2.6766935526246094,2.668338756541875
5.580735115935474,5.668338756541874
