mean_pdp,ground_truth_pdp
1.698979222803465,1.7000263466946308
1.726248414674316,1.7000263466946308
4.635003895236514,4.70002634669463
