mean_pdp,ground_truth_pdp
1.6952983659230647,1.7000263466946308
1.7245537592373847,1.7000263466946308
4.667059725841912,4.70002634669463
