mean_pdp,ground_truth_pdp
2.656683822158508,2.668338756541875
2.676648165673007,2.668338756541875
5.622165609209267,5.668338756541874
