mean_pdp,ground_truth_pdp
1.6894344077406305,1.7000263466946308
1.7103141294985043,1.7000263466946308
4.671086782478011,4.70002634669463
