mean_pdp,ground_truth_pdp
2.6905908926051905,2.7113263466946314
2.7180452814379077,2.7113263466946314
