mean_pdp,ground_truth_pdp
3.6448158488664824,3.6796387565418742
3.6654574906825186,3.6796387565418742
