mean_pdp,ground_truth_pdp
3.6587678074115173,3.6796387565418742
3.6701811995226024,3.6796387565418742
