mean_pdp,ground_truth_pdp
2.704961205145607,2.7113263466946314
2.7209651149657095,2.7113263466946314
