mean_pdp,ground_truth_pdp
2.7036149101210376,2.7113263466946314
2.7131032118257625,2.7113263466946314
