mean_pdp,ground_truth_pdp
3.6601402920255452,3.6796387565418742
3.6791650882176183,3.6796387565418742
