mean_pdp,ground_truth_pdp
3.655575559304456,3.6796387565418742
3.6771519255195115,3.6796387565418742
