mean_pdp,ground_truth_pdp
1.6674147949670926,1.6385627515242238
1.6422616526664608,1.6385627515242238
