mean_pdp,ground_truth_pdp
1.665452475720365,1.6385627515242238
1.6429988595713507,1.6385627515242238
