mean_pdp,ground_truth_pdp
1.6919286827315512,1.6385627515242238
1.5187982981854926,1.6385627515242238
