mean_pdp,ground_truth_pdp
1.6258639347583905,1.6385627515242238
1.5436175973167796,1.6385627515242238
