mean_pdp,ground_truth_pdp
1.6767059273756182,1.6385627515242238
1.5593896789479569,1.6385627515242238
