mean_pdp,ground_truth_pdp
1.6370670785917216,1.6385627515242238
1.5742812584267292,1.6385627515242238
