mean_pdp,ground_truth_pdp
1.669337617023393,1.6385627515242238
1.6539968363262179,1.6385627515242238
