mean_pdp,ground_truth_pdp
1.6710726998929026,1.6385627515242238
1.646208709830813,1.6385627515242238
