mean_pdp,ground_truth_pdp
1.667108815014513,1.6385627515242238
1.6476978677786902,1.6385627515242238
