mean_pdp,ground_truth_pdp
0.09252512740607602,-0.03853724847577608
1.9910079892969053,1.9614627515242238
2.888074915393652,2.961462751524224
