mean_pdp,ground_truth_pdp
0.09317006440639666,-0.03853724847577608
1.9909558962295935,1.9614627515242238
2.8856869030449968,2.961462751524224
