mean_pdp,ground_truth_pdp
-0.0036733496656617126,-0.03853724847577608
1.902415202232481,1.9614627515242238
2.91316232147652,2.961462751524224
