mean_pdp,ground_truth_pdp
0.08562396528937395,-0.03853724847577608
1.9154506847241055,1.9614627515242238
2.813682215612409,2.961462751524224
