mean_pdp,ground_truth_pdp
0.018039529345133646,-0.03853724847577608
1.9006614022996544,1.9614627515242238
2.832765905738443,2.961462751524224
