mean_pdp,ground_truth_pdp
0.07259623788289674,-0.03853724847577608
1.9165029646838014,1.9614627515242238
2.8619200650552545,2.961462751524224
