mean_pdp,ground_truth_pdp
0.06739925568138355,-0.03853724847577608
1.9913950573906505,1.9614627515242238
2.9151778123902674,2.961462751524224
