mean_pdp,ground_truth_pdp
0.06609648294073583,-0.03853724847577608
1.9915002853866202,1.9614627515242238
2.9200015973345517,2.961462751524224
