mean_pdp,ground_truth_pdp
0.703817467323367,0.6229627515242241
2.5791313433011154,2.622962751524224
