mean_pdp,ground_truth_pdp
0.7043619166675751,0.6229627515242241
2.579762948035235,2.622962751524224
