mean_pdp,ground_truth_pdp
0.630373888428263,0.6229627515242241
2.5092547777767096,2.622962751524224
