mean_pdp,ground_truth_pdp
0.6712019663131894,0.6229627515242241
2.513160759326683,2.622962751524224
