mean_pdp,ground_truth_pdp
0.682199843066195,0.6229627515242241
2.525919174955896,2.622962751524224
