mean_pdp,ground_truth_pdp
0.6487036830166056,0.6229627515242241
2.530518803825398,2.622962751524224
