mean_pdp,ground_truth_pdp
0.6820016251515544,0.6229627515242241
2.609332159846124,2.622962751524224
