mean_pdp,ground_truth_pdp
0.6910428360871862,0.6229627515242241
2.597798441104195,2.622962751524224
