mean_pdp,ground_truth_pdp
0.6899430484118857,0.6229627515242241
2.5965225995412737,2.622962751524224
