mean_pdp,ground_truth_pdp
1.8172257108585899,1.6947263466946307
3.6766027209437318,3.694726346694631
