mean_pdp,ground_truth_pdp
2.7712742109057276,2.6630387565418743
4.6488708977835485,4.663038756541875
