mean_pdp,ground_truth_pdp
2.7355524054935123,2.6630387565418743
4.679509837361136,4.663038756541875
