mean_pdp,ground_truth_pdp
1.7790368978138194,1.6947263466946307
3.7017343366034168,3.694726346694631
