mean_pdp,ground_truth_pdp
1.81002033244571,1.6947263466946307
3.6983858162498984,3.694726346694631
