mean_pdp,ground_truth_pdp
2.76227189260573,2.6630387565418743
4.673379365939599,4.663038756541875
