mean_pdp,ground_truth_pdp
1.8045796303514083,1.7000263466946308
1.7776026855976352,1.7000263466946308
4.637407136966124,4.70002634669463
