mean_pdp,ground_truth_pdp
2.7664167524242527,2.668338756541875
2.7335491981563154,2.668338756541875
5.609755865713289,5.668338756541874
