mean_pdp,ground_truth_pdp
1.7779857584225784,1.7000263466946308
1.7539223820109904,1.7000263466946308
4.657975686638449,4.70002634669463
