mean_pdp,ground_truth_pdp
2.7429958799542904,2.668338756541875
2.7176216994620197,2.668338756541875
5.630154920520044,5.668338756541874
