mean_pdp,ground_truth_pdp
2.7696765251136735,2.668338756541875
2.735866397674309,2.668338756541875
5.624945887114272,5.668338756541874
