mean_pdp,ground_truth_pdp
1.8090868721856657,1.7000263466946308
1.7814342423002991,1.7000263466946308
4.647624310307803,4.70002634669463
