mean_pdp,ground_truth_pdp
3.727471531926162,3.6796387565418742
3.706911066433962,3.6796387565418742
