mean_pdp,ground_truth_pdp
2.7628953530872713,2.7113263466946314
2.7449933199264565,2.7113263466946314
