mean_pdp,ground_truth_pdp
2.754312964055502,2.7113263466946314
2.738074815924398,2.7113263466946314
