mean_pdp,ground_truth_pdp
3.723084877618633,3.6796387565418742
3.7016816238101553,3.6796387565418742
