mean_pdp,ground_truth_pdp
3.723084877618633,3.6796387565418742
3.701681623810156,3.6796387565418742
