mean_pdp,ground_truth_pdp
2.7700037493024623,2.7113263466946314
2.7515941670096624,2.7113263466946314
