mean_pdp,ground_truth_pdp
3.7365892625017163,3.6796387565418742
3.7132477950376015,3.6796387565418742
