mean_pdp,ground_truth_pdp
0.7772441562730406,0.839479861385661
-2.7783694710598437,-2.89280414686354
