mean_pdp,ground_truth_pdp
0.7837664646488814,0.839479861385661
-2.7713951681734526,-2.89280414686354
