mean_pdp,ground_truth_pdp
0.813700554018492,0.839479861385661
-2.8656785159502935,-2.89280414686354
