mean_pdp,ground_truth_pdp
0.8204737394506898,0.839479861385661
-2.8468960947906043,-2.89280414686354
