mean_pdp,ground_truth_pdp
0.7315202733728694,0.839479861385661
-2.9895345807078217,-2.89280414686354
