mean_pdp,ground_truth_pdp
0.7711655710633164,0.839479861385661
-2.9212097336451213,-2.89280414686354
