mean_pdp,ground_truth_pdp
0.8213842140619911,0.839479861385661
-2.8491175149284427,-2.89280414686354
