mean_pdp,ground_truth_pdp
0.8356621304227281,0.839479861385661
-2.8309715869557577,-2.89280414686354
