mean_pdp,ground_truth_pdp
-1.356189843447583,-1.3961275945104252
0.6143477452979891,0.6038724054895747
-2.2593448563343124,-2.3961275945104252
