mean_pdp,ground_truth_pdp
-1.348346934059701,-1.3961275945104252
0.6196613841019833,0.6038724054895747
-2.2520507758842827,-2.3961275945104252
