mean_pdp,ground_truth_pdp
-1.3691649837954643,-1.3961275945104252
0.58064229866705,0.6038724054895747
-2.2918284128493362,-2.3961275945104252
