mean_pdp,ground_truth_pdp
-1.4470334484585727,-1.3961275945104252
0.560748439964099,0.6038724054895747
-2.3368058964596705,-2.3961275945104252
