mean_pdp,ground_truth_pdp
-1.490045598688982,-1.3961275945104252
0.504959660098672,0.6038724054895747
-2.406831147308128,-2.3961275945104252
