mean_pdp,ground_truth_pdp
-1.374505079522462,-1.3961275945104252
0.6061580231051259,0.6038724054895747
-2.267804255784396,-2.3961275945104252
