mean_pdp,ground_truth_pdp
-1.349903809611022,-1.3961275945104252
0.6327440431701155,0.6038724054895747
-2.2765691163773867,-2.3961275945104252
