mean_pdp,ground_truth_pdp
-1.3686352625594747,-1.3961275945104252
0.6258786295262826,0.6038724054895747
-2.299707367947231,-2.3961275945104252
