mean_pdp,ground_truth_pdp
-1.027579827150124,-1.067427594510425
-0.9991432351567144,-1.067427594510425
