mean_pdp,ground_truth_pdp
-1.0339209189628122,-1.067427594510425
-1.0064673612022585,-1.067427594510425
