mean_pdp,ground_truth_pdp
-1.0148214159718303,-1.067427594510425
-0.9942657893394958,-1.067427594510425
