mean_pdp,ground_truth_pdp
-1.1575237597482124,-1.067427594510425
-1.142224112371136,-1.067427594510425
