mean_pdp,ground_truth_pdp
-1.0459076633406779,-1.067427594510425
-1.0160143413570235,-1.067427594510425
