mean_pdp,ground_truth_pdp
-1.0625091658730896,-1.067427594510425
-1.0288363075159541,-1.067427594510425
