mean_pdp,ground_truth_pdp
-1.1029164196657515,-1.067427594510425
-1.0840470242701328,-1.067427594510425
