mean_pdp,ground_truth_pdp
-1.0470518723555762,-1.067427594510425
-1.0220803162722047,-1.067427594510425
