mean_pdp,ground_truth_pdp
-1.0324582606942867,-1.067427594510425
-1.0040468682571553,-1.067427594510425
