mean_pdp,ground_truth_pdp
1.7540229921976607,1.6385627515242238
1.7262588941799215,1.6385627515242238
