mean_pdp,ground_truth_pdp
1.8013474153620426,1.6385627515242238
1.7722961776874766,1.6385627515242238
