mean_pdp,ground_truth_pdp
1.7524828348124317,1.6385627515242238
1.735293018100463,1.6385627515242238
