mean_pdp,ground_truth_pdp
1.9558881676018034,1.6385627515242238
1.8803116753330171,1.6385627515242238
