mean_pdp,ground_truth_pdp
1.8032489427318414,1.6385627515242238
1.73603846166543,1.6385627515242238
