mean_pdp,ground_truth_pdp
1.9209043468017055,1.6385627515242238
1.9516367458400612,1.6385627515242238
