mean_pdp,ground_truth_pdp
1.7365306411855863,1.6385627515242238
1.6924762116371015,1.6385627515242238
