mean_pdp,ground_truth_pdp
1.7196124879888606,1.6385627515242238
1.696954262097526,1.6385627515242238
