mean_pdp,ground_truth_pdp
1.7367238443515842,1.6385627515242238
1.6915816939209352,1.6385627515242238
