mean_pdp,ground_truth_pdp
1.7778600646075202,1.6385627515242238
1.7285759424098257,1.6385627515242238
