mean_pdp,ground_truth_pdp
1.7245490264499244,1.6385627515242238
1.6972812765610006,1.6385627515242238
