mean_pdp,ground_truth_pdp
1.7237947358840413,1.6385627515242238
1.704848606356871,1.6385627515242238
