mean_pdp,ground_truth_pdp
0.3518068631659802,-0.03853724847577608
2.0914530696247047,1.9614627515242238
2.922677642468286,2.961462751524224
