mean_pdp,ground_truth_pdp
0.31396490879366307,-0.03853724847577608
2.040050241148933,1.9614627515242238
2.870965930084241,2.961462751524224
