mean_pdp,ground_truth_pdp
0.17315067616803753,-0.03853724847577608
2.073368305862049,1.9614627515242238
3.0116039686984672,2.961462751524224
