mean_pdp,ground_truth_pdp
0.41550763109703537,-0.03853724847577608
2.2377098698209266,1.9614627515242238
3.158145157608402,2.961462751524224
