mean_pdp,ground_truth_pdp
0.431968670244873,-0.03853724847577608
2.2039706710409828,1.9614627515242238
3.120068286982725,2.961462751524224
