mean_pdp,ground_truth_pdp
0.1639576877425437,-0.03853724847577608
2.023828766877651,1.9614627515242238
2.935512872709451,2.961462751524224
