mean_pdp,ground_truth_pdp
0.05743120508604327,-0.03853724847577608
2.042720634478205,1.9614627515242238
3.041980155431294,2.961462751524224
