mean_pdp,ground_truth_pdp
0.1238279825665624,-0.03853724847577608
2.102229672161999,1.9614627515242238
3.0835090254408466,2.961462751524224
