mean_pdp,ground_truth_pdp
0.17776732384726981,-0.03853724847577608
2.028123740028293,1.9614627515242238
2.936088205940097,2.961462751524224
