mean_pdp,ground_truth_pdp
0.15243622201094836,-0.03853724847577608
2.066925846136086,1.9614627515242238
3.010740968852498,2.961462751524224
