mean_pdp,ground_truth_pdp
0.13190231868765173,-0.03853724847577608
2.036520491544831,1.9614627515242238
2.9665040161611596,2.961462751524224
