mean_pdp,ground_truth_pdp
0.1277788183649287,-0.03853724847577608
2.0427247602894854,1.9614627515242238
2.974584485773228,2.961462751524224
