mean_pdp,ground_truth_pdp
0.909637576087438,0.6229627515242241
2.640997030196234,2.622962751524224
