mean_pdp,ground_truth_pdp
0.8734120828440771,0.6229627515242241
2.5839986072294625,2.622962751524224
