mean_pdp,ground_truth_pdp
0.7763464228241597,0.6229627515242241
2.7023421380818378,2.622962751524224
