mean_pdp,ground_truth_pdp
0.7749985585081003,0.6229627515242241
2.6160140603252864,2.622962751524224
