mean_pdp,ground_truth_pdp
1.0687008809224856,0.6229627515242241
2.778950675628428,2.622962751524224
