mean_pdp,ground_truth_pdp
0.7461332627853242,0.6229627515242241
2.764239976925515,2.622962751524224
