mean_pdp,ground_truth_pdp
0.7617123095962994,0.6229627515242241
2.641234669271773,2.622962751524224
