mean_pdp,ground_truth_pdp
0.9694343507188159,0.6229627515242241
2.8402854895548684,2.622962751524224
