mean_pdp,ground_truth_pdp
0.7962757961918611,0.6229627515242241
2.6645112246621085,2.622962751524224
