mean_pdp,ground_truth_pdp
0.7265842260524596,0.6229627515242241
2.674251137173038,2.622962751524224
