mean_pdp,ground_truth_pdp
0.7571293653980887,0.6229627515242241
2.6448561291283657,2.622962751524224
