mean_pdp,ground_truth_pdp
0.7427004559542485,0.6229627515242241
2.652113692478081,2.622962751524224
