mean_pdp,ground_truth_pdp
1.8148477558473723,1.6947263466946307
3.645152445667941,3.694726346694631
