mean_pdp,ground_truth_pdp
2.786303222296922,2.6630387565418743
4.625871617699558,4.663038756541875
