mean_pdp,ground_truth_pdp
1.7763365876581387,1.6947263466946307
3.714323290499143,3.694726346694631
