mean_pdp,ground_truth_pdp
2.73795558202579,2.6630387565418743
4.67863501806243,4.663038756541875
