mean_pdp,ground_truth_pdp
1.7551690914985818,1.6947263466946307
3.7274617361256417,3.694726346694631
