mean_pdp,ground_truth_pdp
2.7181204734863966,2.6630387565418743
4.686315916109598,4.663038756541875
