mean_pdp,ground_truth_pdp
1.8161235643603362,1.6947263466946307
3.708554622624771,3.694726346694631
