mean_pdp,ground_truth_pdp
2.768004690166845,2.6630387565418743
4.666769385684253,4.663038756541875
