mean_pdp,ground_truth_pdp
1.7960667297155277,1.7000263466946308
1.7711348093347177,1.7000263466946308
4.599818281720775,4.70002634669463
