mean_pdp,ground_truth_pdp
2.7740167298865415,2.668338756541875
2.7392645283931523,2.668338756541875
5.582393804444634,5.668338756541874
