mean_pdp,ground_truth_pdp
2.735583123449144,2.668338756541875
2.708929456092467,2.668338756541875
5.649136056709595,5.668338756541874
