mean_pdp,ground_truth_pdp
2.7134029915511957,2.668338756541875
2.683089165880169,2.668338756541875
5.678765079115532,5.668338756541874
