mean_pdp,ground_truth_pdp
1.7441554696325605,1.7000263466946308
1.7214099212483087,1.7000263466946308
4.7298759772346415,4.70002634669463
