mean_pdp,ground_truth_pdp
2.735583123449144,2.668338756541875
2.7089294560924664,2.668338756541875
5.6491360567095965,5.668338756541874
