mean_pdp,ground_truth_pdp
1.771588414329451,1.7000263466946308
1.7488491362577339,1.7000263466946308
4.68675318160064,4.70002634669463
