mean_pdp,ground_truth_pdp
2.7639332572248367,2.668338756541875
2.7333882153987763,2.668338756541875
5.630649800068463,5.668338756541874
