mean_pdp,ground_truth_pdp
1.8086221630896337,1.7000263466946308
1.7886282142574648,1.7000263466946308
4.665917530219245,4.70002634669463
