mean_pdp,ground_truth_pdp
2.7455116605636984,2.7113263466946314
2.7284753159430704,2.7113263466946314
