mean_pdp,ground_truth_pdp
3.7251477081929663,3.6796387565418742
3.700876561431006,3.6796387565418742
