mean_pdp,ground_truth_pdp
3.7254825485762404,3.6796387565418742
3.702853921599558,3.6796387565418742
