mean_pdp,ground_truth_pdp
2.761659446964581,2.7113263466946314
2.7413943679817714,2.7113263466946314
