mean_pdp,ground_truth_pdp
3.707450297663086,3.6796387565418742
3.691850570227165,3.6796387565418742
