mean_pdp,ground_truth_pdp
2.754591152054562,2.7113263466946314
2.740859485935405,2.7113263466946314
