mean_pdp,ground_truth_pdp
3.7254825485762404,3.6796387565418742
3.7028539215995573,3.6796387565418742
