mean_pdp,ground_truth_pdp
3.7186824966088787,3.6796387565418742
3.6986159292963885,3.6796387565418742
