mean_pdp,ground_truth_pdp
2.743414743786192,2.7113263466946314
2.739149149424236,2.7113263466946314
