mean_pdp,ground_truth_pdp
2.778942276943658,2.7113263466946314
2.7600888743397043,2.7113263466946314
