mean_pdp,ground_truth_pdp
3.736722002208557,3.6796387565418742
3.7121835303871284,3.6796387565418742
