mean_pdp,ground_truth_pdp
1.6440663012211263,1.6385627515242238
1.6301011739384037,1.6385627515242238
