mean_pdp,ground_truth_pdp
1.6231644745816207,1.6385627515242238
1.617873563477139,1.6385627515242238
