mean_pdp,ground_truth_pdp
1.6135246595033792,1.6385627515242238
1.5819888143610834,1.6385627515242238
