mean_pdp,ground_truth_pdp
1.6660612537561612,1.6385627515242238
1.6016404699090387,1.6385627515242238
