mean_pdp,ground_truth_pdp
1.639429966645772,1.6385627515242238
1.590578349069948,1.6385627515242238
