mean_pdp,ground_truth_pdp
1.6548746930638971,1.6385627515242238
1.5442421399516806,1.6385627515242238
