mean_pdp,ground_truth_pdp
1.784401228775861,1.6385627515242238
1.587189813496004,1.6385627515242238
