mean_pdp,ground_truth_pdp
1.622885741852173,1.6385627515242238
1.5873245787275978,1.6385627515242238
