mean_pdp,ground_truth_pdp
1.5975005125762007,1.6385627515242238
1.5790910043560131,1.6385627515242238
