mean_pdp,ground_truth_pdp
1.5849053833397204,1.6385627515242238
1.5835948620446088,1.6385627515242238
