mean_pdp,ground_truth_pdp
0.16104918173218752,-0.03853724847577608
1.8993395604608445,1.9614627515242238
2.795307361124853,2.961462751524224
