mean_pdp,ground_truth_pdp
0.17365437609793064,-0.03853724847577608
1.9165156931413447,1.9614627515242238
2.8157360461545378,2.961462751524224
