mean_pdp,ground_truth_pdp
0.10689032593946458,-0.03853724847577608
1.926475440459427,1.9614627515242238
2.866457048830547,2.961462751524224
