mean_pdp,ground_truth_pdp
0.12331582525830195,-0.03853724847577608
1.8967018116970038,1.9614627515242238
2.8258309910875417,2.961462751524224
