mean_pdp,ground_truth_pdp
0.2674996492173119,-0.03853724847577608
1.955838244214058,1.9614627515242238
2.828464530192747,2.961462751524224
