mean_pdp,ground_truth_pdp
0.10127892868420144,-0.03853724847577608
1.8776636332132035,1.9614627515242238
2.8153198760969227,2.961462751524224
