mean_pdp,ground_truth_pdp
0.1573151663468093,-0.03853724847577608
1.860647351795056,1.9614627515242238
2.775908955239652,2.961462751524224
