mean_pdp,ground_truth_pdp
0.07016216498263039,-0.03853724847577608
1.8947451429864264,1.9614627515242238
2.8489385238461824,2.961462751524224
