mean_pdp,ground_truth_pdp
0.10159972503740837,-0.03853724847577608
1.8621895541789013,1.9614627515242238
2.7992572127843642,2.961462751524224
