mean_pdp,ground_truth_pdp
0.6942145571223247,0.6229627515242241
2.5204367933317133,2.622962751524224
