mean_pdp,ground_truth_pdp
0.7077760778597307,0.6229627515242241
2.54008173603934,2.622962751524224
