mean_pdp,ground_truth_pdp
0.6667083589384026,0.6229627515242241
2.5030208013246558,2.622962751524224
