mean_pdp,ground_truth_pdp
0.6492792382619615,0.6229627515242241
2.555118305394114,2.622962751524224
