mean_pdp,ground_truth_pdp
0.6179790189004917,0.6229627515242241
2.564442333625042,2.622962751524224
