mean_pdp,ground_truth_pdp
0.6533270177151348,0.6229627515242241
2.586390675388675,2.622962751524224
