mean_pdp,ground_truth_pdp
0.7727523553823319,0.6229627515242241
2.5688658266155557,2.622962751524224
