mean_pdp,ground_truth_pdp
0.6280704389731758,0.6229627515242241
2.5419493003359346,2.622962751524224
