mean_pdp,ground_truth_pdp
0.6363967303516643,0.6229627515242241
2.5129344434578487,2.622962751524224
