mean_pdp,ground_truth_pdp
0.6345403587476335,0.6229627515242241
2.506285175047058,2.622962751524224
