mean_pdp,ground_truth_pdp
1.6275153938850564,1.6385627515242238
1.613868237625665,1.6385627515242238
