mean_pdp,ground_truth_pdp
1.6205664472372088,1.6385627515242238
1.6149041541341835,1.6385627515242238
