mean_pdp,ground_truth_pdp
1.6113111134391587,1.6385627515242238
1.600496059808887,1.6385627515242238
