mean_pdp,ground_truth_pdp
1.6235330548834328,1.6385627515242238
1.6302948000578803,1.6385627515242238
