mean_pdp,ground_truth_pdp
1.64978412922684,1.6385627515242238
1.6597590481171283,1.6385627515242238
