mean_pdp,ground_truth_pdp
1.61656132830784,1.6385627515242238
1.6063889094207369,1.6385627515242238
