mean_pdp,ground_truth_pdp
1.6279468565262747,1.6385627515242238
1.6279914038270202,1.6385627515242238
