mean_pdp,ground_truth_pdp
1.6191964984118057,1.6385627515242238
1.6181699878072708,1.6385627515242238
