mean_pdp,ground_truth_pdp
1.6384841838644637,1.6385627515242238
1.6211488087344768,1.6385627515242238
