mean_pdp,ground_truth_pdp
1.6262053947974722,1.6385627515242238
1.622593874030542,1.6385627515242238
