mean_pdp,ground_truth_pdp
0.07683215186515455,-0.03853724847577608
1.9183245008303957,1.9614627515242238
2.8586562735281307,2.961462751524224
