mean_pdp,ground_truth_pdp
0.07966693104991816,-0.03853724847577608
1.9203258010819484,1.9614627515242238
2.8626348444519025,2.961462751524224
