mean_pdp,ground_truth_pdp
0.09707882864040185,-0.03853724847577608
1.9012828048547927,1.9614627515242238
2.8816187567222475,2.961462751524224
