mean_pdp,ground_truth_pdp
0.0790113073583148,-0.03853724847577608
1.9006836156490055,1.9614627515242238
2.8722515205957055,2.961462751524224
