mean_pdp,ground_truth_pdp
0.23864754846890793,-0.03853724847577608
1.8905442685742222,1.9614627515242238
2.833791273501579,2.961462751524224
