mean_pdp,ground_truth_pdp
0.18444498462264675,-0.03853724847577608
1.8887467009568606,1.9614627515242238
2.805689565121952,2.961462751524224
