mean_pdp,ground_truth_pdp
0.11742892687886433,-0.03853724847577608
1.8815862303342232,1.9614627515242238
2.834928015822562,2.961462751524224
