mean_pdp,ground_truth_pdp
0.10658841410961209,-0.03853724847577608
1.881226716810751,1.9614627515242238
2.8293076741466363,2.961462751524224
