mean_pdp,ground_truth_pdp
0.0766655630187037,-0.03853724847577608
1.917161094434785,1.9614627515242238
2.8789754309338065,2.961462751524224
