mean_pdp,ground_truth_pdp
0.08196097214813675,-0.03853724847577608
1.9210323097791502,1.9614627515242238
2.8860027722500594,2.961462751524224
