mean_pdp,ground_truth_pdp
0.6350734994022597,0.6229627515242241
2.5789763103146037,2.622962751524224
