mean_pdp,ground_truth_pdp
0.6342619380686951,0.6229627515242241
2.573989296295672,2.622962751524224
