mean_pdp,ground_truth_pdp
0.7531131095716737,0.6229627515242241
2.529655496584849,2.622962751524224
