mean_pdp,ground_truth_pdp
0.6356745825999451,0.6229627515242241
2.5697799964638706,2.622962751524224
