mean_pdp,ground_truth_pdp
0.6527808704055369,0.6229627515242241
2.572147276138137,2.622962751524224
