mean_pdp,ground_truth_pdp
0.6489515498762028,0.6229627515242241
2.5465722658437917,2.622962751524224
