mean_pdp,ground_truth_pdp
0.638687777192848,0.6229627515242241
2.5451518980392316,2.622962751524224
