mean_pdp,ground_truth_pdp
0.6348437951771824,0.6229627515242241
2.585947320448982,2.622962751524224
