mean_pdp,ground_truth_pdp
0.6367518106298888,0.6229627515242241
2.594868574716399,2.622962751524224
