mean_pdp,ground_truth_pdp
0.9168400621281699,0.839479861385661
-2.5681199108046933,-2.89280414686354
