mean_pdp,ground_truth_pdp
0.9291255309156597,0.839479861385661
-2.5878642166719743,-2.89280414686354
