mean_pdp,ground_truth_pdp
0.8939294791732587,0.839479861385661
-2.7480067288188255,-2.89280414686354
