mean_pdp,ground_truth_pdp
0.8912683017534561,0.839479861385661
-2.6904812248833587,-2.89280414686354
