mean_pdp,ground_truth_pdp
0.9036192768080618,0.839479861385661
-2.760496814596655,-2.89280414686354
