mean_pdp,ground_truth_pdp
0.9552452460819361,0.839479861385661
-2.7621760225006127,-2.89280414686354
