mean_pdp,ground_truth_pdp
0.8896510194955939,0.839479861385661
-2.7208607466208696,-2.89280414686354
