mean_pdp,ground_truth_pdp
0.9122206877221579,0.839479861385661
-2.7499353268470372,-2.89280414686354
