mean_pdp,ground_truth_pdp
0.8787972898806137,0.839479861385661
-2.7381721842840228,-2.89280414686354
