mean_pdp,ground_truth_pdp
0.8967696351886096,0.839479861385661
-2.7749448070947618,-2.89280414686354
