mean_pdp,ground_truth_pdp
-1.125740161559303,-1.3961275945104252
0.7159583492495167,0.6038724054895747
-2.0668119065210075,-2.3961275945104252
