mean_pdp,ground_truth_pdp
-1.1214814960293955,-1.3961275945104252
0.7194666924279763,0.6038724054895747
-2.0634037324599572,-2.3961275945104252
