mean_pdp,ground_truth_pdp
-1.1965165856836466,-1.3961275945104252
0.7276817425774258,0.6038724054895747
-2.233729898448253,-2.3961275945104252
