mean_pdp,ground_truth_pdp
-1.2339990758318258,-1.3961275945104252
0.672077926475792,0.6038724054895747
-2.2102918309534916,-2.3961275945104252
