mean_pdp,ground_truth_pdp
-1.2172566463224663,-1.3961275945104252
0.7151078544710125,0.6038724054895747
-2.2702615854501076,-2.3961275945104252
