mean_pdp,ground_truth_pdp
-1.216536880135983,-1.3961275945104252
0.702963600329523,0.6038724054895747
-2.2209189930944686,-2.3961275945104252
