mean_pdp,ground_truth_pdp
-1.1833303409190443,-1.3961275945104252
0.7202041603231317,0.6038724054895747
-2.2269205915373558,-2.3961275945104252
