mean_pdp,ground_truth_pdp
-1.2095236344628084,-1.3961275945104252
0.6738756495425355,0.6038724054895747
-2.21097984832589,-2.3961275945104252
