mean_pdp,ground_truth_pdp
-1.234429191065561,-1.3961275945104252
0.6669292639692852,0.6038724054895747
-2.2389652397781457,-2.3961275945104252
