mean_pdp,ground_truth_pdp
-1.2228355380543685,-1.3961275945104252
0.6778391015499888,0.6038724054895747
-2.2329543983681663,-2.3961275945104252
