mean_pdp,ground_truth_pdp
-0.8256625827161528,-1.067427594510425
-0.8587401981411958,-1.067427594510425
