mean_pdp,ground_truth_pdp
-0.8362926674759276,-1.067427594510425
-0.855533473417823,-1.067427594510425
