mean_pdp,ground_truth_pdp
-0.9116946168709718,-1.067427594510425
-0.9790402388194792,-1.067427594510425
