mean_pdp,ground_truth_pdp
-0.9328568984936204,-1.067427594510425
-0.9555460079465635,-1.067427594510425
