mean_pdp,ground_truth_pdp
-0.9048019057549203,-1.067427594510425
-0.9589352590643422,-1.067427594510425
