mean_pdp,ground_truth_pdp
-0.8789428983371171,-1.067427594510425
-0.9552959019866167,-1.067427594510425
