mean_pdp,ground_truth_pdp
-0.9116963724012743,-1.067427594510425
-0.932348940512837,-1.067427594510425
