mean_pdp,ground_truth_pdp
-0.9588594706960765,-1.067427594510425
-0.9769222908965476,-1.067427594510425
