mean_pdp,ground_truth_pdp
-0.9210253874451674,-1.067427594510425
-0.9502120253099489,-1.067427594510425
