mean_pdp,ground_truth_pdp
-0.9480121361453543,-1.067427594510425
-0.9653990446406121,-1.067427594510425
