mean_pdp,ground_truth_pdp
-0.9250412078289972,-1.067427594510425
-0.9693815291653319,-1.067427594510425
