mean_pdp,ground_truth_pdp
0.7676473290991873,0.839479861385661
-2.753899889579865,-2.89280414686354
