mean_pdp,ground_truth_pdp
0.8237872084261614,0.839479861385661
-2.8104922049027565,-2.89280414686354
