mean_pdp,ground_truth_pdp
0.8135570672648409,0.839479861385661
-2.7878248213695214,-2.89280414686354
