mean_pdp,ground_truth_pdp
0.8082550671814088,0.839479861385661
-2.7769640018188295,-2.89280414686354
