mean_pdp,ground_truth_pdp
0.8210427436330594,0.839479861385661
-2.8052982312353736,-2.89280414686354
