mean_pdp,ground_truth_pdp
0.8107160287363052,0.839479861385661
-2.7916117564454805,-2.89280414686354
