mean_pdp,ground_truth_pdp
0.8021664160686828,0.839479861385661
-2.792173148540873,-2.89280414686354
