mean_pdp,ground_truth_pdp
0.8007839645603961,0.839479861385661
-2.789109988603949,-2.89280414686354
