mean_pdp,ground_truth_pdp
-1.2979814133895835,-1.3961275945104252
0.5390360465609159,0.6038724054895747
-2.220312556998368,-2.3961275945104252
