mean_pdp,ground_truth_pdp
-1.2989639483438007,-1.3961275945104252
0.5376890538046266,0.6038724054895747
-2.2194846433585016,-2.3961275945104252
