mean_pdp,ground_truth_pdp
-1.3072726048228094,-1.3961275945104252
0.5498536571584681,0.6038724054895747
-2.227990438393542,-2.3961275945104252
