mean_pdp,ground_truth_pdp
-1.2986067845192155,-1.3961275945104252
0.5624315674514375,0.6038724054895747
-2.245532964705242,-2.3961275945104252
