mean_pdp,ground_truth_pdp
-1.293762749202322,-1.3961275945104252
0.5683748075574443,0.6038724054895747
-2.2393742509417143,-2.3961275945104252
