mean_pdp,ground_truth_pdp
-1.2974230042264556,-1.3961275945104252
0.548785819731508,0.6038724054895747
-2.221503038598282,-2.3961275945104252
