mean_pdp,ground_truth_pdp
-1.2877989000228256,-1.3961275945104252
0.5772484877706184,0.6038724054895747
-2.25464001474378,-2.3961275945104252
