mean_pdp,ground_truth_pdp
-1.2983504734564142,-1.3961275945104252
0.5492843995799848,0.6038724054895747
-2.233347143672534,-2.3961275945104252
