mean_pdp,ground_truth_pdp
-1.2998109983883588,-1.3961275945104252
0.5472821130503658,0.6038724054895747
-2.232116461234894,-2.3961275945104252
