mean_pdp,ground_truth_pdp
-1.0428406988269963,-1.067427594510425
-0.9884766410522706,-1.067427594510425
