mean_pdp,ground_truth_pdp
-1.0412921983488057,-1.067427594510425
-0.9889492698284361,-1.067427594510425
