mean_pdp,ground_truth_pdp
-1.0079077768916385,-1.067427594510425
-1.0043083820914123,-1.067427594510425
