mean_pdp,ground_truth_pdp
-1.0291996584667582,-1.067427594510425
-0.9978097364191368,-1.067427594510425
