mean_pdp,ground_truth_pdp
-1.0324150359444062,-1.067427594510425
-0.9926833935152969,-1.067427594510425
