mean_pdp,ground_truth_pdp
-1.027018700749409,-1.067427594510425
-0.9906156704849148,-1.067427594510425
