mean_pdp,ground_truth_pdp
-1.01538153068431,-1.067427594510425
-0.9978823100531173,-1.067427594510425
