mean_pdp,ground_truth_pdp
-1.0422554146422367,-1.067427594510425
-0.9913808912865432,-1.067427594510425
