mean_pdp,ground_truth_pdp
-1.0399535896070884,-1.067427594510425
-0.9920834475754379,-1.067427594510425
