mean_pdp,ground_truth_pdp
1.6086572100127243,1.6385627515242238
1.608907224299326,1.6385627515242238
