mean_pdp,ground_truth_pdp
1.6489246467941108,1.6385627515242238
1.6401069248336142,1.6385627515242238
