mean_pdp,ground_truth_pdp
1.663190585161501,1.6385627515242238
1.6539111991870588,1.6385627515242238
