mean_pdp,ground_truth_pdp
1.6867569213729083,1.6385627515242238
1.6734501498644978,1.6385627515242238
