mean_pdp,ground_truth_pdp
1.6431799231925737,1.6385627515242238
1.627184498885067,1.6385627515242238
