mean_pdp,ground_truth_pdp
1.6058496756872265,1.6385627515242238
1.606081657721206,1.6385627515242238
