mean_pdp,ground_truth_pdp
1.62273696231866,1.6385627515242238
1.6202269531154128,1.6385627515242238
