mean_pdp,ground_truth_pdp
1.592376310845417,1.6385627515242238
1.5924555486557397,1.6385627515242238
