mean_pdp,ground_truth_pdp
1.6613261454203523,1.6385627515242238
1.6498825570037219,1.6385627515242238
