mean_pdp,ground_truth_pdp
1.608697329052715,1.6385627515242238
1.6099802197810569,1.6385627515242238
