mean_pdp,ground_truth_pdp
0.02627730614693234,-0.03853724847577608
1.944359227618863,1.9614627515242238
2.848190147649966,2.961462751524224
