mean_pdp,ground_truth_pdp
0.06151997710960761,-0.03853724847577608
1.9790567553804834,1.9614627515242238
2.8848052260848474,2.961462751524224
