mean_pdp,ground_truth_pdp
-0.09137577767993435,-0.03853724847577608
1.972838982506386,1.9614627515242238
2.971626845267009,2.961462751524224
