mean_pdp,ground_truth_pdp
-0.135210595367187,-0.03853724847577608
1.965772114193628,1.9614627515242238
2.977896941122859,2.961462751524224
