mean_pdp,ground_truth_pdp
-0.05104186630194223,-0.03853724847577608
2.0336576214182185,1.9614627515242238
3.0462763355119837,2.961462751524224
