mean_pdp,ground_truth_pdp
0.03050031836824138,-0.03853724847577608
1.9666600510351027,1.9614627515242238
2.900444302830246,2.961462751524224
