mean_pdp,ground_truth_pdp
-0.049291413147311974,-0.03853724847577608
2.0067817361186813,1.9614627515242238
3.005816542461571,2.961462751524224
