mean_pdp,ground_truth_pdp
-0.046971088639022766,-0.03853724847577608
1.9352452355839602,1.9614627515242238
2.8810156584954165,2.961462751524224
