mean_pdp,ground_truth_pdp
-0.11102205121734698,-0.03853724847577608
1.9638327143346206,1.9614627515242238
2.964561296791627,2.961462751524224
