mean_pdp,ground_truth_pdp
-0.05940616697220966,-0.03853724847577608
2.0055680023726197,1.9614627515242238
3.0095236477135168,2.961462751524224
