mean_pdp,ground_truth_pdp
0.6807536404776022,0.6229627515242241
2.575279104210038,2.622962751524224
