mean_pdp,ground_truth_pdp
0.6445870563276959,0.6229627515242241
2.539901537833204,2.622962751524224
