mean_pdp,ground_truth_pdp
0.6211053211429912,0.6229627515242241
2.6624145988535837,2.622962751524224
