mean_pdp,ground_truth_pdp
0.6482579308703578,0.6229627515242241
2.590540022543641,2.622962751524224
