mean_pdp,ground_truth_pdp
0.6291473975775324,0.6229627515242241
2.6964574330967133,2.622962751524224
