mean_pdp,ground_truth_pdp
0.5457907378112744,0.6229627515242241
2.6313719800882525,2.622962751524224
