mean_pdp,ground_truth_pdp
0.5794269912598622,0.6229627515242241
2.6298718723493533,2.622962751524224
