mean_pdp,ground_truth_pdp
0.5839129722714662,0.6229627515242241
2.5679365721033327,2.622962751524224
