mean_pdp,ground_truth_pdp
0.6138079159170455,0.6229627515242241
2.664304404889421,2.622962751524224
