mean_pdp,ground_truth_pdp
0.563324090829698,0.6229627515242241
2.6216787960464507,2.622962751524224
