mean_pdp,ground_truth_pdp
1.6173648196760197,1.6385627515242238
1.6060353510366636,1.6385627515242238
