mean_pdp,ground_truth_pdp
1.6188106863111864,1.6385627515242238
1.61527478452303,1.6385627515242238
