mean_pdp,ground_truth_pdp
1.6245085312604133,1.6385627515242238
1.597800993466801,1.6385627515242238
