mean_pdp,ground_truth_pdp
1.6315939171146046,1.6385627515242238
1.612245083779208,1.6385627515242238
