mean_pdp,ground_truth_pdp
-0.023162205735314252,-0.03853724847577608
1.9675714070583146,1.9614627515242238
2.8990691566887037,2.961462751524224
