mean_pdp,ground_truth_pdp
-0.027868796341487242,-0.03853724847577608
1.966278047794396,1.9614627515242238
2.8889022525393084,2.961462751524224
