mean_pdp,ground_truth_pdp
0.0008214390273954166,-0.03853724847577608
1.9585882982149858,1.9614627515242238
2.8974873577460376,2.961462751524224
