mean_pdp,ground_truth_pdp
0.03439987697271101,-0.03853724847577608
1.9369525177891045,1.9614627515242238
2.85478636687851,2.961462751524224
