mean_pdp,ground_truth_pdp
0.6134427885829942,0.6229627515242241
2.575057756620493,2.622962751524224
