mean_pdp,ground_truth_pdp
0.6172434706634201,0.6229627515242241
2.581958930454049,2.622962751524224
