mean_pdp,ground_truth_pdp
0.6367462644007988,0.6229627515242241
2.5544887140804273,2.622962751524224
