mean_pdp,ground_truth_pdp
0.6170200356427612,0.6229627515242241
2.593534473468631,2.622962751524224
