mean_pdp,ground_truth_pdp
0.6125921288182736,0.6229627515242241
2.605039774748232,2.622962751524224
