mean_pdp,ground_truth_pdp
1.6118765447547199,1.6385627515242238
1.6023900700159734,1.6385627515242238
