mean_pdp,ground_truth_pdp
1.5808744043267908,1.6385627515242238
1.5798147824744275,1.6385627515242238
