mean_pdp,ground_truth_pdp
1.6042900835823337,1.6385627515242238
1.5924693931339502,1.6385627515242238
