mean_pdp,ground_truth_pdp
1.6536880462065415,1.6385627515242238
1.590613233213681,1.6385627515242238
