mean_pdp,ground_truth_pdp
1.6067473350562285,1.6385627515242238
1.5669857980591884,1.6385627515242238
