mean_pdp,ground_truth_pdp
1.612377264726755,1.6385627515242238
1.5992126190330147,1.6385627515242238
