mean_pdp,ground_truth_pdp
1.6121973309526283,1.6385627515242238
1.5872168271877676,1.6385627515242238
