mean_pdp,ground_truth_pdp
1.6185544784388481,1.6385627515242238
1.5938326568759955,1.6385627515242238
