mean_pdp,ground_truth_pdp
1.618824379100038,1.6385627515242238
1.611826344643866,1.6385627515242238
