mean_pdp,ground_truth_pdp
1.6572249003251966,1.6385627515242238
1.6371043892104018,1.6385627515242238
