mean_pdp,ground_truth_pdp
1.606751053505404,1.6385627515242238
1.5944018827262443,1.6385627515242238
