mean_pdp,ground_truth_pdp
1.5836661085618087,1.6385627515242238
1.5900889407858911,1.6385627515242238
