mean_pdp,ground_truth_pdp
0.10482529833702613,-0.03853724847577608
1.8936568831739076,1.9614627515242238
2.8191305160626836,2.961462751524224
