mean_pdp,ground_truth_pdp
0.06266171774072882,-0.03853724847577608
1.8692053814590905,1.9614627515242238
2.8052841299846634,2.961462751524224
