mean_pdp,ground_truth_pdp
0.01730524942525328,-0.03853724847577608
1.9003547479666003,1.9614627515242238
2.8962768654421835,2.961462751524224
