mean_pdp,ground_truth_pdp
0.07812211175221062,-0.03853724847577608
1.8872870931598176,1.9614627515242238
2.851566492291204,2.961462751524224
