mean_pdp,ground_truth_pdp
-0.04441334514686554,-0.03853724847577608
1.8948325210271577,1.9614627515242238
2.9396835982573686,2.961462751524224
