mean_pdp,ground_truth_pdp
0.09558429967157707,-0.03853724847577608
1.8882388602439153,1.9614627515242238
2.871393721366551,2.961462751524224
