mean_pdp,ground_truth_pdp
-0.07953463057164584,-0.03853724847577608
1.889592054458263,1.9614627515242238
2.942807124103288,2.961462751524224
