mean_pdp,ground_truth_pdp
0.043206130510036925,-0.03853724847577608
1.9049099554630415,1.9614627515242238
2.89490378620029,2.961462751524224
