mean_pdp,ground_truth_pdp
0.16406653858593137,-0.03853724847577608
1.901219223660786,1.9614627515242238
2.8690249302448954,2.961462751524224
