mean_pdp,ground_truth_pdp
0.060854857695688186,-0.03853724847577608
1.8842502881621899,1.9614627515242238
2.852481878452467,2.961462751524224
