mean_pdp,ground_truth_pdp
0.06733082222203378,-0.03853724847577608
1.8843396753118005,1.9614627515242238
2.848305134621168,2.961462751524224
