mean_pdp,ground_truth_pdp
0.029559467097348587,-0.03853724847577608
1.8738549058098242,1.9614627515242238
2.855268243154732,2.961462751524224
