mean_pdp,ground_truth_pdp
0.645456548936676,0.6229627515242241
2.5428385691745152,2.622962751524224
