mean_pdp,ground_truth_pdp
0.612938556713169,0.6229627515242241
2.521816925479742,2.622962751524224
