mean_pdp,ground_truth_pdp
0.5282825033350668,0.6229627515242241
2.61384021466072,2.622962751524224
