mean_pdp,ground_truth_pdp
0.5465753188900345,0.6229627515242241
2.620757782327073,2.622962751524224
