mean_pdp,ground_truth_pdp
0.6102081928989488,0.6229627515242241
2.5626095549286556,2.622962751524224
