mean_pdp,ground_truth_pdp
0.6992882254972558,0.6229627515242241
2.5687262759673586,2.622962751524224
