mean_pdp,ground_truth_pdp
0.5937085048073222,0.6229627515242241
2.589809457191847,2.622962751524224
