mean_pdp,ground_truth_pdp
0.6593228181311496,0.6229627515242241
2.555091414556198,2.622962751524224
