mean_pdp,ground_truth_pdp
0.6082730605375907,0.6229627515242241
2.594947564461225,2.622962751524224
