mean_pdp,ground_truth_pdp
0.6199178967191278,0.6229627515242241
2.566034959774908,2.622962751524224
