mean_pdp,ground_truth_pdp
0.5969462820640185,0.6229627515242241
2.55019158502563,2.622962751524224
