mean_pdp,ground_truth_pdp
0.6195842266505227,0.6229627515242241
2.554979523370891,2.622962751524224
