mean_pdp,ground_truth_pdp
0.8489990396202727,0.839479861385661
-2.4072347852789,-2.89280414686354
