mean_pdp,ground_truth_pdp
0.8755995142664046,0.839479861385661
-2.397293430730604,-2.89280414686354
