mean_pdp,ground_truth_pdp
0.8708612171473291,0.839479861385661
-2.8334981936571473,-2.89280414686354
