mean_pdp,ground_truth_pdp
0.8662766577643567,0.839479861385661
-2.7854906296875668,-2.89280414686354
