mean_pdp,ground_truth_pdp
0.9811484853293759,0.839479861385661
-2.601429772394502,-2.89280414686354
