mean_pdp,ground_truth_pdp
0.8964205034924669,0.839479861385661
-2.752357798574565,-2.89280414686354
