mean_pdp,ground_truth_pdp
0.7903219321605109,0.839479861385661
-2.914738329558807,-2.89280414686354
