mean_pdp,ground_truth_pdp
0.6881145471532998,0.839479861385661
-3.058572453394852,-2.89280414686354
