mean_pdp,ground_truth_pdp
0.8132273720983786,0.839479861385661
-2.8666808951796874,-2.89280414686354
