mean_pdp,ground_truth_pdp
0.845599441327537,0.839479861385661
-2.863497105609524,-2.89280414686354
