mean_pdp,ground_truth_pdp
0.8173262520555922,0.839479861385661
-2.8413357178014027,-2.89280414686354
