mean_pdp,ground_truth_pdp
0.8321943556636985,0.839479861385661
-2.815143931591511,-2.89280414686354
