mean_pdp,ground_truth_pdp
-1.0879150955671624,-1.3961275945104252
0.7294099688027764,0.6038724054895747
-1.9246240313529652,-2.3961275945104252
