mean_pdp,ground_truth_pdp
-1.1053566717693977,-1.3961275945104252
0.7071507006829416,0.6038724054895747
-1.9385242528013282,-2.3961275945104252
