mean_pdp,ground_truth_pdp
-1.2850778802732903,-1.3961275945104252
0.7061898430225394,0.6038724054895747
-2.2058487365699833,-2.3961275945104252
