mean_pdp,ground_truth_pdp
-1.333601153634677,-1.3961275945104252
0.6470696632930646,0.6038724054895747
-2.259180667749061,-2.3961275945104252
