mean_pdp,ground_truth_pdp
-1.3867906560836696,-1.3961275945104252
0.5883423550593073,0.6038724054895747
-2.2789820776533083,-2.3961275945104252
