mean_pdp,ground_truth_pdp
-1.3267838910489018,-1.3961275945104252
0.6775003337055813,0.6038724054895747
-2.2250330508412457,-2.3961275945104252
