mean_pdp,ground_truth_pdp
-1.5010576717980355,-1.3961275945104252
0.32185531167263964,0.6038724054895747
-2.3893948178859636,-2.3961275945104252
