mean_pdp,ground_truth_pdp
-1.4050914103428267,-1.3961275945104252
0.5278738857299915,0.6038724054895747
-2.3137467901941084,-2.3961275945104252
