mean_pdp,ground_truth_pdp
-1.3640016123327634,-1.3961275945104252
0.6247254921367443,0.6038724054895747
-2.290314274137066,-2.3961275945104252
