mean_pdp,ground_truth_pdp
-1.171417540287513,-1.3961275945104252
0.834459012393963,0.6038724054895747
-2.0968342634015933,-2.3961275945104252
