mean_pdp,ground_truth_pdp
-1.3411743305940926,-1.3961275945104252
0.6299262991544243,0.6038724054895747
-2.2636181686088124,-2.3961275945104252
