mean_pdp,ground_truth_pdp
-1.3649692982393933,-1.3961275945104252
0.6051768198138586,0.6038724054895747
-2.278203194851813,-2.3961275945104252
