mean_pdp,ground_truth_pdp
-0.7942238645496839,-1.067427594510425
-0.7641602448237496,-1.067427594510425
