mean_pdp,ground_truth_pdp
-0.8122401725495116,-1.067427594510425
-0.781967474396985,-1.067427594510425
