mean_pdp,ground_truth_pdp
-1.0175700113904156,-1.067427594510425
-0.9864363960448566,-1.067427594510425
