mean_pdp,ground_truth_pdp
-1.0612481991448843,-1.067427594510425
-1.0285566336803942,-1.067427594510425
