mean_pdp,ground_truth_pdp
-1.0518806776990162,-1.067427594510425
-1.0078241619316424,-1.067427594510425
