mean_pdp,ground_truth_pdp
-0.9637086066053445,-1.067427594510425
-0.9328455000100492,-1.067427594510425
