mean_pdp,ground_truth_pdp
-1.2369873144544954,-1.067427594510425
-1.1765055637355857,-1.067427594510425
