mean_pdp,ground_truth_pdp
-0.8526224230337938,-1.067427594510425
-0.8097032523580522,-1.067427594510425
