mean_pdp,ground_truth_pdp
-0.9914689395233339,-1.067427594510425
-0.9638582874696741,-1.067427594510425
