mean_pdp,ground_truth_pdp
-1.1032671258484452,-1.067427594510425
-1.0622421924314889,-1.067427594510425
