mean_pdp,ground_truth_pdp
-1.0268201976569686,-1.067427594510425
-0.9965350273348945,-1.067427594510425
