mean_pdp,ground_truth_pdp
-1.05471007339623,-1.067427594510425
-1.01071685603693,-1.067427594510425
