mean_pdp,ground_truth_pdp
1.770108241437527,1.6947263466946307
3.6303028108773674,3.694726346694631
