mean_pdp,ground_truth_pdp
2.718290873666532,2.6630387565418743
4.591491801522591,4.663038756541875
