mean_pdp,ground_truth_pdp
1.7382776929854575,1.6947263466946307
3.6607224229052555,3.694726346694631
