mean_pdp,ground_truth_pdp
2.6780041963527172,2.6630387565418743
4.626240285416219,4.663038756541875
