mean_pdp,ground_truth_pdp
1.7652551932485823,1.6947263466946307
3.6379542573955232,3.694726346694631
