mean_pdp,ground_truth_pdp
2.712126926652635,2.6630387565418743
4.598341563441654,4.663038756541875
