mean_pdp,ground_truth_pdp
1.763011973563781,1.7000263466946308
1.699494841806931,1.7000263466946308
4.604949893454513,4.70002634669463
