mean_pdp,ground_truth_pdp
2.718928935866275,2.668338756541875
2.652890248288262,2.668338756541875
5.561158389342336,5.668338756541874
