mean_pdp,ground_truth_pdp
2.686852649101468,2.668338756541875
2.6384109214819556,2.668338756541875
5.59839458110003,5.668338756541874
