mean_pdp,ground_truth_pdp
1.7306260974007646,1.7000263466946308
1.6787890953306221,1.7000263466946308
4.6537090403738395,4.70002634669463
