mean_pdp,ground_truth_pdp
1.7664896035398625,1.7000263466946308
1.698018636386205,1.7000263466946308
4.607605725786949,4.70002634669463
