mean_pdp,ground_truth_pdp
2.7215376337340507,2.668338756541875
2.6559526148081103,2.668338756541875
5.556596258382488,5.668338756541874
