mean_pdp,ground_truth_pdp
2.6807097257177817,2.7113263466946314
2.7263421960273395,2.7113263466946314
