mean_pdp,ground_truth_pdp
3.6342953121641344,3.6796387565418742
3.6820997979455754,3.6796387565418742
