mean_pdp,ground_truth_pdp
2.681209433906315,2.7113263466946314
2.724361460687638,2.7113263466946314
