mean_pdp,ground_truth_pdp
3.633130890863427,3.6796387565418742
3.679410199961481,3.6796387565418742
