mean_pdp,ground_truth_pdp
3.6382975690637727,3.6796387565418742
3.6799646467780582,3.6796387565418742
