mean_pdp,ground_truth_pdp
2.687033924237789,2.7113263466946314
2.724118411436087,2.7113263466946314
