mean_pdp,ground_truth_pdp
1.6328315769274966,1.6385627515242238
1.6265572608599468,1.6385627515242238
