mean_pdp,ground_truth_pdp
1.6270195765236122,1.6385627515242238
1.6235060102832861,1.6385627515242238
