mean_pdp,ground_truth_pdp
1.6866960857545281,1.6385627515242238
1.649627709694461,1.6385627515242238
