mean_pdp,ground_truth_pdp
1.7144512914784862,1.6385627515242238
1.6856402779256225,1.6385627515242238
