mean_pdp,ground_truth_pdp
1.798292767858382,1.6385627515242238
1.6895613122288964,1.6385627515242238
