mean_pdp,ground_truth_pdp
1.881558385030256,1.6385627515242238
1.7975990169223819,1.6385627515242238
