mean_pdp,ground_truth_pdp
1.673201070662736,1.6385627515242238
1.64880450911858,1.6385627515242238
