mean_pdp,ground_truth_pdp
1.6565479472283613,1.6385627515242238
1.627196968179883,1.6385627515242238
