mean_pdp,ground_truth_pdp
1.6455054652694447,1.6385627515242238
1.6372047146276898,1.6385627515242238
