mean_pdp,ground_truth_pdp
1.641781362365943,1.6385627515242238
1.6314838733961805,1.6385627515242238
