mean_pdp,ground_truth_pdp
0.004638407022940446,-0.03853724847577608
1.9714737907035589,1.9614627515242238
2.9051610391994647,2.961462751524224
