mean_pdp,ground_truth_pdp
0.005232212302104428,-0.03853724847577608
1.966156748866232,1.9614627515242238
2.896553887977958,2.961462751524224
