mean_pdp,ground_truth_pdp
0.018725192623692193,-0.03853724847577608
2.015785211828937,1.9614627515242238
2.9595720334795304,2.961462751524224
