mean_pdp,ground_truth_pdp
0.061560082740959844,-0.03853724847577608
1.988555367835683,1.9614627515242238
2.923591622416592,2.961462751524224
