mean_pdp,ground_truth_pdp
0.048698009586853754,-0.03853724847577608
1.977978984612824,1.9614627515242238
2.8900886052263095,2.961462751524224
