mean_pdp,ground_truth_pdp
0.14616208254970403,-0.03853724847577608
2.0969522405954915,1.9614627515242238
2.983344825713001,2.961462751524224
