mean_pdp,ground_truth_pdp
0.04016198121386902,-0.03853724847577608
2.0334125172003694,1.9614627515242238
3.0154103954633347,2.961462751524224
