mean_pdp,ground_truth_pdp
0.2104724483202345,-0.03853724847577608
2.149834156709789,1.9614627515242238
3.1508599116644143,2.961462751524224
