mean_pdp,ground_truth_pdp
-0.018161684359813753,-0.03853724847577608
1.98021952324135,1.9614627515242238
2.950382003317473,2.961462751524224
