mean_pdp,ground_truth_pdp
-0.01961143815329979,-0.03853724847577608
1.9776992460741714,1.9614627515242238
2.9402561876229907,2.961462751524224
