mean_pdp,ground_truth_pdp
0.6399466938515661,0.6229627515242241
2.5852742704843297,2.622962751524224
