mean_pdp,ground_truth_pdp
0.6354748675450269,0.6229627515242241
2.580980619051434,2.622962751524224
