mean_pdp,ground_truth_pdp
0.7393614793578948,0.6229627515242241
2.718066390965846,2.622962751524224
