mean_pdp,ground_truth_pdp
0.6680582889276471,0.6229627515242241
2.6972809654622636,2.622962751524224
