mean_pdp,ground_truth_pdp
0.6604440293813922,0.6229627515242241
2.6278150212981233,2.622962751524224
