mean_pdp,ground_truth_pdp
0.6523188210016954,0.6229627515242241
2.6501825169099,2.622962751524224
