mean_pdp,ground_truth_pdp
0.7865798831357497,0.6229627515242241
2.859361736622937,2.622962751524224
