mean_pdp,ground_truth_pdp
0.6254090068927884,0.6229627515242241
2.6119578739076648,2.622962751524224
