mean_pdp,ground_truth_pdp
0.6280375474449825,0.6229627515242241
2.6186575111840362,2.622962751524224
