mean_pdp,ground_truth_pdp
0.8480519953501563,0.839479861385661
-2.676626060623513,-2.89280414686354
