mean_pdp,ground_truth_pdp
0.8471460579870846,0.839479861385661
-2.689975029100144,-2.89280414686354
