mean_pdp,ground_truth_pdp
0.8117209094492037,0.839479861385661
-2.8801796743097037,-2.89280414686354
