mean_pdp,ground_truth_pdp
0.756794824071393,0.839479861385661
-2.974741229342483,-2.89280414686354
