mean_pdp,ground_truth_pdp
0.7863303014824305,0.839479861385661
-2.9123337228259176,-2.89280414686354
