mean_pdp,ground_truth_pdp
0.586001263302718,0.839479861385661
-3.2836528020558413,-2.89280414686354
