mean_pdp,ground_truth_pdp
0.819285952709117,0.839479861385661
-2.85559678980625,-2.89280414686354
