mean_pdp,ground_truth_pdp
0.8200547308303616,0.839479861385661
-2.8383775202118664,-2.89280414686354
