mean_pdp,ground_truth_pdp
0.7845306325601518,0.839479861385661
-2.88674561806999,-2.89280414686354
