mean_pdp,ground_truth_pdp
-1.2703732251523792,-1.3961275945104252
0.671328584658826,0.6038724054895747
-2.143634792987838,-2.3961275945104252
