mean_pdp,ground_truth_pdp
-1.280253179104472,-1.3961275945104252
0.6767006400528878,0.6038724054895747
-2.1605979195574427,-2.3961275945104252
