mean_pdp,ground_truth_pdp
-1.3841231470805087,-1.3961275945104252
0.5781319631095524,0.6038724054895747
-2.297514295523411,-2.3961275945104252
