mean_pdp,ground_truth_pdp
-1.3834799774934887,-1.3961275945104252
0.6046518217706274,0.6038724054895747
-2.2712157853888404,-2.3961275945104252
