mean_pdp,ground_truth_pdp
-1.4757046157363352,-1.3961275945104252
0.5502786710823436,0.6038724054895747
-2.4042877227545034,-2.3961275945104252
