mean_pdp,ground_truth_pdp
-1.736459641063703,-1.3961275945104252
0.35622590622505057,0.6038724054895747
-2.68221583474066,-2.3961275945104252
