mean_pdp,ground_truth_pdp
-1.4384288586869844,-1.3961275945104252
0.5879398465543021,0.6038724054895747
-2.3352798417274956,-2.3961275945104252
