mean_pdp,ground_truth_pdp
-1.3604842050383286,-1.3961275945104252
0.6144261360696298,0.6038724054895747
-2.280213180831643,-2.3961275945104252
