mean_pdp,ground_truth_pdp
-1.4100101043198277,-1.3961275945104252
0.5867215340276076,0.6038724054895747
-2.3316783132221386,-2.3961275945104252
