mean_pdp,ground_truth_pdp
-0.950923866530654,-1.067427594510425
-0.9308594146782747,-1.067427594510425
