mean_pdp,ground_truth_pdp
-0.9453841883052924,-1.067427594510425
-0.9216972726465977,-1.067427594510425
