mean_pdp,ground_truth_pdp
-1.0875386206463205,-1.067427594510425
-1.0748480760613914,-1.067427594510425
