mean_pdp,ground_truth_pdp
-1.1318940947158271,-1.067427594510425
-1.126892532023234,-1.067427594510425
