mean_pdp,ground_truth_pdp
-1.3590719005158083,-1.067427594510425
-1.3872303038918208,-1.067427594510425
