mean_pdp,ground_truth_pdp
-1.071676992914467,-1.067427594510425
-1.035256599992856,-1.067427594510425
