mean_pdp,ground_truth_pdp
-1.0209333853918243,-1.067427594510425
-1.0023968516272388,-1.067427594510425
