mean_pdp,ground_truth_pdp
-1.0514083595655044,-1.067427594510425
-1.0198665168431646,-1.067427594510425
