mean_pdp,ground_truth_pdp
-1.080458711940276,-1.067427594510425
-1.0631855953964482,-1.067427594510425
