mean_pdp,ground_truth_pdp
-1.0427517551162582,-1.067427594510425
-1.0146435129223685,-1.067427594510425
