mean_pdp,ground_truth_pdp
0.7811437537574828,0.839479861385661
-2.749258959920283,-2.89280414686354
