mean_pdp,ground_truth_pdp
0.7762778368464994,0.839479861385661
-2.7431735584031114,-2.89280414686354
