mean_pdp,ground_truth_pdp
0.8620140546395216,0.839479861385661
-2.8284693624476724,-2.89280414686354
