mean_pdp,ground_truth_pdp
0.8688263013997597,0.839479861385661
-2.8277696781665185,-2.89280414686354
