mean_pdp,ground_truth_pdp
1.0218071390510517,0.839479861385661
-2.8701028294678226,-2.89280414686354
