mean_pdp,ground_truth_pdp
0.8692265718872408,0.839479861385661
-2.552657401662853,-2.89280414686354
