mean_pdp,ground_truth_pdp
0.830681159608807,0.839479861385661
-2.748408321215276,-2.89280414686354
