mean_pdp,ground_truth_pdp
0.8314979412067594,0.839479861385661
-2.7649802768866785,-2.89280414686354
