mean_pdp,ground_truth_pdp
0.8073249999028284,0.839479861385661
-2.766284348308966,-2.89280414686354
