mean_pdp,ground_truth_pdp
0.8151104669604018,0.839479861385661
-2.7760209907364413,-2.89280414686354
