mean_pdp,ground_truth_pdp
-1.2829445262279744,-1.3961275945104252
0.5493871272451661,0.6038724054895747
-2.217228649135769,-2.3961275945104252
