mean_pdp,ground_truth_pdp
-1.2866804190491317,-1.3961275945104252
0.550946106146741,0.6038724054895747
-2.2167099934391774,-2.3961275945104252
