mean_pdp,ground_truth_pdp
-1.2765520005052562,-1.3961275945104252
0.5735967439458249,0.6038724054895747
-2.1823684496637643,-2.3961275945104252
