mean_pdp,ground_truth_pdp
-1.274030301065173,-1.3961275945104252
0.581426036881323,0.6038724054895747
-2.2090353737214206,-2.3961275945104252
