mean_pdp,ground_truth_pdp
-1.073097813783667,-1.3961275945104252
0.6598040780317673,0.6038724054895747
-2.117947611146943,-2.3961275945104252
