mean_pdp,ground_truth_pdp
-1.3005494095284769,-1.3961275945104252
0.5616491123199696,0.6038724054895747
-2.20722477692948,-2.3961275945104252
