mean_pdp,ground_truth_pdp
-1.2932282282837495,-1.3961275945104252
0.5718679315806388,0.6038724054895747
-2.228920435533993,-2.3961275945104252
