mean_pdp,ground_truth_pdp
-1.1690874498765498,-1.3961275945104252
0.6120135515283464,0.6038724054895747
-2.2173729202098054,-2.3961275945104252
