mean_pdp,ground_truth_pdp
-1.2736869516968765,-1.3961275945104252
0.5627671304169425,0.6038724054895747
-2.225943177540981,-2.3961275945104252
