mean_pdp,ground_truth_pdp
-1.2796643802107281,-1.3961275945104252
0.5652614966594625,0.6038724054895747
-2.2251133284264353,-2.3961275945104252
