mean_pdp,ground_truth_pdp
-1.0282613287416427,-1.067427594510425
-0.9812347856727731,-1.067427594510425
