mean_pdp,ground_truth_pdp
-1.029542983818644,-1.067427594510425
-0.981203864327578,-1.067427594510425
