mean_pdp,ground_truth_pdp
-1.0057394716411938,-1.067427594510425
-0.9675084433518029,-1.067427594510425
