mean_pdp,ground_truth_pdp
-1.0111118212280406,-1.067427594510425
-0.9920352023002333,-1.067427594510425
