mean_pdp,ground_truth_pdp
-0.8712635250208587,-1.067427594510425
-0.8539502691883681,-1.067427594510425
