mean_pdp,ground_truth_pdp
-1.0179447661534318,-1.067427594510425
-0.9880637662201741,-1.067427594510425
