mean_pdp,ground_truth_pdp
-0.9322899975820478,-1.067427594510425
-0.9567268835302242,-1.067427594510425
