mean_pdp,ground_truth_pdp
-0.9958552030877432,-1.067427594510425
-0.9663410487147693,-1.067427594510425
