mean_pdp,ground_truth_pdp
-1.021203478631694,-1.067427594510425
-0.9804044919613495,-1.067427594510425
