mean_pdp,ground_truth_pdp
-1.0191528305084916,-1.067427594510425
-0.9804539661136616,-1.067427594510425
