mean_pdp,ground_truth_pdp
2.787280080451959,2.6630387565418743
4.522433337211753,4.663038756541875
