mean_pdp,ground_truth_pdp
1.8545392485115177,1.6947263466946307
3.5760972463869094,3.694726346694631
