mean_pdp,ground_truth_pdp
2.6540496662703625,2.6630387565418743
4.659724931301673,4.663038756541875
