mean_pdp,ground_truth_pdp
2.6641235930414733,2.6630387565418743
4.638329684011576,4.663038756541875
