mean_pdp,ground_truth_pdp
2.6696469055018692,2.6630387565418743
4.647156039605289,4.663038756541875
