mean_pdp,ground_truth_pdp
1.6919762489948464,1.6947263466946307
3.6994259127425764,3.694726346694631
