mean_pdp,ground_truth_pdp
1.7206698015476514,1.6947263466946307
3.682476246314375,3.694726346694631
