mean_pdp,ground_truth_pdp
1.716185516568383,1.6947263466946307
3.684208214781002,3.694726346694631
