mean_pdp,ground_truth_pdp
1.7174126931439875,1.6947263466946307
3.6877328887072376,3.694726346694631
