mean_pdp,ground_truth_pdp
2.676457700651345,2.6630387565418743
4.646071030220572,4.663038756541875
