mean_pdp,ground_truth_pdp
1.8030441845784375,1.7000263466946308
1.8250888114110553,1.7000263466946308
4.482296374413751,4.70002634669463
