mean_pdp,ground_truth_pdp
2.73739258720716,2.668338756541875
2.757820168411555,2.668338756541875
5.432681782108609,5.668338756541874
