mean_pdp,ground_truth_pdp
1.6573504025596666,1.7000263466946308
1.6826559154742051,1.7000263466946308
4.708176986974005,4.70002634669463
