mean_pdp,ground_truth_pdp
2.638721179900115,2.668338756541875
2.6567700209346357,2.668338756541875
5.640633210659551,5.668338756541874
