mean_pdp,ground_truth_pdp
2.6304180110537794,2.668338756541875
2.649373695751034,2.668338756541875
5.632895419294197,5.668338756541874
