mean_pdp,ground_truth_pdp
1.6787397393469758,1.7000263466946308
1.701094724823738,1.7000263466946308
4.683450183976675,4.70002634669463
