mean_pdp,ground_truth_pdp
1.6858048114521285,1.7000263466946308
1.7146209795636205,1.7000263466946308
4.66696286231038,4.70002634669463
