mean_pdp,ground_truth_pdp
2.622792192939487,2.668338756541875
2.6424150108021704,2.668338756541875
5.663326394845567,5.668338756541874
