mean_pdp,ground_truth_pdp
2.646303191473912,2.668338756541875
2.6656495421104727,2.668338756541875
5.630493380859237,5.668338756541874
