mean_pdp,ground_truth_pdp
1.6849369614120966,1.7000263466946308
1.7060944193227239,1.7000263466946308
4.6769765065055084,4.70002634669463
