mean_pdp,ground_truth_pdp
3.6488663958628287,3.6796387565418742
3.669034123101542,3.6796387565418742
