mean_pdp,ground_truth_pdp
2.7085475895613533,2.7113263466946314
2.7303614379440138,2.7113263466946314
