mean_pdp,ground_truth_pdp
3.6558535783933954,3.6796387565418742
3.6712082641858537,3.6796387565418742
