mean_pdp,ground_truth_pdp
2.699690736493489,2.7113263466946314
2.712235549540909,2.7113263466946314
