mean_pdp,ground_truth_pdp
3.6488941303818216,3.6796387565418742
3.662686993694154,3.6796387565418742
