mean_pdp,ground_truth_pdp
3.650025120357152,3.6796387565418742
3.6732623935123563,3.6796387565418742
