mean_pdp,ground_truth_pdp
2.697427784105257,2.7113263466946314
2.7157658150605246,2.7113263466946314
