mean_pdp,ground_truth_pdp
2.6918423892383916,2.7113263466946314
2.710500224971202,2.7113263466946314
