mean_pdp,ground_truth_pdp
2.69752731138479,2.7113263466946314
2.7180587502158358,2.7113263466946314
