mean_pdp,ground_truth_pdp
3.6555404816282056,3.6796387565418742
3.6764944143255156,3.6796387565418742
