mean_pdp,ground_truth_pdp
1.6388822005036614,1.6385627515242238
1.628408890893793,1.6385627515242238
