mean_pdp,ground_truth_pdp
1.6251868035234285,1.6385627515242238
1.617609712344936,1.6385627515242238
