mean_pdp,ground_truth_pdp
1.726421105152382,1.6385627515242238
1.659993941173868,1.6385627515242238
