mean_pdp,ground_truth_pdp
1.6340062358119922,1.6385627515242238
1.6072477866689514,1.6385627515242238
