mean_pdp,ground_truth_pdp
1.6374727969763652,1.6385627515242238
1.6195180254622545,1.6385627515242238
