mean_pdp,ground_truth_pdp
1.6570217023665281,1.6385627515242238
1.6294228659073784,1.6385627515242238
