mean_pdp,ground_truth_pdp
1.7437539109742455,1.6385627515242238
1.7213451351403841,1.6385627515242238
