mean_pdp,ground_truth_pdp
1.6627993043071492,1.6385627515242238
1.649873263896217,1.6385627515242238
