mean_pdp,ground_truth_pdp
1.6314115368472677,1.6385627515242238
1.6249669317634452,1.6385627515242238
