mean_pdp,ground_truth_pdp
1.6522807131980988,1.6385627515242238
1.6414228228855134,1.6385627515242238
