mean_pdp,ground_truth_pdp
0.08020466950488554,-0.03853724847577608
1.91714226301969,1.9614627515242238
2.8635862859853627,2.961462751524224
