mean_pdp,ground_truth_pdp
0.09302803490924905,-0.03853724847577608
1.929889281743917,1.9614627515242238
2.8753140225522964,2.961462751524224
