mean_pdp,ground_truth_pdp
0.1050133079609602,-0.03853724847577608
1.9016372577602556,1.9614627515242238
2.8534652245900554,2.961462751524224
