mean_pdp,ground_truth_pdp
0.07441577426352104,-0.03853724847577608
1.9482048535255665,1.9614627515242238
2.940655640568957,2.961462751524224
