mean_pdp,ground_truth_pdp
0.16487795339866415,-0.03853724847577608
1.9739126048416171,1.9614627515242238
2.9359940519330956,2.961462751524224
