mean_pdp,ground_truth_pdp
0.10383109425273582,-0.03853724847577608
1.9097394595366874,1.9614627515242238
2.870350146130587,2.961462751524224
