mean_pdp,ground_truth_pdp
0.07638613044389503,-0.03853724847577608
1.93470118389818,1.9614627515242238
2.912514104668071,2.961462751524224
