mean_pdp,ground_truth_pdp
0.1589668848575422,-0.03853724847577608
2.014423613723777,1.9614627515242238
3.020418659635754,2.961462751524224
