mean_pdp,ground_truth_pdp
0.09174623829046288,-0.03853724847577608
1.9158982621148517,1.9614627515242238
2.8743111499156533,2.961462751524224
