mean_pdp,ground_truth_pdp
0.11128660462092152,-0.03853724847577608
1.9353222906470073,1.9614627515242238
2.892181986589076,2.961462751524224
