mean_pdp,ground_truth_pdp
0.6393388985494243,0.6229627515242241
2.5757804328374,2.622962751524224
