mean_pdp,ground_truth_pdp
0.652478704790121,0.6229627515242241
2.587161430787598,2.622962751524224
