mean_pdp,ground_truth_pdp
0.6411963675617166,0.6229627515242241
2.5712212767054234,2.622962751524224
