mean_pdp,ground_truth_pdp
0.7144073809375403,0.6229627515242241
2.642810670093444,2.622962751524224
