mean_pdp,ground_truth_pdp
0.647516251796597,0.6229627515242241
2.631217646546203,2.622962751524224
