mean_pdp,ground_truth_pdp
0.7373894366831514,0.6229627515242241
2.6967767270094822,2.622962751524224
