mean_pdp,ground_truth_pdp
0.63985556654806,0.6229627515242241
2.613228960907524,2.622962751524224
