mean_pdp,ground_truth_pdp
0.6457927787108388,0.6229627515242241
2.5820144880886313,2.622962751524224
