mean_pdp,ground_truth_pdp
0.6456408313334171,0.6229627515242241
2.5824934213105797,2.622962751524224
