mean_pdp,ground_truth_pdp
0.6656633932240026,0.6229627515242241
2.5998358943775486,2.622962751524224
