mean_pdp,ground_truth_pdp
0.8523866833873925,0.839479861385661
-2.4880597420285406,-2.89280414686354
