mean_pdp,ground_truth_pdp
0.8025493059703251,0.839479861385661
-2.531426228740482,-2.89280414686354
