mean_pdp,ground_truth_pdp
0.8377356916541674,0.839479861385661
-2.6141366537752955,-2.89280414686354
