mean_pdp,ground_truth_pdp
0.9250630904248417,0.839479861385661
-2.5642730630577177,-2.89280414686354
