mean_pdp,ground_truth_pdp
0.869815433112101,0.839479861385661
-2.734947983009775,-2.89280414686354
