mean_pdp,ground_truth_pdp
0.8407063001885429,0.839479861385661
-2.7515691799156343,-2.89280414686354
