mean_pdp,ground_truth_pdp
0.8366771871527204,0.839479861385661
-2.7784304931698083,-2.89280414686354
