mean_pdp,ground_truth_pdp
0.8541426669068553,0.839479861385661
-2.768457775026293,-2.89280414686354
