mean_pdp,ground_truth_pdp
0.8618919311744506,0.839479861385661
-2.812058416815435,-2.89280414686354
