mean_pdp,ground_truth_pdp
0.8407805642253964,0.839479861385661
-2.8213972409312924,-2.89280414686354
