mean_pdp,ground_truth_pdp
-1.1539235214368915,-1.3961275945104252
0.7095112828783413,0.6038724054895747
-2.0080216154473387,-2.3961275945104252
