mean_pdp,ground_truth_pdp
-1.1991171363248838,-1.3961275945104252
0.6572780307902611,0.6038724054895747
-2.050891817709047,-2.3961275945104252
