mean_pdp,ground_truth_pdp
-1.2970508868280781,-1.3961275945104252
0.6698001276236383,0.6038724054895747
-2.237959399211397,-2.3961275945104252
