mean_pdp,ground_truth_pdp
-1.1735996948167404,-1.3961275945104252
0.7666413392424498,0.6038724054895747
-2.0553761039534884,-2.3961275945104252
