mean_pdp,ground_truth_pdp
-1.3312366213420304,-1.3961275945104252
0.6596527204790789,0.6038724054895747
-2.2354828476016317,-2.3961275945104252
