mean_pdp,ground_truth_pdp
-1.2880846336540144,-1.3961275945104252
0.6870838154214768,0.6038724054895747
-2.1953411458254464,-2.3961275945104252
