mean_pdp,ground_truth_pdp
-1.325856869437592,-1.3961275945104252
0.6700229331577819,0.6038724054895747
-2.2099118955700616,-2.3961275945104252
