mean_pdp,ground_truth_pdp
-1.200498454338932,-1.3961275945104252
0.7147902758489344,0.6038724054895747
-2.183230864111341,-2.3961275945104252
