mean_pdp,ground_truth_pdp
-1.3442328247701856,-1.3961275945104252
0.6423035711432052,0.6038724054895747
-2.2701216748856257,-2.3961275945104252
