mean_pdp,ground_truth_pdp
-1.3228011155220405,-1.3961275945104252
0.6645278962229503,0.6038724054895747
-2.2678480026039787,-2.3961275945104252
