mean_pdp,ground_truth_pdp
-0.8944207195762427,-1.067427594510425
-0.8712540709784031,-1.067427594510425
