mean_pdp,ground_truth_pdp
-0.8505370511828348,-1.067427594510425
-0.821627362864674,-1.067427594510425
