mean_pdp,ground_truth_pdp
-0.9844318665084405,-1.067427594510425
-0.9646132902030237,-1.067427594510425
