mean_pdp,ground_truth_pdp
-0.8435381298264092,-1.067427594510425
-0.8360563745999828,-1.067427594510425
