mean_pdp,ground_truth_pdp
-0.9600495044860277,-1.067427594510425
-0.9431678889259545,-1.067427594510425
