mean_pdp,ground_truth_pdp
-0.9856375179206189,-1.067427594510425
-0.9635506429873745,-1.067427594510425
