mean_pdp,ground_truth_pdp
-0.9203021701301833,-1.067427594510425
-0.8972046367842428,-1.067427594510425
