mean_pdp,ground_truth_pdp
-0.9997846745691955,-1.067427594510425
-0.9768429426398757,-1.067427594510425
