mean_pdp,ground_truth_pdp
-1.0227091603121623,-1.067427594510425
-0.9987949793301372,-1.067427594510425
