mean_pdp,ground_truth_pdp
-1.0097082708559002,-1.067427594510425
-0.9812612967349529,-1.067427594510425
