mean_pdp,ground_truth_pdp
1.7846805725886263,1.6947263466946307
3.6135060030244617,3.694726346694631
