mean_pdp,ground_truth_pdp
2.7289337201636985,2.6630387565418743
4.580655002129761,4.663038756541875
