mean_pdp,ground_truth_pdp
1.7230464970320092,1.6947263466946307
3.6613166081972985,3.694726346694631
