mean_pdp,ground_truth_pdp
2.6769854773658768,2.6630387565418743
4.627666996596551,4.663038756541875
