mean_pdp,ground_truth_pdp
2.676985477365877,2.6630387565418743
4.62766699659655,4.663038756541875
