mean_pdp,ground_truth_pdp
1.783168185521227,1.6947263466946307
3.617069053115831,3.694726346694631
