mean_pdp,ground_truth_pdp
2.7258893445482437,2.6630387565418743
4.586886281410472,4.663038756541875
