mean_pdp,ground_truth_pdp
1.7777252511414852,1.7000263466946308
1.7103700972316436,1.7000263466946308
4.57650409292548,4.70002634669463
