mean_pdp,ground_truth_pdp
2.729348915467339,2.668338756541875
2.665431385514053,2.668338756541875
5.538487342398072,5.668338756541874
