mean_pdp,ground_truth_pdp
1.729894253103463,1.7000263466946308
1.6665915421145585,1.7000263466946308
4.644736572923206,4.70002634669463
