mean_pdp,ground_truth_pdp
2.6866373407071107,2.668338756541875
2.63818727902236,2.668338756541875
5.599426827000732,5.668338756541874
