mean_pdp,ground_truth_pdp
2.6866373407071102,2.668338756541875
2.6381872790223606,2.668338756541875
5.599426827000731,5.668338756541874
