mean_pdp,ground_truth_pdp
1.786594163582055,1.7000263466946308
1.7136660675878073,1.7000263466946308
4.568070071216972,4.70002634669463
