mean_pdp,ground_truth_pdp
2.7350435122511296,2.668338756541875
2.6712014141400595,2.668338756541875
5.531190334215519,5.668338756541874
