mean_pdp,ground_truth_pdp
2.6805275075523407,2.7113263466946314
2.7248801069496373,2.7113263466946314
