mean_pdp,ground_truth_pdp
3.6331462584283414,3.6796387565418742
3.6834002270045847,3.6796387565418742
