mean_pdp,ground_truth_pdp
3.633937865705486,3.6796387565418742
3.6790788850567844,3.6796387565418742
