mean_pdp,ground_truth_pdp
2.673833984295798,2.7113263466946314
2.717194905090096,2.7113263466946314
