mean_pdp,ground_truth_pdp
3.638343447427659,3.6796387565418742
3.682655082435965,3.6796387565418742
