mean_pdp,ground_truth_pdp
2.6853553369154284,2.7113263466946314
2.7227365949465905,2.7113263466946314
