mean_pdp,ground_truth_pdp
2.7906739621079866,2.6630387565418743
4.5409322372378975,4.663038756541875
