mean_pdp,ground_truth_pdp
1.8341123137918212,1.6947263466946307
3.5968227456006936,3.694726346694631
