mean_pdp,ground_truth_pdp
2.6649287469996823,2.6630387565418743
4.633062700261623,4.663038756541875
