mean_pdp,ground_truth_pdp
1.6988518014017426,1.6947263466946307
3.6654828020321446,3.694726346694631
