mean_pdp,ground_truth_pdp
2.68647250621828,2.6630387565418743
4.6344366174352025,4.663038756541875
