mean_pdp,ground_truth_pdp
2.680286868428319,2.6630387565418743
4.643617019787646,4.663038756541875
