mean_pdp,ground_truth_pdp
1.7307735160694917,1.6947263466946307
3.6737880475252243,3.694726346694631
