mean_pdp,ground_truth_pdp
1.7225127808865903,1.6947263466946307
3.6823941471449197,3.694726346694631
