mean_pdp,ground_truth_pdp
2.7451891012681413,2.668338756541875
2.7668468887309485,2.668338756541875
5.448408639120343,5.668338756541874
