mean_pdp,ground_truth_pdp
1.7889390709358086,1.7000263466946308
1.8123957871994012,1.7000263466946308
4.508841476526465,4.70002634669463
