mean_pdp,ground_truth_pdp
1.668595395416169,1.7000263466946308
1.6837390129720404,1.7000263466946308
4.657230739220764,4.70002634669463
