mean_pdp,ground_truth_pdp
2.629415789610531,2.668338756541875
2.6469754586358394,2.668338756541875
5.629213198173159,5.668338756541874
