mean_pdp,ground_truth_pdp
1.7003623078669123,1.7000263466946308
1.7117558659483605,1.7000263466946308
4.658867725286876,4.70002634669463
