mean_pdp,ground_truth_pdp
3.658788904800139,3.6796387565418742
3.6808505812587455,3.6796387565418742
