mean_pdp,ground_truth_pdp
2.7079145277660928,2.7113263466946314
2.7309974792529172,2.7113263466946314
