mean_pdp,ground_truth_pdp
3.646147231612747,3.6796387565418742
3.660216382754829,3.6796387565418742
