mean_pdp,ground_truth_pdp
2.6773792670050764,2.7113263466946314
2.6969074203379413,2.7113263466946314
