mean_pdp,ground_truth_pdp
3.6564348191568103,3.6796387565418742
3.67650369700056,3.6796387565418742
