mean_pdp,ground_truth_pdp
2.728236597735855,2.6630387565418743
4.567281863016621,4.663038756541875
