mean_pdp,ground_truth_pdp
1.7915965613636855,1.6947263466946307
3.628901602913703,3.694726346694631
