mean_pdp,ground_truth_pdp
2.6698055845081536,2.6630387565418743
4.635467935741201,4.663038756541875
