mean_pdp,ground_truth_pdp
1.7146088703950326,1.6947263466946307
3.6710711216398138,3.694726346694631
