mean_pdp,ground_truth_pdp
1.689792223089085,1.6947263466946307
3.6840640407898864,3.694726346694631
