mean_pdp,ground_truth_pdp
2.648029575931342,2.6630387565418743
4.634330429986722,4.663038756541875
