mean_pdp,ground_truth_pdp
1.8057259499042186,1.6947263466946307
3.622023047209064,3.694726346694631
