mean_pdp,ground_truth_pdp
2.7364854571108954,2.6630387565418743
4.561292906468727,4.663038756541875
