mean_pdp,ground_truth_pdp
2.722006809645402,2.668338756541875
2.6632683535167696,2.668338756541875
5.526509579335175,5.668338756541874
