mean_pdp,ground_truth_pdp
1.7858527053768716,1.7000263466946308
1.717203008794619,1.7000263466946308
4.596063993383921,4.70002634669463
