mean_pdp,ground_truth_pdp
2.6534311696884645,2.668338756541875
2.610275143613165,2.668338756541875
5.625473515175695,5.668338756541874
