mean_pdp,ground_truth_pdp
2.684476778740128,2.668338756541875
2.633990133240061,2.668338756541875
5.605846408244084,5.668338756541874
