mean_pdp,ground_truth_pdp
1.6920751418053994,1.7000263466946308
1.6307956369555094,1.7000263466946308
4.70049075298871,4.70002634669463
