mean_pdp,ground_truth_pdp
1.729349573800287,1.7000263466946308
1.6593269255464709,1.7000263466946308
4.653323860952792,4.70002634669463
