mean_pdp,ground_truth_pdp
2.703225492067255,2.668338756541875
2.6972273836148823,2.668338756541875
5.5197794859436025,5.668338756541874
