mean_pdp,ground_truth_pdp
1.7982266689356012,1.7000263466946308
1.7277404718202696,1.7000263466946308
4.582058828086026,4.70002634669463
