mean_pdp,ground_truth_pdp
2.7289310901029626,2.668338756541875
2.6769430830849763,2.668338756541875
5.508405863059324,5.668338756541874
