mean_pdp,ground_truth_pdp
2.69375801957378,2.7113263466946314
2.7340230761377926,2.7113263466946314
