mean_pdp,ground_truth_pdp
3.626593145561077,3.6796387565418742
3.6759654528649492,3.6796387565418742
