mean_pdp,ground_truth_pdp
2.6792795411987966,2.7113263466946314
2.7117723852267406,2.7113263466946314
