mean_pdp,ground_truth_pdp
2.673659853438797,2.7113263466946314
2.7077405405890946,2.7113263466946314
