mean_pdp,ground_truth_pdp
3.6312880210321468,3.6796387565418742
3.6816315044517864,3.6796387565418742
