mean_pdp,ground_truth_pdp
3.6209502962235653,3.6796387565418742
3.6695799091089576,3.6796387565418742
