mean_pdp,ground_truth_pdp
2.699693124694233,2.7113263466946314
2.7339695552643266,2.7113263466946314
