mean_pdp,ground_truth_pdp
3.6307379666074624,3.6796387565418742
3.6745253064942975,3.6796387565418742
