mean_pdp,ground_truth_pdp
1.6742321915461946,1.6385627515242238
1.6479049048989793,1.6385627515242238
