mean_pdp,ground_truth_pdp
1.6733823365630938,1.6385627515242238
1.6482009465658436,1.6385627515242238
