mean_pdp,ground_truth_pdp
1.7033116527239067,1.6385627515242238
1.6573477421214082,1.6385627515242238
