mean_pdp,ground_truth_pdp
1.7563147281114135,1.6385627515242238
1.7586307314084664,1.6385627515242238
