mean_pdp,ground_truth_pdp
1.7153375546035352,1.6385627515242238
1.703289138881741,1.6385627515242238
