mean_pdp,ground_truth_pdp
1.922513336714616,1.6385627515242238
1.9727423192558344,1.6385627515242238
