mean_pdp,ground_truth_pdp
1.8623838273164715,1.6385627515242238
1.74303533545417,1.6385627515242238
