mean_pdp,ground_truth_pdp
1.7362715583120318,1.6385627515242238
1.6820617368079116,1.6385627515242238
