mean_pdp,ground_truth_pdp
1.6818095280021492,1.6385627515242238
1.6563121884383416,1.6385627515242238
