mean_pdp,ground_truth_pdp
1.6814063115332045,1.6385627515242238
1.6596292697884103,1.6385627515242238
