mean_pdp,ground_truth_pdp
0.10537218757174152,-0.03853724847577608
1.996212644884986,1.9614627515242238
2.8873625246597303,2.961462751524224
