mean_pdp,ground_truth_pdp
0.10594776505224757,-0.03853724847577608
1.9963606489949075,1.9614627515242238
2.8875734024280675,2.961462751524224
