mean_pdp,ground_truth_pdp
0.21018308170871589,-0.03853724847577608
2.0833496411244106,1.9614627515242238
2.9821404199746557,2.961462751524224
