mean_pdp,ground_truth_pdp
0.2009100967075233,-0.03853724847577608
2.025063628018959,1.9614627515242238
2.9033069241541365,2.961462751524224
