mean_pdp,ground_truth_pdp
0.12366512933728101,-0.03853724847577608
2.030933713748405,1.9614627515242238
2.9764833318613646,2.961462751524224
