mean_pdp,ground_truth_pdp
0.4996359979883755,-0.03853724847577608
2.2504163604092944,1.9614627515242238
3.094757760952583,2.961462751524224
