mean_pdp,ground_truth_pdp
0.24008214087407095,-0.03853724847577608
2.0931685782812774,1.9614627515242238
3.077786496612709,2.961462751524224
