mean_pdp,ground_truth_pdp
0.1489993252846624,-0.03853724847577608
1.9936140715933557,1.9614627515242238
2.8999126712861614,2.961462751524224
