mean_pdp,ground_truth_pdp
0.08276356895620146,-0.03853724847577608
2.0022540975658867,1.9614627515242238
2.9272871996720204,2.961462751524224
