mean_pdp,ground_truth_pdp
0.07996513933417633,-0.03853724847577608
2.00093507641997,1.9614627515242238
2.9271292633147232,2.961462751524224
