mean_pdp,ground_truth_pdp
0.7131209137651205,0.6229627515242241
2.5837217141204585,2.622962751524224
