mean_pdp,ground_truth_pdp
0.7134368838321608,0.6229627515242241
2.5828224886227895,2.622962751524224
