mean_pdp,ground_truth_pdp
0.8711205645309911,0.6229627515242241
2.7081313713830006,2.622962751524224
