mean_pdp,ground_truth_pdp
0.8123630644344423,0.6229627515242241
2.67570647379628,2.622962751524224
