mean_pdp,ground_truth_pdp
0.7475161616640041,0.6229627515242241
2.6431296790991263,2.622962751524224
