mean_pdp,ground_truth_pdp
0.7803954719168971,0.6229627515242241
2.613031776938425,2.622962751524224
