mean_pdp,ground_truth_pdp
0.7414873302546342,0.6229627515242241
2.593485700120133,2.622962751524224
