mean_pdp,ground_truth_pdp
1.0656612728423054,0.6229627515242241
2.805861755474461,2.622962751524224
