mean_pdp,ground_truth_pdp
0.7025783553574598,0.6229627515242241
2.6069202403755263,2.622962751524224
