mean_pdp,ground_truth_pdp
0.7056812814817844,0.6229627515242241
2.606696542768978,2.622962751524224
