mean_pdp,ground_truth_pdp
1.5772959885012814,1.6385627515242238
1.5877193278255803,1.6385627515242238
