mean_pdp,ground_truth_pdp
1.5946254240552484,1.6385627515242238
1.605690811902306,1.6385627515242238
