mean_pdp,ground_truth_pdp
1.63069422419224,1.6385627515242238
1.6323423405438096,1.6385627515242238
