mean_pdp,ground_truth_pdp
1.7306538099348436,1.6385627515242238
1.7255246683501624,1.6385627515242238
