mean_pdp,ground_truth_pdp
1.648145447475822,1.6385627515242238
1.6477520881937584,1.6385627515242238
