mean_pdp,ground_truth_pdp
1.6182097489074192,1.6385627515242238
1.6089994714508105,1.6385627515242238
