mean_pdp,ground_truth_pdp
1.6286804828775687,1.6385627515242238
1.6182453200407796,1.6385627515242238
