mean_pdp,ground_truth_pdp
1.6783001400840978,1.6385627515242238
1.679295425400316,1.6385627515242238
