mean_pdp,ground_truth_pdp
1.5543587782413484,1.6385627515242238
1.5809086180181462,1.6385627515242238
