mean_pdp,ground_truth_pdp
1.5855517622384894,1.6385627515242238
1.6132572893562522,1.6385627515242238
