mean_pdp,ground_truth_pdp
0.05106633594224024,-0.03853724847577608
1.898228693385804,1.9614627515242238
2.849259923932018,2.961462751524224
