mean_pdp,ground_truth_pdp
0.02998542993399972,-0.03853724847577608
1.8846461221935793,1.9614627515242238
2.8313027440722656,2.961462751524224
