mean_pdp,ground_truth_pdp
0.07639765017661199,-0.03853724847577608
1.9155611373490193,1.9614627515242238
2.8990304010084227,2.961462751524224
