mean_pdp,ground_truth_pdp
0.17602162192875406,-0.03853724847577608
1.9230953348828346,1.9614627515242238
2.926184586726373,2.961462751524224
