mean_pdp,ground_truth_pdp
0.22506745621662794,-0.03853724847577608
1.988819977330384,1.9614627515242238
2.961914697423371,2.961462751524224
