mean_pdp,ground_truth_pdp
0.11482938665816515,-0.03853724847577608
1.903298158320269,1.9614627515242238
2.8525210245336665,2.961462751524224
