mean_pdp,ground_truth_pdp
0.1050202198005904,-0.03853724847577608
1.890153229830759,1.9614627515242238
2.8453750023942668,2.961462751524224
