mean_pdp,ground_truth_pdp
0.09274626160590327,-0.03853724847577608
1.9374693514982022,1.9614627515242238
2.910940437907422,2.961462751524224
