mean_pdp,ground_truth_pdp
0.03956124674947932,-0.03853724847577608
1.8858711255219234,1.9614627515242238
2.8737558752490258,2.961462751524224
