mean_pdp,ground_truth_pdp
0.0016156159346463813,-0.03853724847577608
1.8614224973759192,1.9614627515242238
2.8414329515014716,2.961462751524224
