mean_pdp,ground_truth_pdp
0.6075020736751875,0.6229627515242241
2.5672351698796705,2.622962751524224
