mean_pdp,ground_truth_pdp
0.5877908308166035,0.6229627515242241
2.55146861621077,2.622962751524224
