mean_pdp,ground_truth_pdp
0.6477908470816136,0.6229627515242241
2.5740079731425576,2.622962751524224
