mean_pdp,ground_truth_pdp
0.6508463657478881,0.6229627515242241
2.617873454969413,2.622962751524224
