mean_pdp,ground_truth_pdp
0.6349763551582962,0.6229627515242241
2.5666295103476706,2.622962751524224
