mean_pdp,ground_truth_pdp
0.7012379398640047,0.6229627515242241
2.626421851383337,2.622962751524224
