mean_pdp,ground_truth_pdp
0.6294888792090257,0.6229627515242241
2.6055760169779356,2.622962751524224
