mean_pdp,ground_truth_pdp
0.7653103994805922,0.6229627515242241
2.6633141653577708,2.622962751524224
