mean_pdp,ground_truth_pdp
0.564005260964535,0.6229627515242241
2.545649413925724,2.622962751524224
