mean_pdp,ground_truth_pdp
0.599485498109986,0.6229627515242241
2.574029210529745,2.622962751524224
