mean_pdp,ground_truth_pdp
0.7971080121590087,0.839479861385661
-2.7818850251108955,-2.89280414686354
