mean_pdp,ground_truth_pdp
0.7963955565622625,0.839479861385661
-2.78167260921486,-2.89280414686354
