mean_pdp,ground_truth_pdp
0.792247103342466,0.839479861385661
-2.8016459964551546,-2.89280414686354
