mean_pdp,ground_truth_pdp
0.7816176122784401,0.839479861385661
-2.794240470675871,-2.89280414686354
