mean_pdp,ground_truth_pdp
0.8208562737549653,0.839479861385661
-2.826962003378756,-2.89280414686354
