mean_pdp,ground_truth_pdp
0.7912781903131265,0.839479861385661
-2.797765148926718,-2.89280414686354
