mean_pdp,ground_truth_pdp
0.7804064709917656,0.839479861385661
-2.7893894112653257,-2.89280414686354
