mean_pdp,ground_truth_pdp
0.8184486262429376,0.839479861385661
-2.808638042630122,-2.89280414686354
