mean_pdp,ground_truth_pdp
0.8172468949077146,0.839479861385661
-2.8074370039903087,-2.89280414686354
