mean_pdp,ground_truth_pdp
-1.305605929267219,-1.3961275945104252
0.5648477742386298,0.6038724054895747
-2.2373997689582947,-2.3961275945104252
