mean_pdp,ground_truth_pdp
-1.3052391093877007,-1.3961275945104252
0.5640965305133967,0.6038724054895747
-2.2381421525870104,-2.3961275945104252
