mean_pdp,ground_truth_pdp
-1.3213990869738161,-1.3961275945104252
0.5645262749899179,0.6038724054895747
-2.2465664064917017,-2.3961275945104252
