mean_pdp,ground_truth_pdp
-1.3138879785721689,-1.3961275945104252
0.5514109660203865,0.6038724054895747
-2.2581723341624462,-2.3961275945104252
