mean_pdp,ground_truth_pdp
-1.303899083518703,-1.3961275945104252
0.5636774145409722,0.6038724054895747
-2.269678481320366,-2.3961275945104252
