mean_pdp,ground_truth_pdp
-1.3071590847171415,-1.3961275945104252
0.5628900911374515,0.6038724054895747
-2.2698976440923384,-2.3961275945104252
