mean_pdp,ground_truth_pdp
-1.3179629800702168,-1.3961275945104252
0.5504268117659855,0.6038724054895747
-2.258446287627412,-2.3961275945104252
