mean_pdp,ground_truth_pdp
-1.304231298299234,-1.3961275945104252
0.5728115117280922,0.6038724054895747
-2.252526970050051,-2.3961275945104252
