mean_pdp,ground_truth_pdp
-1.3037089968184519,-1.3961275945104252
0.572729790787018,0.6038724054895747
-2.253408196480569,-2.3961275945104252
