mean_pdp,ground_truth_pdp
-1.0403870706367522,-1.067427594510425
-0.989733017055036,-1.067427594510425
