mean_pdp,ground_truth_pdp
-1.0399879757417823,-1.067427594510425
-0.9891740317674192,-1.067427594510425
