mean_pdp,ground_truth_pdp
-1.033849193615433,-1.067427594510425
-1.0221036559446406,-1.067427594510425
