mean_pdp,ground_truth_pdp
-1.0351810191629531,-1.067427594510425
-1.0175927778964855,-1.067427594510425
