mean_pdp,ground_truth_pdp
-1.037200124501362,-1.067427594510425
-1.008509826697176,-1.067427594510425
