mean_pdp,ground_truth_pdp
-1.033422876790492,-1.067427594510425
-1.0101177541017066,-1.067427594510425
