mean_pdp,ground_truth_pdp
-1.0361346640633458,-1.067427594510425
-1.0121185291357,-1.067427594510425
