mean_pdp,ground_truth_pdp
-1.0406543447096475,-1.067427594510425
-0.9933254247496416,-1.067427594510425
