mean_pdp,ground_truth_pdp
-1.0408520865256305,-1.067427594510425
-0.9929018901677252,-1.067427594510425
