mean_pdp,ground_truth_pdp
2.701272773032755,2.6630387565418743
4.619724528670488,4.663038756541875
