mean_pdp,ground_truth_pdp
1.744956150109558,1.6947263466946307
3.655304182424769,3.694726346694631
