mean_pdp,ground_truth_pdp
1.7223994572447363,1.6947263466946307
3.669816789105643,3.694726346694631
