mean_pdp,ground_truth_pdp
2.702274362145256,2.6630387565418743
4.650109305923785,4.663038756541875
