mean_pdp,ground_truth_pdp
1.7229711675411001,1.6947263466946307
3.681814710141282,3.694726346694631
