mean_pdp,ground_truth_pdp
2.6547376053793603,2.668338756541875
2.674779263156952,2.668338756541875
5.610574213125568,5.668338756541874
