mean_pdp,ground_truth_pdp
1.692539282808163,1.7000263466946308
1.714435079204907,1.7000263466946308
4.653370627849819,4.70002634669463
