mean_pdp,ground_truth_pdp
1.6716462585218763,1.7000263466946308
1.6793194457242204,1.7000263466946308
4.698126339452532,4.70002634669463
