mean_pdp,ground_truth_pdp
2.6491185783485847,2.668338756541875
2.670443160587154,2.668338756541875
5.6660831571277495,5.668338756541874
