mean_pdp,ground_truth_pdp
1.691376952338217,1.7000263466946308
1.7134068947721885,1.7000263466946308
4.663955370534995,4.70002634669463
