mean_pdp,ground_truth_pdp
3.6539364484914447,3.6796387565418742
3.6760025986215097,3.6796387565418742
