mean_pdp,ground_truth_pdp
2.6925532485870534,2.7113263466946314
2.7166135152479436,2.7113263466946314
