mean_pdp,ground_truth_pdp
2.6966130456922754,2.7113263466946314
2.7052214457998387,2.7113263466946314
