mean_pdp,ground_truth_pdp
2.7030137115263235,2.7113263466946314
2.7148120757067833,2.7113263466946314
