mean_pdp,ground_truth_pdp
3.6747090240442986,3.6796387565418742
3.6860624367193617,3.6796387565418742
