mean_pdp,ground_truth_pdp
2.696952753169578,2.7113263466946314
2.718240131989977,2.7113263466946314
