mean_pdp,ground_truth_pdp
0.8329278809187148,0.839479861385661
-2.7453612013300095,-2.89280414686354
