mean_pdp,ground_truth_pdp
0.836236675987818,0.839479861385661
-2.7451548696122363,-2.89280414686354
