mean_pdp,ground_truth_pdp
0.8857557153358022,0.839479861385661
-2.7660063583793937,-2.89280414686354
