mean_pdp,ground_truth_pdp
0.8650536979731658,0.839479861385661
-2.778983417693426,-2.89280414686354
