mean_pdp,ground_truth_pdp
0.859689016734348,0.839479861385661
-2.7757804525073295,-2.89280414686354
