mean_pdp,ground_truth_pdp
0.8859070568543294,0.839479861385661
-2.7711641423910773,-2.89280414686354
