mean_pdp,ground_truth_pdp
0.8814276677628082,0.839479861385661
-2.7854506078625803,-2.89280414686354
