mean_pdp,ground_truth_pdp
0.8753805595330679,0.839479861385661
-2.7858276968640276,-2.89280414686354
