mean_pdp,ground_truth_pdp
-1.2540576318932444,-1.3961275945104252
0.6367202164373329,0.6038724054895747
-2.225957905535532,-2.3961275945104252
