mean_pdp,ground_truth_pdp
-1.2554398175919375,-1.3961275945104252
0.6342767416695279,0.6038724054895747
-2.227403673398401,-2.3961275945104252
