mean_pdp,ground_truth_pdp
-1.2564147638644765,-1.3961275945104252
0.6545021428486564,0.6038724054895747
-2.209071250730126,-2.3961275945104252
