mean_pdp,ground_truth_pdp
-1.2618043437420083,-1.3961275945104252
0.6436377356840126,0.6038724054895747
-2.2388863495724314,-2.3961275945104252
