mean_pdp,ground_truth_pdp
-1.2730478740369837,-1.3961275945104252
0.6293047860257603,0.6038724054895747
-2.2204377658830774,-2.3961275945104252
