mean_pdp,ground_truth_pdp
-1.2484978556040027,-1.3961275945104252
0.6637956211423294,0.6038724054895747
-2.2297931374500704,-2.3961275945104252
