mean_pdp,ground_truth_pdp
-1.2544494870105494,-1.3961275945104252
0.6523157393239896,0.6038724054895747
-2.248116222538716,-2.3961275945104252
