mean_pdp,ground_truth_pdp
-1.2519234234922483,-1.3961275945104252
0.6567814001065296,0.6038724054895747
-2.245473957134162,-2.3961275945104252
