mean_pdp,ground_truth_pdp
-0.966373312461857,-1.067427594510425
-0.9784405101807458,-1.067427594510425
