mean_pdp,ground_truth_pdp
-0.9645248282227791,-1.067427594510425
-0.9767955761975259,-1.067427594510425
