mean_pdp,ground_truth_pdp
-0.9586830756892099,-1.067427594510425
-0.9592475888055894,-1.067427594510425
