mean_pdp,ground_truth_pdp
-0.970670034817241,-1.067427594510425
-0.9811063999283841,-1.067427594510425
