mean_pdp,ground_truth_pdp
-0.9597245198993636,-1.067427594510425
-0.9564650305113264,-1.067427594510425
