mean_pdp,ground_truth_pdp
-0.967439487623512,-1.067427594510425
-0.9789606843392356,-1.067427594510425
