mean_pdp,ground_truth_pdp
-0.96285877977882,-1.067427594510425
-0.975643791015793,-1.067427594510425
