mean_pdp,ground_truth_pdp
-0.9662370440778243,-1.067427594510425
-0.9786500496747812,-1.067427594510425
