mean_pdp,ground_truth_pdp
2.7072362362870814,2.6630387565418743
4.572157886070463,4.663038756541875
