mean_pdp,ground_truth_pdp
1.7486700332580751,1.6947263466946307
3.6184577345631492,3.694726346694631
