mean_pdp,ground_truth_pdp
1.7186634442706568,1.6947263466946307
3.687148738357704,3.694726346694631
