mean_pdp,ground_truth_pdp
2.670925060125903,2.6630387565418743
4.6486859475610665,4.663038756541875
