mean_pdp,ground_truth_pdp
2.6578841301424645,2.6630387565418743
4.664314655169005,4.663038756541875
