mean_pdp,ground_truth_pdp
1.6994100321016674,1.6947263466946307
3.708247483472682,3.694726346694631
