mean_pdp,ground_truth_pdp
2.6743150417608663,2.6630387565418743
4.648018846614849,4.663038756541875
