mean_pdp,ground_truth_pdp
1.7180138641816318,1.6947263466946307
3.6825905622268706,3.694726346694631
