mean_pdp,ground_truth_pdp
1.7166143630206128,1.6947263466946307
3.6895283132429872,3.694726346694631
