mean_pdp,ground_truth_pdp
2.6759586718167547,2.6630387565418743
4.647932064671057,4.663038756541875
