mean_pdp,ground_truth_pdp
2.6592309429445264,2.668338756541875
2.673430209177548,2.668338756541875
5.546664661148989,5.668338756541874
