mean_pdp,ground_truth_pdp
2.641636704463814,2.668338756541875
2.664032593739333,2.668338756541875
5.6372600782439015,5.668338756541874
