mean_pdp,ground_truth_pdp
1.6671221553435949,1.7000263466946308
1.6861098775773689,1.7000263466946308
4.719690961314918,4.70002634669463
