mean_pdp,ground_truth_pdp
2.624643749430774,2.668338756541875
2.63963551727639,2.668338756541875
5.6770810911381355,5.668338756541874
