mean_pdp,ground_truth_pdp
1.6819969902749519,1.7000263466946308
1.7022460455247923,1.7000263466946308
4.687288175423647,4.70002634669463
