mean_pdp,ground_truth_pdp
2.6393383653972107,2.668338756541875
2.655843523092709,2.668338756541875
5.645218109423742,5.668338756541874
