mean_pdp,ground_truth_pdp
1.682273890239322,1.7000263466946308
1.7085634250933734,1.7000263466946308
4.672553798540009,4.70002634669463
