mean_pdp,ground_truth_pdp
2.6450704273875036,2.668338756541875
2.662617922867636,2.668338756541875
5.6374434630247725,5.668338756541874
