mean_pdp,ground_truth_pdp
1.6854172309848114,1.7000263466946308
1.704989821479601,1.7000263466946308
4.680333808827419,4.70002634669463
