mean_pdp,ground_truth_pdp
3.6375576781991,3.6796387565418742
3.650751943547023,3.6796387565418742
