mean_pdp,ground_truth_pdp
2.6798040609640696,2.7113263466946314
2.6972813968899074,2.7113263466946314
