mean_pdp,ground_truth_pdp
2.700430494655429,2.7113263466946314
2.7181298854274223,2.7113263466946314
