mean_pdp,ground_truth_pdp
3.6590576017738505,3.6796387565418742
3.6706839164029206,3.6796387565418742
