mean_pdp,ground_truth_pdp
2.696330176891202,2.7113263466946314
2.7143503649795804,2.7113263466946314
