mean_pdp,ground_truth_pdp
3.6596371904985165,3.6796387565418742
3.6716893501635584,3.6796387565418742
