mean_pdp,ground_truth_pdp
3.6573054657545128,3.6796387565418742
3.6741199523825188,3.6796387565418742
