mean_pdp,ground_truth_pdp
2.702553438299168,2.7113263466946314
2.7147787696929826,2.7113263466946314
