mean_pdp,ground_truth_pdp
3.65849120277168,3.6796387565418742
3.674589567305706,3.6796387565418742
