mean_pdp,ground_truth_pdp
2.6987316586763352,2.7113263466946314
2.7180125998587195,2.7113263466946314
