mean_pdp,ground_truth_pdp
1.6874997853304494,1.6385627515242238
1.6572380416857206,1.6385627515242238
