mean_pdp,ground_truth_pdp
1.6725944448819094,1.6385627515242238
1.6388452799245485,1.6385627515242238
