mean_pdp,ground_truth_pdp
1.6753086050805759,1.6385627515242238
1.643673881972814,1.6385627515242238
