mean_pdp,ground_truth_pdp
1.6747240794766274,1.6385627515242238
1.64250610884189,1.6385627515242238
