mean_pdp,ground_truth_pdp
1.6360006657292616,1.6385627515242238
1.5863411585948153,1.6385627515242238
