mean_pdp,ground_truth_pdp
1.6851502220440822,1.6385627515242238
1.6536207882170086,1.6385627515242238
