mean_pdp,ground_truth_pdp
1.647656904615288,1.6385627515242238
1.588506725673905,1.6385627515242238
