mean_pdp,ground_truth_pdp
1.6681630015009568,1.6385627515242238
1.635874838012427,1.6385627515242238
