mean_pdp,ground_truth_pdp
1.6612055131547743,1.6385627515242238
1.6183355410445346,1.6385627515242238
