mean_pdp,ground_truth_pdp
1.6736274289964315,1.6385627515242238
1.655147585463352,1.6385627515242238
