mean_pdp,ground_truth_pdp
0.1414293164426835,-0.03853724847577608
1.9809184788922578,1.9614627515242238
2.8460432326231655,2.961462751524224
