mean_pdp,ground_truth_pdp
0.1525418218129563,-0.03853724847577608
1.9984600666713617,1.9614627515242238
2.867725866126514,2.961462751524224
