mean_pdp,ground_truth_pdp
0.08655734259959995,-0.03853724847577608
1.9843985262611774,1.9614627515242238
2.9044214384849845,2.961462751524224
