mean_pdp,ground_truth_pdp
0.06533649015636185,-0.03853724847577608
1.9897883276738684,1.9614627515242238
2.9286509114586283,2.961462751524224
