mean_pdp,ground_truth_pdp
0.1214876577121285,-0.03853724847577608
1.9770942349118055,1.9614627515242238
2.875160933412415,2.961462751524224
