mean_pdp,ground_truth_pdp
0.08873117696532551,-0.03853724847577608
1.9968240481873167,1.9614627515242238
2.920213059906944,2.961462751524224
