mean_pdp,ground_truth_pdp
0.12003843480164478,-0.03853724847577608
1.968810553627712,1.9614627515242238
2.8646331857977754,2.961462751524224
