mean_pdp,ground_truth_pdp
-0.047610435515712035,-0.03853724847577608
1.9557990232346047,1.9614627515242238
2.923318607337463,2.961462751524224
