mean_pdp,ground_truth_pdp
-0.018722490206002907,-0.03853724847577608
1.9545447517664045,1.9614627515242238
2.9147410474506907,2.961462751524224
