mean_pdp,ground_truth_pdp
0.0723262333298088,-0.03853724847577608
2.002918775965848,1.9614627515242238
2.922153202398479,2.961462751524224
