mean_pdp,ground_truth_pdp
0.743415356547293,0.6229627515242241
2.576079915183766,2.622962751524224
