mean_pdp,ground_truth_pdp
0.7291132448454938,0.6229627515242241
2.5567912423571992,2.622962751524224
