mean_pdp,ground_truth_pdp
0.7167980454588573,0.6229627515242241
2.5750729185805494,2.622962751524224
