mean_pdp,ground_truth_pdp
0.6024248746692591,0.6229627515242241
2.5916366525677486,2.622962751524224
