mean_pdp,ground_truth_pdp
0.6169827381339955,0.6229627515242241
2.590086202829836,2.622962751524224
