mean_pdp,ground_truth_pdp
0.7105972494242713,0.6229627515242241
2.5674456558878425,2.622962751524224
