mean_pdp,ground_truth_pdp
0.6996738325661173,0.6229627515242241
2.591658618005942,2.622962751524224
