mean_pdp,ground_truth_pdp
0.7089750266179965,0.6229627515242241
2.603099512045003,2.622962751524224
