mean_pdp,ground_truth_pdp
0.697701342180344,0.6229627515242241
2.6055968418480964,2.622962751524224
