mean_pdp,ground_truth_pdp
0.6757837973828043,0.6229627515242241
2.5768744695773194,2.622962751524224
