mean_pdp,ground_truth_pdp
0.7885196262199393,0.839479861385661
-2.777672613620166,-2.89280414686354
