mean_pdp,ground_truth_pdp
0.787093321758077,0.839479861385661
-2.7783090506166745,-2.89280414686354
