mean_pdp,ground_truth_pdp
0.8475255932744545,0.839479861385661
-2.8414456461259343,-2.89280414686354
