mean_pdp,ground_truth_pdp
0.7629009708816342,0.839479861385661
-2.878435394996831,-2.89280414686354
