mean_pdp,ground_truth_pdp
0.8441178481951956,0.839479861385661
-2.8175668179312234,-2.89280414686354
