mean_pdp,ground_truth_pdp
0.7899939895685753,0.839479861385661
-2.854550222218527,-2.89280414686354
