mean_pdp,ground_truth_pdp
0.8415659613462918,0.839479861385661
-2.8306367576508364,-2.89280414686354
