mean_pdp,ground_truth_pdp
0.83761368816652,0.839479861385661
-2.829496680960702,-2.89280414686354
