mean_pdp,ground_truth_pdp
-1.3501079064904236,-1.3961275945104252
0.6199120091187682,0.6038724054895747
-2.251622801071384,-2.3961275945104252
