mean_pdp,ground_truth_pdp
-1.350837493265828,-1.3961275945104252
0.6184974968133286,0.6038724054895747
-2.2528059891718772,-2.3961275945104252
