mean_pdp,ground_truth_pdp
-1.342334999313523,-1.3961275945104252
0.6576048687391765,0.6038724054895747
-2.2718925070437868,-2.3961275945104252
