mean_pdp,ground_truth_pdp
-1.3708201247210159,-1.3961275945104252
0.6660359490549833,0.6038724054895747
-2.277819980808799,-2.3961275945104252
