mean_pdp,ground_truth_pdp
-1.4174426761230885,-1.3961275945104252
0.5761557770844052,0.6038724054895747
-2.3322302952650174,-2.3961275945104252
