mean_pdp,ground_truth_pdp
-1.4034716949190364,-1.3961275945104252
0.6034661101555391,0.6038724054895747
-2.2920453852338043,-2.3961275945104252
