mean_pdp,ground_truth_pdp
-1.3630233924597206,-1.3961275945104252
0.6804388419168124,0.6038724054895747
-2.308521287890008,-2.3961275945104252
