mean_pdp,ground_truth_pdp
-1.3510666175255428,-1.3961275945104252
0.6476268746894133,0.6038724054895747
-2.2783398000067625,-2.3961275945104252
