mean_pdp,ground_truth_pdp
-1.3516036502321649,-1.3961275945104252
0.647677742580674,0.6038724054895747
-2.282522732793642,-2.3961275945104252
