mean_pdp,ground_truth_pdp
-1.0300177179652128,-1.067427594510425
-1.0006377873101082,-1.067427594510425
