mean_pdp,ground_truth_pdp
-1.0285908109196797,-1.067427594510425
-0.9998672017131423,-1.067427594510425
