mean_pdp,ground_truth_pdp
-1.058342126268987,-1.067427594510425
-1.041776160446842,-1.067427594510425
