mean_pdp,ground_truth_pdp
-1.0261976809689735,-1.067427594510425
-1.0025875127382564,-1.067427594510425
