mean_pdp,ground_truth_pdp
-1.0832332707536045,-1.067427594510425
-1.0717726726656513,-1.067427594510425
