mean_pdp,ground_truth_pdp
-1.0296591952535823,-1.067427594510425
-1.0064582598180087,-1.067427594510425
