mean_pdp,ground_truth_pdp
-1.0286178850110015,-1.067427594510425
-1.0033430351333803,-1.067427594510425
