mean_pdp,ground_truth_pdp
-1.0258570106399345,-1.067427594510425
-1.002945276309983,-1.067427594510425
