mean_pdp,ground_truth_pdp
1.6182155160711302,1.6385627515242238
1.6175464655100087,1.6385627515242238
