mean_pdp,ground_truth_pdp
1.6253736268247663,1.6385627515242238
1.628667093795019,1.6385627515242238
