mean_pdp,ground_truth_pdp
1.6668306236892962,1.6385627515242238
1.6687754837547637,1.6385627515242238
