mean_pdp,ground_truth_pdp
1.6238819591674822,1.6385627515242238
1.602051714044702,1.6385627515242238
