mean_pdp,ground_truth_pdp
-0.0036105314283819134,-0.03853724847577608
1.9735102322796725,1.9614627515242238
2.9039396937127844,2.961462751524224
