mean_pdp,ground_truth_pdp
-0.01380999266009904,-0.03853724847577608
1.9651415927181712,1.9614627515242238
2.8950648998507353,2.961462751524224
