mean_pdp,ground_truth_pdp
-0.047540959992681715,-0.03853724847577608
1.979905850819144,1.9614627515242238
2.965356749411159,2.961462751524224
