mean_pdp,ground_truth_pdp
-0.01688693580545165,-0.03853724847577608
1.95377802364379,1.9614627515242238
2.8932212332074054,2.961462751524224
