mean_pdp,ground_truth_pdp
0.04430983158485117,-0.03853724847577608
2.0039898610127955,1.9614627515242238
2.946469996379702,2.961462751524224
