mean_pdp,ground_truth_pdp
-0.04588806602815896,-0.03853724847577608
1.9725473789685557,1.9614627515242238
2.940049103272557,2.961462751524224
