mean_pdp,ground_truth_pdp
0.6376980100877616,0.6229627515242241
2.581707618792004,2.622962751524224
