mean_pdp,ground_truth_pdp
0.6274880432895356,0.6229627515242241
2.573663173075777,2.622962751524224
