mean_pdp,ground_truth_pdp
0.6763532158887653,0.6229627515242241
2.6266208297536613,2.622962751524224
