mean_pdp,ground_truth_pdp
0.6150934150994092,0.6229627515242241
2.5783541554562985,2.622962751524224
