mean_pdp,ground_truth_pdp
0.6108171605881968,0.6229627515242241
2.6051747619788364,2.622962751524224
