mean_pdp,ground_truth_pdp
0.77185816932942,0.839479861385661
-2.74628659449958,-2.89280414686354
