mean_pdp,ground_truth_pdp
0.9185964335608104,0.839479861385661
-2.8090795707249594,-2.89280414686354
