mean_pdp,ground_truth_pdp
0.8257500783163243,0.839479861385661
-2.8435554936189233,-2.89280414686354
