mean_pdp,ground_truth_pdp
0.8277034540293894,0.839479861385661
-2.833622281391782,-2.89280414686354
