mean_pdp,ground_truth_pdp
0.7928670260375118,0.839479861385661
-2.8900955948851608,-2.89280414686354
