mean_pdp,ground_truth_pdp
0.883411267176081,0.839479861385661
-2.8129367276554036,-2.89280414686354
