mean_pdp,ground_truth_pdp
0.8598784197612541,0.839479861385661
-2.817520094653194,-2.89280414686354
