mean_pdp,ground_truth_pdp
0.8240687326652751,0.839479861385661
-2.8300124398281845,-2.89280414686354
