mean_pdp,ground_truth_pdp
-1.351216209405884,-1.3961275945104252
0.6063166793525032,0.6038724054895747
-2.242771573866461,-2.3961275945104252
