mean_pdp,ground_truth_pdp
-1.3419810676959556,-1.3961275945104252
0.6157440231329262,0.6038724054895747
-2.2342502488255067,-2.3961275945104252
