mean_pdp,ground_truth_pdp
-1.3705505057225613,-1.3961275945104252
0.6481232952396979,0.6038724054895747
-2.30325311616728,-2.3961275945104252
