mean_pdp,ground_truth_pdp
-1.4209973110223815,-1.3961275945104252
0.6497597786971131,0.6038724054895747
-2.3791120149789897,-2.3961275945104252
