mean_pdp,ground_truth_pdp
-1.332357172320552,-1.3961275945104252
0.6787615193322654,0.6038724054895747
-2.2364004812256533,-2.3961275945104252
