mean_pdp,ground_truth_pdp
-1.298918471792281,-1.3961275945104252
0.7016481257122825,0.6038724054895747
-2.239488788584765,-2.3961275945104252
