mean_pdp,ground_truth_pdp
-1.37533639267872,-1.3961275945104252
0.6466466210487145,0.6038724054895747
-2.2746590777751616,-2.3961275945104252
