mean_pdp,ground_truth_pdp
-1.35885979272513,-1.3961275945104252
0.6345435131188352,0.6038724054895747
-2.283949094200085,-2.3961275945104252
