mean_pdp,ground_truth_pdp
-1.334367913817984,-1.3961275945104252
0.6628205264987461,0.6038724054895747
-2.2644525277550858,-2.3961275945104252
