mean_pdp,ground_truth_pdp
-1.0203266228363936,-1.067427594510425
-0.9927510694908576,-1.067427594510425
