mean_pdp,ground_truth_pdp
-1.028085346484889,-1.067427594510425
-1.0030099781963475,-1.067427594510425
