mean_pdp,ground_truth_pdp
-1.023730250924061,-1.067427594510425
-1.0325186788383254,-1.067427594510425
