mean_pdp,ground_truth_pdp
-0.9789121095034868,-1.067427594510425
-0.9513783409316304,-1.067427594510425
