mean_pdp,ground_truth_pdp
-1.0345803691405095,-1.067427594510425
-1.104108744337095,-1.067427594510425
