mean_pdp,ground_truth_pdp
-0.9957494295189162,-1.067427594510425
-0.9695395614064294,-1.067427594510425
