mean_pdp,ground_truth_pdp
-1.0226403143712606,-1.067427594510425
-1.0182237641504464,-1.067427594510425
