mean_pdp,ground_truth_pdp
-1.0125526308502015,-1.067427594510425
-0.9854494001150674,-1.067427594510425
