mean_pdp,ground_truth_pdp
-1.0332438329409972,-1.067427594510425
-1.0125600533855657,-1.067427594510425
