mean_pdp,ground_truth_pdp
0.7574910059300106,0.839479861385661
-2.769126148599043,-2.89280414686354
