mean_pdp,ground_truth_pdp
0.7698430539550591,0.839479861385661
-2.748647739953574,-2.89280414686354
