mean_pdp,ground_truth_pdp
0.986757518345008,0.839479861385661
-2.755041633549673,-2.89280414686354
