mean_pdp,ground_truth_pdp
0.8620717338475729,0.839479861385661
-2.7969105953681206,-2.89280414686354
