mean_pdp,ground_truth_pdp
0.8230381816025558,0.839479861385661
-2.728201437491262,-2.89280414686354
