mean_pdp,ground_truth_pdp
0.8253835588017585,0.839479861385661
-2.7488147699074674,-2.89280414686354
