mean_pdp,ground_truth_pdp
0.8306233093649402,0.839479861385661
-2.4802050020422395,-2.89280414686354
