mean_pdp,ground_truth_pdp
0.856610400597772,0.839479861385661
-2.803782096208954,-2.89280414686354
