mean_pdp,ground_truth_pdp
0.8011252967572025,0.839479861385661
-2.7795529871759803,-2.89280414686354
