mean_pdp,ground_truth_pdp
0.7829060259202558,0.839479861385661
-2.809758639928046,-2.89280414686354
