mean_pdp,ground_truth_pdp
-1.3062272585278347,-1.3961275945104252
0.5274779502071119,0.6038724054895747
-2.2397612329044176,-2.3961275945104252
