mean_pdp,ground_truth_pdp
-1.2902377235803404,-1.3961275945104252
0.5414682339059238,0.6038724054895747
-2.2207323399112693,-2.3961275945104252
