mean_pdp,ground_truth_pdp
-1.1221068820722309,-1.3961275945104252
0.7493694921425019,0.6038724054895747
-2.101405378768757,-2.3961275945104252
