mean_pdp,ground_truth_pdp
-1.2825629635437052,-1.3961275945104252
0.5986900225323577,0.6038724054895747
-2.1820123507897784,-2.3961275945104252
