mean_pdp,ground_truth_pdp
-1.272198405139175,-1.3961275945104252
0.5980023088456421,0.6038724054895747
-2.248039051315877,-2.3961275945104252
