mean_pdp,ground_truth_pdp
-1.088903550288445,-1.3961275945104252
0.7318777376179664,0.6038724054895747
-2.2978481622369804,-2.3961275945104252
