mean_pdp,ground_truth_pdp
-1.2742621305977588,-1.3961275945104252
0.5943170839012238,0.6038724054895747
-2.231123046656834,-2.3961275945104252
