mean_pdp,ground_truth_pdp
-1.2788390714959321,-1.3961275945104252
0.6015006597505492,0.6038724054895747
-2.208750494622232,-2.3961275945104252
