mean_pdp,ground_truth_pdp
-1.2871384214351944,-1.3961275945104252
0.5508774173419941,0.6038724054895747
-2.232063603263361,-2.3961275945104252
