mean_pdp,ground_truth_pdp
-1.3107229854827485,-1.3961275945104252
0.5302417488862464,0.6038724054895747
-2.2601312204282547,-2.3961275945104252
