mean_pdp,ground_truth_pdp
-1.0517443340213797,-1.067427594510425
-1.0043805614102201,-1.067427594510425
