mean_pdp,ground_truth_pdp
-1.0365835920174313,-1.067427594510425
-0.986804676261778,-1.067427594510425
