mean_pdp,ground_truth_pdp
-0.9975797950929597,-1.067427594510425
-0.9643366899154167,-1.067427594510425
