mean_pdp,ground_truth_pdp
-0.8405674561713462,-1.067427594510425
-0.8463715891686184,-1.067427594510425
