mean_pdp,ground_truth_pdp
-1.005440783060644,-1.067427594510425
-0.9810650247758034,-1.067427594510425
