mean_pdp,ground_truth_pdp
-0.9954818423620557,-1.067427594510425
-0.9832867754947701,-1.067427594510425
