mean_pdp,ground_truth_pdp
-0.8798723960097683,-1.067427594510425
-0.9300132634705526,-1.067427594510425
