mean_pdp,ground_truth_pdp
-0.9856556074024503,-1.067427594510425
-0.9623763569192865,-1.067427594510425
