mean_pdp,ground_truth_pdp
-1.0552750040266505,-1.067427594510425
-1.01430814047932,-1.067427594510425
