mean_pdp,ground_truth_pdp
-1.0329129095708267,-1.067427594510425
-0.9883837098853678,-1.067427594510425
