mean_pdp,ground_truth_pdp
1.7437190236387339,1.6947263466946307
3.600671823252519,3.694726346694631
