mean_pdp,ground_truth_pdp
2.704452996781616,2.6630387565418743
4.572662144145862,4.663038756541875
