mean_pdp,ground_truth_pdp
2.654131255259858,2.6630387565418743
4.663752138624467,4.663038756541875
