mean_pdp,ground_truth_pdp
1.7188156278267046,1.6947263466946307
3.687031788743285,3.694726346694631
