mean_pdp,ground_truth_pdp
1.6998665827698112,1.6947263466946307
3.707896634629425,3.694726346694631
