mean_pdp,ground_truth_pdp
2.666525957212425,2.6630387565418743
4.640049494504268,4.663038756541875
