mean_pdp,ground_truth_pdp
1.7226061328577413,1.6947263466946307
3.684450278319943,3.694726346694631
