mean_pdp,ground_truth_pdp
2.6754881226362905,2.6630387565418743
4.647754299608239,4.663038756541875
