mean_pdp,ground_truth_pdp
1.716878178194626,1.6947263466946307
3.689540218657833,3.694726346694631
