mean_pdp,ground_truth_pdp
2.661469341514469,2.668338756541875
2.672933627483844,2.668338756541875
5.54143368404089,5.668338756541874
