mean_pdp,ground_truth_pdp
1.6964212601584783,1.7000263466946308
1.7105452512338986,1.7000263466946308
4.572530685583545,4.70002634669463
