mean_pdp,ground_truth_pdp
1.66758229774586,1.7000263466946308
1.6864662942970627,1.7000263466946308
4.719022247288731,4.70002634669463
