mean_pdp,ground_truth_pdp
2.633487837854639,2.668338756541875
2.652415405794468,2.668338756541875
5.633142088275854,5.668338756541874
