mean_pdp,ground_truth_pdp
1.682150371075707,1.7000263466946308
1.7023648510980236,1.7000263466946308
4.687065270748251,4.70002634669463
