mean_pdp,ground_truth_pdp
2.624964104698594,2.668338756541875
2.638069801960076,2.668338756541875
5.672005706732957,5.668338756541874
