mean_pdp,ground_truth_pdp
2.639445150486484,2.668338756541875
2.655321617987271,2.668338756541875
5.643526314622015,5.668338756541874
