mean_pdp,ground_truth_pdp
1.6883577909919374,1.7000263466946308
1.7148561774215096,1.7000263466946308
4.670110926396947,4.70002634669463
