mean_pdp,ground_truth_pdp
2.6449644520573137,2.668338756541875
2.662267711062502,2.668338756541875
5.6369368078062525,5.668338756541874
