mean_pdp,ground_truth_pdp
1.6857350936357338,1.7000263466946308
1.7053110288363922,1.7000263466946308
4.680118366678756,4.70002634669463
