mean_pdp,ground_truth_pdp
3.631570716284749,3.6796387565418742
3.654280555370595,3.6796387565418742
