mean_pdp,ground_truth_pdp
2.667724033030401,2.7113263466946314
2.686630593003988,2.7113263466946314
