mean_pdp,ground_truth_pdp
3.6573440594833175,3.6796387565418742
3.67095802871307,3.6796387565418742
