mean_pdp,ground_truth_pdp
2.70258627936528,2.7113263466946314
2.714775756483268,2.7113263466946314
