mean_pdp,ground_truth_pdp
3.6544965636269175,3.6796387565418742
3.6725116870940058,3.6796387565418742
