mean_pdp,ground_truth_pdp
2.6996073302264336,2.7113263466946314
2.7174828348774844,2.7113263466946314
