mean_pdp,ground_truth_pdp
2.700529017853766,2.7113263466946314
2.7181208457982784,2.7113263466946314
