mean_pdp,ground_truth_pdp
3.65012161616041,3.6796387565418742
3.6655633792650115,3.6796387565418742
