mean_pdp,ground_truth_pdp
2.6988768646799146,2.7113263466946314
2.718139151372391,2.7113263466946314
