mean_pdp,ground_truth_pdp
3.6579138841692758,3.6796387565418742
3.6745205150698195,3.6796387565418742
