mean_pdp,ground_truth_pdp
0.7731043895535591,0.839479861385661
-2.7566549707566916,-2.89280414686354
