mean_pdp,ground_truth_pdp
0.7725586953473742,0.839479861385661
-2.758920158425025,-2.89280414686354
