mean_pdp,ground_truth_pdp
0.8193047772147528,0.839479861385661
-2.8275742569126905,-2.89280414686354
