mean_pdp,ground_truth_pdp
0.8223968352915161,0.839479861385661
-2.82831302544461,-2.89280414686354
