mean_pdp,ground_truth_pdp
1.0798507810006621,0.839479861385661
-2.7094851768540935,-2.89280414686354
