mean_pdp,ground_truth_pdp
0.8237210423110242,0.839479861385661
-2.8693211444525106,-2.89280414686354
