mean_pdp,ground_truth_pdp
0.8833372118871623,0.839479861385661
-2.787615265013086,-2.89280414686354
