mean_pdp,ground_truth_pdp
0.8736227830294437,0.839479861385661
-2.796345831924927,-2.89280414686354
