mean_pdp,ground_truth_pdp
0.8057647542817779,0.839479861385661
-2.7916200815441075,-2.89280414686354
