mean_pdp,ground_truth_pdp
0.8048521277645377,0.839479861385661
-2.7954084126445964,-2.89280414686354
