mean_pdp,ground_truth_pdp
-1.2978975842605889,-1.3961275945104252
0.5435880004581678,0.6038724054895747
-2.2219682922817166,-2.3961275945104252
