mean_pdp,ground_truth_pdp
-1.2998568703824103,-1.3961275945104252
0.5433342114087318,0.6038724054895747
-2.224030708442898,-2.3961275945104252
