mean_pdp,ground_truth_pdp
-1.3221861704688322,-1.3961275945104252
0.5550086507403668,0.6038724054895747
-2.2548703922915228,-2.3961275945104252
