mean_pdp,ground_truth_pdp
-1.255634493637971,-1.3961275945104252
0.5854517052099348,0.6038724054895747
-2.4079553816579775,-2.3961275945104252
