mean_pdp,ground_truth_pdp
-1.2787014719034944,-1.3961275945104252
0.6024273050252282,0.6038724054895747
-2.189104995493184,-2.3961275945104252
