mean_pdp,ground_truth_pdp
-1.0816956993766194,-1.3961275945104252
0.7751263223493806,0.6038724054895747
-2.1448937944646214,-2.3961275945104252
