mean_pdp,ground_truth_pdp
-1.3105376370360338,-1.3961275945104252
0.5665555623169565,0.6038724054895747
-2.2670369278236273,-2.3961275945104252
