mean_pdp,ground_truth_pdp
-1.2757498781837635,-1.3961275945104252
0.6044904857448457,0.6038724054895747
-2.214424610384956,-2.3961275945104252
