mean_pdp,ground_truth_pdp
-1.2975773587218056,-1.3961275945104252
0.5546834187594184,0.6038724054895747
-2.2349215755408673,-2.3961275945104252
