mean_pdp,ground_truth_pdp
-1.3008540958565762,-1.3961275945104252
0.5542589784526029,0.6038724054895747
-2.2383707887759474,-2.3961275945104252
