mean_pdp,ground_truth_pdp
-1.0402891426835599,-1.067427594510425
-0.9866035436587334,-1.067427594510425
