mean_pdp,ground_truth_pdp
-1.041046862890599,-1.067427594510425
-0.9886969672930089,-1.067427594510425
