mean_pdp,ground_truth_pdp
-1.04364028885515,-1.067427594510425
-1.002679214184679,-1.067427594510425
