mean_pdp,ground_truth_pdp
-1.043231224605188,-1.067427594510425
-1.0103045122558643,-1.067427594510425
