mean_pdp,ground_truth_pdp
-0.8494560174310333,-1.067427594510425
-0.8242172571790964,-1.067427594510425
