mean_pdp,ground_truth_pdp
-1.0013779701232288,-1.067427594510425
-0.9615618409499487,-1.067427594510425
