mean_pdp,ground_truth_pdp
-1.0607676110906377,-1.067427594510425
-1.0298041233527477,-1.067427594510425
