mean_pdp,ground_truth_pdp
-0.9904033261902868,-1.067427594510425
-0.9589077957124514,-1.067427594510425
