mean_pdp,ground_truth_pdp
-1.0381690109349386,-1.067427594510425
-0.9893385141778751,-1.067427594510425
