mean_pdp,ground_truth_pdp
-1.0394362326605038,-1.067427594510425
-0.9928395847386465,-1.067427594510425
