mean_pdp,ground_truth_pdp
2.715470641911,2.6630387565418743
4.575654336642038,4.663038756541875
