mean_pdp,ground_truth_pdp
1.7707392267138953,1.6947263466946307
3.622168668733214,3.694726346694631
