mean_pdp,ground_truth_pdp
1.7348592644694292,1.6947263466946307
3.6426546374094952,3.694726346694631
