mean_pdp,ground_truth_pdp
1.7348592644694292,1.6947263466946307
3.642654637409496,3.694726346694631
