mean_pdp,ground_truth_pdp
1.7676511592089617,1.6947263466946307
3.607267069795163,3.694726346694631
