mean_pdp,ground_truth_pdp
2.6800928790048495,2.6630387565418743
4.6296606591427505,4.663038756541875
