mean_pdp,ground_truth_pdp
1.7642335010648422,1.6947263466946307
3.6292517491943768,3.694726346694631
