mean_pdp,ground_truth_pdp
2.70753265679592,2.6630387565418743
4.581049564664269,4.663038756541875
