mean_pdp,ground_truth_pdp
1.7573481449166648,1.7000263466946308
1.6960845636736526,1.7000263466946308
4.602242309028704,4.70002634669463
