mean_pdp,ground_truth_pdp
2.7118150414147055,2.668338756541875
2.648472343777811,2.668338756541875
5.545200523287908,5.668338756541874
