mean_pdp,ground_truth_pdp
1.7267400689515675,1.7000263466946308
1.673189828339103,1.7000263466946308
4.630983455839516,4.70002634669463
