mean_pdp,ground_truth_pdp
2.6891690109128876,2.668338756541875
2.6400238395895705,2.668338756541875
5.603029231420587,5.668338756541874
