mean_pdp,ground_truth_pdp
2.7124242930854567,2.668338756541875
2.6493586956418715,2.668338756541875
5.539168307644293,5.668338756541874
