mean_pdp,ground_truth_pdp
1.7606812799415912,1.7000263466946308
1.6950348246917089,1.7000263466946308
4.601240902992667,4.70002634669463
