mean_pdp,ground_truth_pdp
2.676610718521446,2.7113263466946314
2.723164161280071,2.7113263466946314
