mean_pdp,ground_truth_pdp
3.622419778279445,3.6796387565418742
3.675384890198837,3.6796387565418742
