mean_pdp,ground_truth_pdp
3.637269408234517,3.6796387565418742
3.6808975717833916,3.6796387565418742
