mean_pdp,ground_truth_pdp
2.672262595014826,2.7113263466946314
2.7117259872766573,2.7113263466946314
