mean_pdp,ground_truth_pdp
2.6808713426590387,2.7113263466946314
2.720094654525551,2.7113263466946314
