mean_pdp,ground_truth_pdp
3.6247344324290394,3.6796387565418742
3.671868614085819,3.6796387565418742
