mean_pdp,ground_truth_pdp
1.6334834934394011,1.6385627515242238
1.634626741998173,1.6385627515242238
