mean_pdp,ground_truth_pdp
1.6181086872048873,1.6385627515242238
1.6130280594681765,1.6385627515242238
