mean_pdp,ground_truth_pdp
1.662467740669653,1.6385627515242238
1.6462593838437904,1.6385627515242238
