mean_pdp,ground_truth_pdp
1.6225057757675816,1.6385627515242238
1.5991185425243324,1.6385627515242238
