mean_pdp,ground_truth_pdp
1.696562408156681,1.6385627515242238
1.6813984024676394,1.6385627515242238
