mean_pdp,ground_truth_pdp
1.6396242489500936,1.6385627515242238
1.6343722485096195,1.6385627515242238
