mean_pdp,ground_truth_pdp
1.6299591333198953,1.6385627515242238
1.602830333601876,1.6385627515242238
