mean_pdp,ground_truth_pdp
1.6257316705721816,1.6385627515242238
1.6189897637233035,1.6385627515242238
