mean_pdp,ground_truth_pdp
1.6479327621844435,1.6385627515242238
1.6451791200118915,1.6385627515242238
