mean_pdp,ground_truth_pdp
-0.0024611942534950026,-0.03853724847577608
1.959635598240351,1.9614627515242238
2.882315477952006,2.961462751524224
