mean_pdp,ground_truth_pdp
0.010048333309071341,-0.03853724847577608
1.9790999436591319,1.9614627515242238
2.905982019400509,2.961462751524224
