mean_pdp,ground_truth_pdp
0.05649590272187838,-0.03853724847577608
2.020851433600498,1.9614627515242238
2.981146623273586,2.961462751524224
