mean_pdp,ground_truth_pdp
0.07136043564576547,-0.03853724847577608
1.9810187176757605,1.9614627515242238
2.9030333591027433,2.961462751524224
