mean_pdp,ground_truth_pdp
-0.033201866923036345,-0.03853724847577608
1.957655654308188,1.9614627515242238
2.9151138921713997,2.961462751524224
