mean_pdp,ground_truth_pdp
-0.011609282585543735,-0.03853724847577608
1.9883677027822122,1.9614627515242238
2.951205072440969,2.961462751524224
