mean_pdp,ground_truth_pdp
-0.04150853913384864,-0.03853724847577608
1.967302443018109,1.9614627515242238
2.9291941620735735,2.961462751524224
