mean_pdp,ground_truth_pdp
0.6312066798677038,0.6229627515242241
2.5659057352050154,2.622962751524224
