mean_pdp,ground_truth_pdp
0.648134926501026,0.6229627515242241
2.5859104024705464,2.622962751524224
