mean_pdp,ground_truth_pdp
0.6164670428614784,0.6229627515242241
2.584564741653765,2.622962751524224
