mean_pdp,ground_truth_pdp
0.695026516124536,0.6229627515242241
2.65218038581617,2.622962751524224
