mean_pdp,ground_truth_pdp
0.6766249656995257,0.6229627515242241
2.600754673510467,2.622962751524224
