mean_pdp,ground_truth_pdp
0.6294892817416912,0.6229627515242241
2.560185287013024,2.622962751524224
