mean_pdp,ground_truth_pdp
0.6383547953574766,0.6229627515242241
2.6190764726942994,2.622962751524224
