mean_pdp,ground_truth_pdp
0.6121683042697907,0.6229627515242241
2.5965379246401645,2.622962751524224
