mean_pdp,ground_truth_pdp
2.904720555789403,2.6630387565418743
4.623381050998991,4.663038756541875
