mean_pdp,ground_truth_pdp
1.935908404865685,1.6947263466946307
3.646078712751745,3.694726346694631
