mean_pdp,ground_truth_pdp
2.7190047149598957,2.6630387565418743
4.680088830022467,4.663038756541875
