mean_pdp,ground_truth_pdp
2.7362199649853873,2.6630387565418743
4.665280956470804,4.663038756541875
