mean_pdp,ground_truth_pdp
1.7755727244710109,1.6947263466946307
3.708110103775846,3.694726346694631
