mean_pdp,ground_truth_pdp
1.7746632790848467,1.6947263466946307
3.710265074958117,3.694726346694631
