mean_pdp,ground_truth_pdp
1.7591770279678824,1.6947263466946307
3.736171061281048,3.694726346694631
