mean_pdp,ground_truth_pdp
1.8414933250176384,1.6947263466946307
3.7000066191420338,3.694726346694631
