mean_pdp,ground_truth_pdp
2.804851433467657,2.6630387565418743
4.6402810922386175,4.663038756541875
