mean_pdp,ground_truth_pdp
2.890004697505705,2.668338756541875
2.859735335619388,2.668338756541875
5.5225813440936085,5.668338756541874
