mean_pdp,ground_truth_pdp
1.917465164957836,1.7000263466946308
1.8979722048862027,1.7000263466946308
4.539063736294266,4.70002634669463
