mean_pdp,ground_truth_pdp
1.7575113242858236,1.7000263466946308
1.7429065967338673,1.7000263466946308
4.7188884940150855,4.70002634669463
