mean_pdp,ground_truth_pdp
2.7372440355231813,2.668338756541875
2.7139227947699696,2.668338756541875
5.62021240486503,5.668338756541874
