mean_pdp,ground_truth_pdp
2.7163727899488253,2.668338756541875
2.688187726283708,2.668338756541875
5.662852964005076,5.668338756541874
