mean_pdp,ground_truth_pdp
1.7721664899368483,1.7000263466946308
1.7544272883665049,1.7000263466946308
4.6731552953951905,4.70002634669463
