mean_pdp,ground_truth_pdp
1.7693570444361724,1.7000263466946308
1.7532126386193736,1.7000263466946308
4.675128473341289,4.70002634669463
