mean_pdp,ground_truth_pdp
1.8414799579371086,1.7000263466946308
1.8217462854154247,1.7000263466946308
4.62625997476993,4.70002634669463
