mean_pdp,ground_truth_pdp
2.808769838642101,2.668338756541875
2.7745050644825873,2.668338756541875
5.560467897977297,5.668338756541874
