mean_pdp,ground_truth_pdp
3.779523694146315,3.6796387565418742
3.7614216949229795,3.6796387565418742
