mean_pdp,ground_truth_pdp
2.8091502778183894,2.7113263466946314
2.7859021666497075,2.7113263466946314
