mean_pdp,ground_truth_pdp
2.768462523152257,2.7113263466946314
2.741863237861801,2.7113263466946314
