mean_pdp,ground_truth_pdp
2.7566535925872184,2.7113263466946314
2.7396523115522413,2.7113263466946314
