mean_pdp,ground_truth_pdp
3.716834308917233,3.6796387565418742
3.696188024440542,3.6796387565418742
