mean_pdp,ground_truth_pdp
3.715287311539646,3.6796387565418742
3.696514991298374,3.6796387565418742
