mean_pdp,ground_truth_pdp
2.7573435888128777,2.7113263466946314
2.7404273873359393,2.7113263466946314
