mean_pdp,ground_truth_pdp
3.740868370071102,3.6796387565418742
3.717299019572449,3.6796387565418742
