mean_pdp,ground_truth_pdp
2.792312097820996,2.7113263466946314
2.7633857050646276,2.7113263466946314
