mean_pdp,ground_truth_pdp
1.608866306437705,1.6385627515242238
1.6027077102571765,1.6385627515242238
