mean_pdp,ground_truth_pdp
1.6265911745767736,1.6385627515242238
1.6111820305569202,1.6385627515242238
