mean_pdp,ground_truth_pdp
1.557088263956418,1.6385627515242238
1.5663843922814809,1.6385627515242238
