mean_pdp,ground_truth_pdp
1.7829248362404644,1.6385627515242238
1.6789628027460275,1.6385627515242238
