mean_pdp,ground_truth_pdp
1.5392078993282712,1.6385627515242238
1.5624408986245486,1.6385627515242238
