mean_pdp,ground_truth_pdp
1.626828595658554,1.6385627515242238
1.610861903362101,1.6385627515242238
