mean_pdp,ground_truth_pdp
1.7520618134861727,1.6385627515242238
1.6596019155786634,1.6385627515242238
