mean_pdp,ground_truth_pdp
1.6047697677585155,1.6385627515242238
1.600858999956035,1.6385627515242238
