mean_pdp,ground_truth_pdp
1.6297663766725867,1.6385627515242238
1.612809964481315,1.6385627515242238
