mean_pdp,ground_truth_pdp
0.05805881690737811,-0.03853724847577608
1.923522840273868,1.9614627515242238
2.872328288351466,2.961462751524224
