mean_pdp,ground_truth_pdp
0.03740865241932384,-0.03853724847577608
1.9121896382123083,1.9614627515242238
2.8650579639652216,2.961462751524224
