mean_pdp,ground_truth_pdp
0.2532198442082125,-0.03853724847577608
2.012864591926099,1.9614627515242238
2.927136037776833,2.961462751524224
