mean_pdp,ground_truth_pdp
-0.022846089658362417,-0.03853724847577608
1.8607588349826085,1.9614627515242238
2.845550282848051,2.961462751524224
