mean_pdp,ground_truth_pdp
-0.030719917502533767,-0.03853724847577608
1.8570330635796513,1.9614627515242238
2.827169077465971,2.961462751524224
