mean_pdp,ground_truth_pdp
0.20430571971023456,-0.03853724847577608
1.9854240576597664,1.9614627515242238
2.9255238510967407,2.961462751524224
