mean_pdp,ground_truth_pdp
0.03407417035666824,-0.03853724847577608
1.9083113809544385,1.9614627515242238
2.866115301503069,2.961462751524224
