mean_pdp,ground_truth_pdp
0.06319619719879604,-0.03853724847577608
1.9242941018104842,1.9614627515242238
2.876368323073413,2.961462751524224
