mean_pdp,ground_truth_pdp
0.6066031208264051,0.6229627515242241
2.5768345736346423,2.622962751524224
