mean_pdp,ground_truth_pdp
0.6249835311535734,0.6229627515242241
2.5848487759455367,2.622962751524224
