mean_pdp,ground_truth_pdp
0.5172089064425622,0.6229627515242241
2.5529394309037157,2.622962751524224
