mean_pdp,ground_truth_pdp
0.6032590533527562,0.6229627515242241
2.597993022912658,2.622962751524224
