mean_pdp,ground_truth_pdp
0.5279090088916204,0.6229627515242241
2.5638764595065138,2.622962751524224
