mean_pdp,ground_truth_pdp
0.7699395484411268,0.6229627515242241
2.6631347126785108,2.622962751524224
