mean_pdp,ground_truth_pdp
0.730093522490472,0.6229627515242241
2.65203268492635,2.622962751524224
