mean_pdp,ground_truth_pdp
0.6241819273581973,0.6229627515242241
2.590613896976713,2.622962751524224
