mean_pdp,ground_truth_pdp
0.5982608358711651,0.6229627515242241
2.5793118167946827,2.622962751524224
