mean_pdp,ground_truth_pdp
0.7124079845389689,0.839479861385661
-2.5071490739396842,-2.89280414686354
