mean_pdp,ground_truth_pdp
0.7344325749481082,0.839479861385661
-2.450385942915398,-2.89280414686354
