mean_pdp,ground_truth_pdp
0.813573749350311,0.839479861385661
-2.721428161333548,-2.89280414686354
