mean_pdp,ground_truth_pdp
0.854063058908341,0.839479861385661
-2.778152609514465,-2.89280414686354
