mean_pdp,ground_truth_pdp
0.7927655803559602,0.839479861385661
-2.453111897411383,-2.89280414686354
