mean_pdp,ground_truth_pdp
0.8178120129999625,0.839479861385661
-2.7433961489812964,-2.89280414686354
