mean_pdp,ground_truth_pdp
0.8588875567357841,0.839479861385661
-2.7648737370000087,-2.89280414686354
