mean_pdp,ground_truth_pdp
0.9740208098978524,0.839479861385661
-2.626894200077226,-2.89280414686354
