mean_pdp,ground_truth_pdp
0.7559727613166021,0.839479861385661
-2.6893835578693235,-2.89280414686354
