mean_pdp,ground_truth_pdp
0.7588453618393548,0.839479861385661
-2.701539156916622,-2.89280414686354
