mean_pdp,ground_truth_pdp
-1.1257962850129528,-1.3961275945104252
0.5415937885429585,0.6038724054895747
-1.989935130399022,-2.3961275945104252
