mean_pdp,ground_truth_pdp
-1.1686326390911528,-1.3961275945104252
0.5143142324834153,0.6038724054895747
-2.037543720756194,-2.3961275945104252
