mean_pdp,ground_truth_pdp
-1.05080798075265,-1.3961275945104252
0.6345836039618704,0.6038724054895747
-2.079889282360364,-2.3961275945104252
