mean_pdp,ground_truth_pdp
-1.26473823821381,-1.3961275945104252
0.5699935504871998,0.6038724054895747
-2.1766333266876803,-2.3961275945104252
