mean_pdp,ground_truth_pdp
-1.0703544435630528,-1.3961275945104252
0.7265288345668419,0.6038724054895747
-2.137836258163869,-2.3961275945104252
