mean_pdp,ground_truth_pdp
-1.264579291232016,-1.3961275945104252
0.5785434821144229,0.6038724054895747
-2.204447275340553,-2.3961275945104252
