mean_pdp,ground_truth_pdp
-1.2684885837940967,-1.3961275945104252
0.5969325282354172,0.6038724054895747
-2.2160366705012544,-2.3961275945104252
