mean_pdp,ground_truth_pdp
-1.2696248539164106,-1.3961275945104252
0.5929798581384427,0.6038724054895747
-2.1911200706385565,-2.3961275945104252
