mean_pdp,ground_truth_pdp
-1.2529490161508001,-1.3961275945104252
0.5152476852757139,0.6038724054895747
-2.1767392476099525,-2.3961275945104252
