mean_pdp,ground_truth_pdp
-1.2478137807461567,-1.3961275945104252
0.5207694032124557,0.6038724054895747
-2.1737837077067472,-2.3961275945104252
