mean_pdp,ground_truth_pdp
-0.9370415813533078,-1.067427594510425
-0.8971572356878443,-1.067427594510425
