mean_pdp,ground_truth_pdp
-0.8933858478736352,-1.067427594510425
-0.8617739614196194,-1.067427594510425
