mean_pdp,ground_truth_pdp
-0.8331049365133613,-1.067427594510425
-0.860159596275886,-1.067427594510425
