mean_pdp,ground_truth_pdp
-0.983789977487954,-1.067427594510425
-0.9658233586961034,-1.067427594510425
