mean_pdp,ground_truth_pdp
-0.9863682480789114,-1.067427594510425
-0.96525593237462,-1.067427594510425
