mean_pdp,ground_truth_pdp
-0.8434180188771914,-1.067427594510425
-0.8578898909899526,-1.067427594510425
