mean_pdp,ground_truth_pdp
-0.9981499076341287,-1.067427594510425
-0.9666403502796834,-1.067427594510425
