mean_pdp,ground_truth_pdp
-0.9960872911613627,-1.067427594510425
-0.9670942913368702,-1.067427594510425
