mean_pdp,ground_truth_pdp
-1.0011017588941888,-1.067427594510425
-0.9728522704609025,-1.067427594510425
