mean_pdp,ground_truth_pdp
-1.0097696590040954,-1.067427594510425
-0.9734911246284349,-1.067427594510425
