mean_pdp,ground_truth_pdp
1.6089075117222043,1.6385627515242238
1.5933076853864638,1.6385627515242238
