mean_pdp,ground_truth_pdp
1.5788467927369247,1.6385627515242238
1.5846795246449528,1.6385627515242238
