mean_pdp,ground_truth_pdp
1.6141009922233702,1.6385627515242238
1.6055360779744148,1.6385627515242238
