mean_pdp,ground_truth_pdp
1.6238462963854916,1.6385627515242238
1.6265700180831504,1.6385627515242238
