mean_pdp,ground_truth_pdp
1.6463516134969687,1.6385627515242238
1.5797191293979416,1.6385627515242238
