mean_pdp,ground_truth_pdp
1.6118200435899936,1.6385627515242238
1.5890842122503357,1.6385627515242238
