mean_pdp,ground_truth_pdp
1.6577563566638527,1.6385627515242238
1.6619784580183383,1.6385627515242238
