mean_pdp,ground_truth_pdp
1.6200447153298638,1.6385627515242238
1.5991502418763515,1.6385627515242238
