mean_pdp,ground_truth_pdp
1.5591226410356354,1.6385627515242238
1.5762772043250108,1.6385627515242238
