mean_pdp,ground_truth_pdp
1.6110457011011186,1.6385627515242238
1.591180391060348,1.6385627515242238
