mean_pdp,ground_truth_pdp
0.04203159828004527,-0.03853724847577608
1.8799250804636796,1.9614627515242238
2.821376808791945,2.961462751524224
