mean_pdp,ground_truth_pdp
0.07839438475786442,-0.03853724847577608
1.8971149081786256,1.9614627515242238
2.82520678665608,2.961462751524224
