mean_pdp,ground_truth_pdp
0.11796060940409756,-0.03853724847577608
1.8833930757416908,1.9614627515242238
2.828097041417082,2.961462751524224
