mean_pdp,ground_truth_pdp
0.09796496618245727,-0.03853724847577608
1.9042942138672387,1.9614627515242238
2.870233799379781,2.961462751524224
