mean_pdp,ground_truth_pdp
0.09428497724563448,-0.03853724847577608
1.8798682053831317,1.9614627515242238
2.828055397471755,2.961462751524224
