mean_pdp,ground_truth_pdp
0.12234540915397449,-0.03853724847577608
1.8716702126446974,1.9614627515242238
2.8395865621138126,2.961462751524224
