mean_pdp,ground_truth_pdp
0.05850557925168546,-0.03853724847577608
1.8984194299363069,1.9614627515242238
2.8701643928042357,2.961462751524224
