mean_pdp,ground_truth_pdp
0.24072356994628993,-0.03853724847577608
1.889294564437493,1.9614627515242238
2.839794781840448,2.961462751524224
