mean_pdp,ground_truth_pdp
0.08781015735762664,-0.03853724847577608
1.8850707299698775,1.9614627515242238
2.8299826425617685,2.961462751524224
