mean_pdp,ground_truth_pdp
0.02500170798684809,-0.03853724847577608
1.8553792093713342,1.9614627515242238
2.823367226250991,2.961462751524224
