mean_pdp,ground_truth_pdp
0.627964110684677,0.6229627515242241
2.548504078715388,2.622962751524224
