mean_pdp,ground_truth_pdp
0.644221327267577,0.6229627515242241
2.579381959679201,2.622962751524224
