mean_pdp,ground_truth_pdp
0.6189687726544627,0.6229627515242241
2.57363275633174,2.622962751524224
