mean_pdp,ground_truth_pdp
0.6286642912255583,0.6229627515242241
2.547463553959953,2.622962751524224
