mean_pdp,ground_truth_pdp
0.6696776202003157,0.6229627515242241
2.53059206944475,2.622962751524224
