mean_pdp,ground_truth_pdp
0.643815823993427,0.6229627515242241
2.55091307596843,2.622962751524224
