mean_pdp,ground_truth_pdp
0.7454352840396586,0.6229627515242241
2.5478396794871343,2.622962751524224
