mean_pdp,ground_truth_pdp
0.5810399714887842,0.6229627515242241
2.528752770213064,2.622962751524224
