mean_pdp,ground_truth_pdp
0.6355577961777586,0.6229627515242241
2.5410578675505224,2.622962751524224
