mean_pdp,ground_truth_pdp
1.6629301714415263,1.6385627515242238
1.6381227188743137,1.6385627515242238
