mean_pdp,ground_truth_pdp
1.6632786412353657,1.6385627515242238
1.6274617449274305,1.6385627515242238
