mean_pdp,ground_truth_pdp
1.6586117744394397,1.6385627515242238
1.6057713470421178,1.6385627515242238
