mean_pdp,ground_truth_pdp
1.6617717611712537,1.6385627515242238
1.5961010783424276,1.6385627515242238
