mean_pdp,ground_truth_pdp
1.6702423587085948,1.6385627515242238
1.6474702460466368,1.6385627515242238
