mean_pdp,ground_truth_pdp
1.6811560682865123,1.6385627515242238
1.6655992433499591,1.6385627515242238
