mean_pdp,ground_truth_pdp
1.6662608747040408,1.6385627515242238
1.6381016434077942,1.6385627515242238
