mean_pdp,ground_truth_pdp
1.6667589987271414,1.6385627515242238
1.6160703689486704,1.6385627515242238
