mean_pdp,ground_truth_pdp
0.08928670102296622,-0.03853724847577608
1.9807517310645661,1.9614627515242238
2.8734357657221703,2.961462751524224
