mean_pdp,ground_truth_pdp
0.09733028709777024,-0.03853724847577608
1.9881495879462914,1.9614627515242238
2.8739303912222485,2.961462751524224
