mean_pdp,ground_truth_pdp
0.1175245097759262,-0.03853724847577608
1.9926297368202943,1.9614627515242238
2.907303294446215,2.961462751524224
