mean_pdp,ground_truth_pdp
0.14531495354784948,-0.03853724847577608
1.9706316854364894,1.9614627515242238
2.8584046488370722,2.961462751524224
