mean_pdp,ground_truth_pdp
0.11518973896177793,-0.03853724847577608
1.941074404637774,1.9614627515242238
2.8348642632324603,2.961462751524224
