mean_pdp,ground_truth_pdp
0.05145004670082062,-0.03853724847577608
1.971600153610035,1.9614627515242238
2.9035061128006445,2.961462751524224
