mean_pdp,ground_truth_pdp
0.06598368440953316,-0.03853724847577608
1.9867990199669798,1.9614627515242238
2.906713906520704,2.961462751524224
