mean_pdp,ground_truth_pdp
0.7037105034631491,0.6229627515242241
2.5728287512427364,2.622962751524224
