mean_pdp,ground_truth_pdp
0.7002626127382803,0.6229627515242241
2.565763050642032,2.622962751524224
