mean_pdp,ground_truth_pdp
0.6663503507787785,0.6229627515242241
2.5622174234297743,2.622962751524224
