mean_pdp,ground_truth_pdp
0.7323948412903303,0.6229627515242241
2.5606319039609615,2.622962751524224
