mean_pdp,ground_truth_pdp
0.6894262953094672,0.6229627515242241
2.6119255060682542,2.622962751524224
