mean_pdp,ground_truth_pdp
0.6927878437234987,0.6229627515242241
2.5449383467185216,2.622962751524224
