mean_pdp,ground_truth_pdp
0.7323620133901644,0.6229627515242241
2.588373352167174,2.622962751524224
