mean_pdp,ground_truth_pdp
0.6836728034052401,0.6229627515242241
2.5935317483957228,2.622962751524224
