mean_pdp,ground_truth_pdp
0.6778830092443717,0.6229627515242241
2.5775491006774005,2.622962751524224
