mean_pdp,ground_truth_pdp
0.7881577752946282,0.839479861385661
-2.7790532637745144,-2.89280414686354
