mean_pdp,ground_truth_pdp
0.7892889489495062,0.839479861385661
-2.7778877794751753,-2.89280414686354
