mean_pdp,ground_truth_pdp
0.8044014321056917,0.839479861385661
-2.880998617715312,-2.89280414686354
