mean_pdp,ground_truth_pdp
0.8267986704722752,0.839479861385661
-2.8579220285883973,-2.89280414686354
