mean_pdp,ground_truth_pdp
0.7869133751101617,0.839479861385661
-2.9225160541581396,-2.89280414686354
