mean_pdp,ground_truth_pdp
0.824242105721134,0.839479861385661
-2.8840550722799487,-2.89280414686354
