mean_pdp,ground_truth_pdp
0.8360131201369748,0.839479861385661
-2.833772362844952,-2.89280414686354
