mean_pdp,ground_truth_pdp
0.8396255779380366,0.839479861385661
-2.8300503323406105,-2.89280414686354
