mean_pdp,ground_truth_pdp
-1.3506454175613043,-1.3961275945104252
0.6202860611914658,0.6038724054895747
-2.2546760824382437,-2.3961275945104252
