mean_pdp,ground_truth_pdp
-1.3495089299398983,-1.3961275945104252
0.6202108986254274,0.6038724054895747
-2.2523140479434174,-2.3961275945104252
