mean_pdp,ground_truth_pdp
-1.3789966483335756,-1.3961275945104252
0.6054430591368067,0.6038724054895747
-2.268327199121516,-2.3961275945104252
