mean_pdp,ground_truth_pdp
-1.3766509318139872,-1.3961275945104252
0.5794506920531847,0.6038724054895747
-2.29269998507787,-2.3961275945104252
