mean_pdp,ground_truth_pdp
-1.4014991032374111,-1.3961275945104252
0.606931277944366,0.6038724054895747
-2.31509548211908,-2.3961275945104252
