mean_pdp,ground_truth_pdp
-1.4141550233203795,-1.3961275945104252
0.5819310567324503,0.6038724054895747
-2.3706471234071436,-2.3961275945104252
