mean_pdp,ground_truth_pdp
-1.3511801911261023,-1.3961275945104252
0.6432211558313972,0.6038724054895747
-2.2760760571586074,-2.3961275945104252
