mean_pdp,ground_truth_pdp
-1.3548096193363983,-1.3961275945104252
0.6434611911229389,0.6038724054895747
-2.2836193286098276,-2.3961275945104252
