mean_pdp,ground_truth_pdp
-1.0286522274209255,-1.067427594510425
-0.9995358041630048,-1.067427594510425
