mean_pdp,ground_truth_pdp
-1.0297516332059677,-1.067427594510425
-1.0007363985324327,-1.067427594510425
