mean_pdp,ground_truth_pdp
-1.0983174843481864,-1.067427594510425
-1.0769183635051898,-1.067427594510425
