mean_pdp,ground_truth_pdp
-1.067392654425736,-1.067427594510425
-1.0448635749505653,-1.067427594510425
