mean_pdp,ground_truth_pdp
-1.0456244198818994,-1.067427594510425
-1.0210918064358983,-1.067427594510425
