mean_pdp,ground_truth_pdp
-1.0620370934417922,-1.067427594510425
-1.0372987493140784,-1.067427594510425
