mean_pdp,ground_truth_pdp
-1.027050718941202,-1.067427594510425
-1.003263827709246,-1.067427594510425
