mean_pdp,ground_truth_pdp
-1.0305617245127885,-1.067427594510425
-1.0070979839212892,-1.067427594510425
