mean_pdp,ground_truth_pdp
1.6626076044592535,1.6385627515242238
1.6434092854918152,1.6385627515242238
