mean_pdp,ground_truth_pdp
1.628654343629858,1.6385627515242238
1.5668415716531046,1.6385627515242238
