mean_pdp,ground_truth_pdp
1.638741323914602,1.6385627515242238
1.588215643028524,1.6385627515242238
