mean_pdp,ground_truth_pdp
1.6452890628915386,1.6385627515242238
1.6145990854296404,1.6385627515242238
