mean_pdp,ground_truth_pdp
1.6395672419247524,1.6385627515242238
1.6108139756549658,1.6385627515242238
