mean_pdp,ground_truth_pdp
1.6648671692584973,1.6385627515242238
1.6423155806145995,1.6385627515242238
