mean_pdp,ground_truth_pdp
1.6659507113135998,1.6385627515242238
1.6470342462684386,1.6385627515242238
