mean_pdp,ground_truth_pdp
0.08422576602272008,-0.03853724847577608
1.9944479429286681,1.9614627515242238
2.8888423442074496,2.961462751524224
