mean_pdp,ground_truth_pdp
0.08245296978958563,-0.03853724847577608
1.9919315366079224,1.9614627515242238
2.887991399150513,2.961462751524224
