mean_pdp,ground_truth_pdp
0.0775170394905256,-0.03853724847577608
1.9274098621700424,1.9614627515242238
2.831989832289488,2.961462751524224
