mean_pdp,ground_truth_pdp
0.06557675698141024,-0.03853724847577608
2.009844235290069,1.9614627515242238
2.9230125875127557,2.961462751524224
