mean_pdp,ground_truth_pdp
0.09376893439698779,-0.03853724847577608
1.951444395576757,1.9614627515242238
2.8440703950389663,2.961462751524224
