mean_pdp,ground_truth_pdp
0.03161447785782339,-0.03853724847577608
1.9606509203874072,1.9614627515242238
2.883412871449373,2.961462751524224
