mean_pdp,ground_truth_pdp
0.004527986347053083,-0.03853724847577608
1.9205933647095492,1.9614627515242238
2.8632786002002413,2.961462751524224
