mean_pdp,ground_truth_pdp
0.06049812195480268,-0.03853724847577608
1.9898140406655889,1.9614627515242238
2.912879436245969,2.961462751524224
