mean_pdp,ground_truth_pdp
0.06288187311037877,-0.03853724847577608
1.9943595284580666,1.9614627515242238
2.9154406966345494,2.961462751524224
