mean_pdp,ground_truth_pdp
0.6959906853789125,0.6229627515242241
2.5819953616095237,2.622962751524224
