mean_pdp,ground_truth_pdp
0.6972686847790079,0.6229627515242241
2.584090529921929,2.622962751524224
