mean_pdp,ground_truth_pdp
0.6707381906969229,0.6229627515242241
2.528307262743744,2.622962751524224
