mean_pdp,ground_truth_pdp
0.6296009290678187,0.6229627515242241
2.5344989501384787,2.622962751524224
