mean_pdp,ground_truth_pdp
0.6817634229290099,0.6229627515242241
2.551405357513063,2.622962751524224
