mean_pdp,ground_truth_pdp
0.6479763161212972,0.6229627515242241
2.5729957747540104,2.622962751524224
