mean_pdp,ground_truth_pdp
0.683561152830873,0.6229627515242241
2.595412757644238,2.622962751524224
