mean_pdp,ground_truth_pdp
0.685415490425127,0.6229627515242241
2.5998045631804523,2.622962751524224
