mean_pdp,ground_truth_pdp
0.8512625707729432,0.839479861385661
-2.716820344803834,-2.89280414686354
