mean_pdp,ground_truth_pdp
0.8590903497755265,0.839479861385661
-2.7220648611200895,-2.89280414686354
