mean_pdp,ground_truth_pdp
0.9465863417663576,0.839479861385661
-2.7725088224962926,-2.89280414686354
