mean_pdp,ground_truth_pdp
0.9345715579987735,0.839479861385661
-2.7763661136845967,-2.89280414686354
