mean_pdp,ground_truth_pdp
0.9309275978761121,0.839479861385661
-2.721758061532295,-2.89280414686354
