mean_pdp,ground_truth_pdp
0.9220445628865772,0.839479861385661
-2.7357655049133984,-2.89280414686354
