mean_pdp,ground_truth_pdp
-1.2324847339865044,-1.3961275945104252
0.6561430849821329,0.6038724054895747
-2.205138159280002,-2.3961275945104252
