mean_pdp,ground_truth_pdp
-1.2283205239310075,-1.3961275945104252
0.6569713803110192,0.6038724054895747
-2.2062984543960513,-2.3961275945104252
