mean_pdp,ground_truth_pdp
-1.2451081441681104,-1.3961275945104252
0.7095487434601535,0.6038724054895747
-2.19620786710346,-2.3961275945104252
