mean_pdp,ground_truth_pdp
-1.23945255984691,-1.3961275945104252
0.7078329016315271,0.6038724054895747
-2.2195024305487374,-2.3961275945104252
