mean_pdp,ground_truth_pdp
-1.2092138156702577,-1.3961275945104252
0.7124632311076151,0.6038724054895747
-2.1800803107973707,-2.3961275945104252
