mean_pdp,ground_truth_pdp
-1.2107370970486278,-1.3961275945104252
0.7101644917494964,0.6038724054895747
-2.206600385503866,-2.3961275945104252
