mean_pdp,ground_truth_pdp
-1.2359115159924765,-1.3961275945104252
0.6615649124981556,0.6038724054895747
-2.2331080107586163,-2.3961275945104252
