mean_pdp,ground_truth_pdp
-1.2319720367190328,-1.3961275945104252
0.6794613053597378,0.6038724054895747
-2.2181402037647517,-2.3961275945104252
