mean_pdp,ground_truth_pdp
-0.941710180973902,-1.067427594510425
-0.9570395483513517,-1.067427594510425
