mean_pdp,ground_truth_pdp
-0.9426354803272121,-1.067427594510425
-0.9535349821898761,-1.067427594510425
