mean_pdp,ground_truth_pdp
-0.9272071922459288,-1.067427594510425
-0.9347665192922243,-1.067427594510425
