mean_pdp,ground_truth_pdp
-0.9326692135664623,-1.067427594510425
-0.9418887798303075,-1.067427594510425
