mean_pdp,ground_truth_pdp
-0.9098247804488477,-1.067427594510425
-0.915763655947132,-1.067427594510425
