mean_pdp,ground_truth_pdp
-0.9669570202208775,-1.067427594510425
-0.9669570202208775,-1.067427594510425
