mean_pdp,ground_truth_pdp
-0.9187632841287974,-1.067427594510425
-0.9266864891542339,-1.067427594510425
