mean_pdp,ground_truth_pdp
-0.9390218453837132,-1.067427594510425
-0.9523983920714999,-1.067427594510425
