mean_pdp,ground_truth_pdp
-0.9497689290639516,-1.067427594510425
-0.9661438244560301,-1.067427594510425
