mean_pdp,ground_truth_pdp
0.7955394352551446,0.839479861385661
-2.788537965292343,-2.89280414686354
