mean_pdp,ground_truth_pdp
0.7990996886045016,0.839479861385661
-2.791463823089772,-2.89280414686354
