mean_pdp,ground_truth_pdp
0.819408023763663,0.839479861385661
-2.872773336819219,-2.89280414686354
