mean_pdp,ground_truth_pdp
0.6812787733798832,0.839479861385661
-3.029968597466081,-2.89280414686354
