mean_pdp,ground_truth_pdp
0.804422736659296,0.839479861385661
-2.862445864503919,-2.89280414686354
