mean_pdp,ground_truth_pdp
0.786948882699502,0.839479861385661
-2.8915947988058175,-2.89280414686354
