mean_pdp,ground_truth_pdp
0.8119243612067804,0.839479861385661
-2.9088072526646513,-2.89280414686354
