mean_pdp,ground_truth_pdp
0.8259286570155111,0.839479861385661
-2.841288746317705,-2.89280414686354
