mean_pdp,ground_truth_pdp
0.8312836438443709,0.839479861385661
-2.8405196496257505,-2.89280414686354
