mean_pdp,ground_truth_pdp
-1.3565826159843806,-1.3961275945104252
0.6261168529185712,0.6038724054895747
-2.2581819473060056,-2.3961275945104252
