mean_pdp,ground_truth_pdp
-1.3564869516476235,-1.3961275945104252
0.6272269305848875,0.6038724054895747
-2.258669964124785,-2.3961275945104252
