mean_pdp,ground_truth_pdp
-1.3931883613055358,-1.3961275945104252
0.5842893843394297,0.6038724054895747
-2.274671940693993,-2.3961275945104252
