mean_pdp,ground_truth_pdp
-1.3973257901079192,-1.3961275945104252
0.5583293598045531,0.6038724054895747
-2.3079034680906036,-2.3961275945104252
