mean_pdp,ground_truth_pdp
-1.5069481961726876,-1.3961275945104252
0.3468630222851299,0.6038724054895747
-2.37304507557237,-2.3961275945104252
