mean_pdp,ground_truth_pdp
-1.3914015633099353,-1.3961275945104252
0.5927702597876279,0.6038724054895747
-2.277449288929156,-2.3961275945104252
