mean_pdp,ground_truth_pdp
-1.400303786767254,-1.3961275945104252
0.5441945673908897,0.6038724054895747
-2.3032745543653315,-2.3961275945104252
