mean_pdp,ground_truth_pdp
-1.3581350677413195,-1.3961275945104252
0.6212748229446386,0.6038724054895747
-2.285741539286181,-2.3961275945104252
