mean_pdp,ground_truth_pdp
-1.3555116412498291,-1.3961275945104252
0.6285594069999973,0.6038724054895747
-2.2870580442279014,-2.3961275945104252
