mean_pdp,ground_truth_pdp
-1.029778064433108,-1.067427594510425
-1.002855130904363,-1.067427594510425
