mean_pdp,ground_truth_pdp
-1.0297736209816413,-1.067427594510425
-1.0025163764964629,-1.067427594510425
