mean_pdp,ground_truth_pdp
-1.0573708354730442,-1.067427594510425
-1.0363566182447697,-1.067427594510425
