mean_pdp,ground_truth_pdp
-1.0820492753768063,-1.067427594510425
-1.0552363749869933,-1.067427594510425
