mean_pdp,ground_truth_pdp
-1.0576317290429078,-1.067427594510425
-1.031854381839647,-1.067427594510425
