mean_pdp,ground_truth_pdp
-1.0816144527603668,-1.067427594510425
-1.0627401023288643,-1.067427594510425
