mean_pdp,ground_truth_pdp
-1.204849307398742,-1.067427594510425
-1.1857796762523807,-1.067427594510425
