mean_pdp,ground_truth_pdp
-1.039152567228161,-1.067427594510425
-1.0163281324438858,-1.067427594510425
