mean_pdp,ground_truth_pdp
-1.0382762880822023,-1.067427594510425
-1.012331151976292,-1.067427594510425
