mean_pdp,ground_truth_pdp
1.817131232896546,1.6947263466946307
3.6479576862603293,3.694726346694631
