mean_pdp,ground_truth_pdp
2.78031960676947,2.6630387565418743
4.617494472057367,4.663038756541875
