mean_pdp,ground_truth_pdp
1.7537584448256407,1.6947263466946307
3.7309361414484634,3.694726346694631
