mean_pdp,ground_truth_pdp
1.7753210755198816,1.6947263466946307
3.718277836971573,3.694726346694631
