mean_pdp,ground_truth_pdp
2.7418606649831907,2.6630387565418743
4.679294659153775,4.663038756541875
