mean_pdp,ground_truth_pdp
2.7211204745664017,2.6630387565418743
4.687700927277779,4.663038756541875
