mean_pdp,ground_truth_pdp
2.7752901390672253,2.6630387565418743
4.629412034020945,4.663038756541875
