mean_pdp,ground_truth_pdp
1.8127792497198045,1.6947263466946307
3.711316190614377,3.694726346694631
