mean_pdp,ground_truth_pdp
1.8000544142203383,1.7000263466946308
1.7730980001733307,1.7000263466946308
4.601726989678112,4.70002634669463
