mean_pdp,ground_truth_pdp
2.7657829304389647,2.668338756541875
2.7282188434528796,2.668338756541875
5.5798819947979315,5.668338756541874
