mean_pdp,ground_truth_pdp
2.714736493962757,2.668338756541875
2.6848098750236473,2.668338756541875
5.681987468693947,5.668338756541874
