mean_pdp,ground_truth_pdp
1.7699693229359503,1.7000263466946308
1.7474812901907624,1.7000263466946308
4.694372905778213,4.70002634669463
