mean_pdp,ground_truth_pdp
2.7370668335216837,2.668338756541875
2.710971088616018,2.668338756541875
5.65199939009917,5.668338756541874
