mean_pdp,ground_truth_pdp
1.7421068861924243,1.7000263466946308
1.7193454784088347,1.7000263466946308
4.737286451549211,4.70002634669463
