mean_pdp,ground_truth_pdp
2.7700610310409997,2.668338756541875
2.7368443327419447,2.668338756541875
5.575647618815653,5.668338756541874
