mean_pdp,ground_truth_pdp
1.8079916710183301,1.7000263466946308
1.7838508423917423,1.7000263466946308
4.670620041322959,4.70002634669463
