mean_pdp,ground_truth_pdp
3.718719888997228,3.6796387565418742
3.6929968360654972,3.6796387565418742
