mean_pdp,ground_truth_pdp
2.749691553508338,2.7113263466946314
2.729516471327972,2.7113263466946314
