mean_pdp,ground_truth_pdp
2.763394838626383,2.7113263466946314
2.7428189689844285,2.7113263466946314
