mean_pdp,ground_truth_pdp
3.7290332916100817,3.6796387565418742
3.703740926808079,3.6796387565418742
