mean_pdp,ground_truth_pdp
3.721809522304777,3.6796387565418742
3.6997934839714786,3.6796387565418742
