mean_pdp,ground_truth_pdp
2.75597966047172,2.7113263466946314
2.7417313654564204,2.7113263466946314
