mean_pdp,ground_truth_pdp
3.7290332916100817,3.6796387565418742
3.7037409268080785,3.6796387565418742
