mean_pdp,ground_truth_pdp
3.722745177903998,3.6796387565418742
3.695588953635481,3.6796387565418742
