mean_pdp,ground_truth_pdp
2.78059805080137,2.7113263466946314
2.7580128686209235,2.7113263466946314
