mean_pdp,ground_truth_pdp
0.7892637007813669,0.839479861385661
-2.7493220426353506,-2.89280414686354
