mean_pdp,ground_truth_pdp
0.7833746225147562,0.839479861385661
-2.7402777987534757,-2.89280414686354
