mean_pdp,ground_truth_pdp
0.8315249265947521,0.839479861385661
-2.6857615417698963,-2.89280414686354
