mean_pdp,ground_truth_pdp
0.842321338024532,0.839479861385661
-2.8151057864934557,-2.89280414686354
