mean_pdp,ground_truth_pdp
0.8239576121482617,0.839479861385661
-2.791601104908087,-2.89280414686354
