mean_pdp,ground_truth_pdp
0.8408100839393395,0.839479861385661
-2.8183382491092224,-2.89280414686354
