mean_pdp,ground_truth_pdp
0.8212557482856847,0.839479861385661
-2.7816843562420366,-2.89280414686354
