mean_pdp,ground_truth_pdp
0.915787285550141,0.839479861385661
-2.8194472627755727,-2.89280414686354
