mean_pdp,ground_truth_pdp
0.8235609555551004,0.839479861385661
-2.765440626807908,-2.89280414686354
