mean_pdp,ground_truth_pdp
0.8212595099996338,0.839479861385661
-2.7528986858172724,-2.89280414686354
