mean_pdp,ground_truth_pdp
-1.2711207822438977,-1.3961275945104252
0.553698243906001,0.6038724054895747
-2.2179307762422598,-2.3961275945104252
