mean_pdp,ground_truth_pdp
-1.2754264990895108,-1.3961275945104252
0.5615686818996404,0.6038724054895747
-2.2256654467939505,-2.3961275945104252
