mean_pdp,ground_truth_pdp
-1.3101629237826586,-1.3961275945104252
0.5812361794571925,0.6038724054895747
-2.2372500208581907,-2.3961275945104252
