mean_pdp,ground_truth_pdp
-1.3217177789021135,-1.3961275945104252
0.5733594221656619,0.6038724054895747
-2.217636758584727,-2.3961275945104252
