mean_pdp,ground_truth_pdp
-1.3146810549302868,-1.3961275945104252
0.570497802748782,0.6038724054895747
-2.203114080057917,-2.3961275945104252
