mean_pdp,ground_truth_pdp
-1.2537609273710957,-1.3961275945104252
0.6588547909111154,0.6038724054895747
-2.2590208468307953,-2.3961275945104252
