mean_pdp,ground_truth_pdp
-1.3045335446051973,-1.3961275945104252
0.5789468839236886,0.6038724054895747
-2.225631878036743,-2.3961275945104252
