mean_pdp,ground_truth_pdp
-1.2256140314837896,-1.3961275945104252
0.647408313243596,0.6038724054895747
-2.2009301327235535,-2.3961275945104252
