mean_pdp,ground_truth_pdp
-1.2523075843515992,-1.3961275945104252
0.5765969465172913,0.6038724054895747
-2.22022402932875,-2.3961275945104252
