mean_pdp,ground_truth_pdp
-1.2587857741497643,-1.3961275945104252
0.5801651748480176,0.6038724054895747
-2.2323872123644413,-2.3961275945104252
