mean_pdp,ground_truth_pdp
-1.0197925295094699,-1.067427594510425
-0.9790614700344561,-1.067427594510425
