mean_pdp,ground_truth_pdp
-1.0217178368001414,-1.067427594510425
-0.980465018829721,-1.067427594510425
