mean_pdp,ground_truth_pdp
-1.0285351421022644,-1.067427594510425
-0.9782029327324959,-1.067427594510425
