mean_pdp,ground_truth_pdp
-1.024349791164081,-1.067427594510425
-0.9797091604406356,-1.067427594510425
