mean_pdp,ground_truth_pdp
-1.0157471265116138,-1.067427594510425
-1.001088450890065,-1.067427594510425
