mean_pdp,ground_truth_pdp
-1.0216530103802903,-1.067427594510425
-0.9953063650920395,-1.067427594510425
