mean_pdp,ground_truth_pdp
-0.9852418773262099,-1.067427594510425
-0.9074227160918333,-1.067427594510425
