mean_pdp,ground_truth_pdp
-0.9508312187163408,-1.067427594510425
-0.992939877889551,-1.067427594510425
