mean_pdp,ground_truth_pdp
-1.0022473240904481,-1.067427594510425
-0.9697193037017613,-1.067427594510425
