mean_pdp,ground_truth_pdp
-1.006059417859445,-1.067427594510425
-0.9761936007474388,-1.067427594510425
