mean_pdp,ground_truth_pdp
1.8926391935097884,1.6947263466946307
3.6217343111001057,3.694726346694631
