mean_pdp,ground_truth_pdp
2.895348616411667,2.6630387565418743
4.613820297676777,4.663038756541875
