mean_pdp,ground_truth_pdp
1.7791603249603933,1.6947263466946307
3.711224524078498,3.694726346694631
