mean_pdp,ground_truth_pdp
1.7950481933497973,1.6947263466946307
3.6759490720121275,3.694726346694631
