mean_pdp,ground_truth_pdp
2.737602976115484,2.6630387565418743
4.6772346223427315,4.663038756541875
