mean_pdp,ground_truth_pdp
2.719532857508245,2.6630387565418743
4.687977669911683,4.663038756541875
