mean_pdp,ground_truth_pdp
2.8069850980394904,2.6630387565418743
4.641418670606616,4.663038756541875
