mean_pdp,ground_truth_pdp
1.8452855417945706,1.6947263466946307
3.691814077325238,3.694726346694631
