mean_pdp,ground_truth_pdp
2.8783101985294146,2.668338756541875
2.8497503518545364,2.668338756541875
5.515463252350917,5.668338756541874
