mean_pdp,ground_truth_pdp
1.8713074992434873,1.7000263466946308
1.8515888545795305,1.7000263466946308
4.530273727265817,4.70002634669463
