mean_pdp,ground_truth_pdp
2.7351829537259857,2.668338756541875
2.7077248409402146,2.668338756541875
5.647896290423321,5.668338756541874
