mean_pdp,ground_truth_pdp
2.714646975589327,2.668338756541875
2.6835848310642874,2.668338756541875
5.681492548342358,5.668338756541874
