mean_pdp,ground_truth_pdp
1.7749710493509094,1.7000263466946308
1.7523971798718878,1.7000263466946308
4.679409591363365,4.70002634669463
