mean_pdp,ground_truth_pdp
2.805609694322426,2.668338756541875
2.7741524983589305,2.668338756541875
5.568637323012081,5.668338756541874
