mean_pdp,ground_truth_pdp
1.8386736236659653,1.7000263466946308
1.8204436351568447,1.7000263466946308
4.623641777342673,4.70002634669463
