mean_pdp,ground_truth_pdp
2.7707563650266147,2.7113263466946314
2.756709647750008,2.7113263466946314
