mean_pdp,ground_truth_pdp
3.769454559304093,3.6796387565418742
3.7524494227711807,3.6796387565418742
