mean_pdp,ground_truth_pdp
3.724873586581969,3.6796387565418742
3.701711977006573,3.6796387565418742
