mean_pdp,ground_truth_pdp
3.724873586581969,3.6796387565418742
3.7017119770065725,3.6796387565418742
