mean_pdp,ground_truth_pdp
2.7616505983842576,2.7113263466946314
2.7410474425261144,2.7113263466946314
