mean_pdp,ground_truth_pdp
3.720440579407075,3.6796387565418742
3.6999468975977012,3.6796387565418742
