mean_pdp,ground_truth_pdp
2.761650598384257,2.7113263466946314
2.741047442526115,2.7113263466946314
