mean_pdp,ground_truth_pdp
2.7820271067676448,2.7113263466946314
2.7688256404450424,2.7113263466946314
