mean_pdp,ground_truth_pdp
3.742403139724603,3.6796387565418742
3.719037785348764,3.6796387565418742
