mean_pdp,ground_truth_pdp
1.6188774289684138,1.6385627515242238
1.6186769724778356,1.6385627515242238
