mean_pdp,ground_truth_pdp
1.6190432880015007,1.6385627515242238
1.619311649444818,1.6385627515242238
