mean_pdp,ground_truth_pdp
1.639658450159755,1.6385627515242238
1.6045847049782254,1.6385627515242238
