mean_pdp,ground_truth_pdp
1.6250058737742106,1.6385627515242238
1.6204655005263797,1.6385627515242238
