mean_pdp,ground_truth_pdp
1.6415514408146392,1.6385627515242238
1.6090082986356329,1.6385627515242238
