mean_pdp,ground_truth_pdp
1.62644299138,1.6385627515242238
1.6257797153955469,1.6385627515242238
