mean_pdp,ground_truth_pdp
-0.03161309142522085,-0.03853724847577608
1.9701783151451342,1.9614627515242238
2.910378573268423,2.961462751524224
