mean_pdp,ground_truth_pdp
-0.031022949193969942,-0.03853724847577608
1.9702577855680823,1.9614627515242238
2.9108012893609048,2.961462751524224
