mean_pdp,ground_truth_pdp
0.02100457923740487,-0.03853724847577608
1.967489296340624,1.9614627515242238
2.8710036848176244,2.961462751524224
