mean_pdp,ground_truth_pdp
-0.05140989014438231,-0.03853724847577608
1.973774987277093,1.9614627515242238
2.9397627896509664,2.961462751524224
