mean_pdp,ground_truth_pdp
0.03466978507785165,-0.03853724847577608
1.96804158156807,1.9614627515242238
2.8661428635370307,2.961462751524224
