mean_pdp,ground_truth_pdp
-0.057227463491703386,-0.03853724847577608
1.9798318178632994,1.9614627515242238
2.9418952846806024,2.961462751524224
