mean_pdp,ground_truth_pdp
-0.04517508840752338,-0.03853724847577608
1.9717881001283037,1.9614627515242238
2.9417042238964517,2.961462751524224
