mean_pdp,ground_truth_pdp
-0.0457944449459427,-0.03853724847577608
1.9714581694386835,1.9614627515242238
2.9421446746173197,2.961462751524224
