mean_pdp,ground_truth_pdp
0.6103133297431187,0.6229627515242241
2.5921328638763215,2.622962751524224
