mean_pdp,ground_truth_pdp
0.6100812353863874,0.6229627515242241
2.5915699186655714,2.622962751524224
