mean_pdp,ground_truth_pdp
0.6066565912242745,0.6229627515242241
2.607689164361102,2.622962751524224
