mean_pdp,ground_truth_pdp
0.6376810065171525,0.6229627515242241
2.580468163270767,2.622962751524224
