mean_pdp,ground_truth_pdp
0.6100085106888585,0.6229627515242241
2.6027841993905776,2.622962751524224
