mean_pdp,ground_truth_pdp
0.6345125248601285,0.6229627515242241
2.5774717071398605,2.622962751524224
