mean_pdp,ground_truth_pdp
0.6062502540524531,0.6229627515242241
2.6104615436484173,2.622962751524224
