mean_pdp,ground_truth_pdp
0.6065219036880595,0.6229627515242241
2.6102342259578055,2.622962751524224
