mean_pdp,ground_truth_pdp
2.7486453198075194,2.6630387565418743
4.574225422929128,4.663038756541875
