mean_pdp,ground_truth_pdp
1.7971461166490432,1.6947263466946307
3.6172947645816094,3.694726346694631
