mean_pdp,ground_truth_pdp
2.708477126051018,2.6630387565418743
4.591587343441314,4.663038756541875
