mean_pdp,ground_truth_pdp
2.6848944966328427,2.6630387565418743
4.612605119740197,4.663038756541875
