mean_pdp,ground_truth_pdp
1.7356250800562276,1.6947263466946307
3.6567915487861926,3.694726346694631
