mean_pdp,ground_truth_pdp
2.750218199742648,2.6630387565418743
4.587310804794494,4.663038756541875
