mean_pdp,ground_truth_pdp
1.7978848484141092,1.6947263466946307
3.628813653524625,3.694726346694631
