mean_pdp,ground_truth_pdp
1.7818999512984337,1.7000263466946308
1.715357102736117,1.7000263466946308
4.5914963957089725,4.70002634669463
