mean_pdp,ground_truth_pdp
2.7420402661667036,2.668338756541875
2.6705743765956114,2.668338756541875
5.5435745519864,5.668338756541874
