mean_pdp,ground_truth_pdp
1.7369202106331545,1.7000263466946308
1.6741175786455593,1.7000263466946308
4.641186658650461,4.70002634669463
