mean_pdp,ground_truth_pdp
2.683731594225523,2.668338756541875
2.6386204818717403,2.668338756541875
5.590434787897617,5.668338756541874
