mean_pdp,ground_truth_pdp
1.791938461468728,1.7000263466946308
1.7206144570755117,1.7000263466946308
4.594243537274601,4.70002634669463
