mean_pdp,ground_truth_pdp
2.7537635451758598,2.668338756541875
2.678044644660249,2.668338756541875
5.542821620697719,5.668338756541874
