mean_pdp,ground_truth_pdp
3.6423708853641457,3.6796387565418742
3.6886268036945182,3.6796387565418742
