mean_pdp,ground_truth_pdp
2.6899524413700044,2.7113263466946314
2.7321078466482067,2.7113263466946314
