mean_pdp,ground_truth_pdp
2.684057509350226,2.7113263466946314
2.7131848580311004,2.7113263466946314
