mean_pdp,ground_truth_pdp
3.631507302385341,3.6796387565418742
3.6733917031170833,3.6796387565418742
