mean_pdp,ground_truth_pdp
2.701364048857705,2.7113263466946314
2.7326835614660063,2.7113263466946314
