mean_pdp,ground_truth_pdp
3.656101286793356,3.6796387565418742
3.689877060665328,3.6796387565418742
