mean_pdp,ground_truth_pdp
1.8529195344816796,1.6947263466946307
3.55648627900282,3.694726346694631
