mean_pdp,ground_truth_pdp
2.8095793332034096,2.6630387565418743
4.526939585281688,4.663038756541875
