mean_pdp,ground_truth_pdp
2.680974762991291,2.6630387565418743
4.627511518422558,4.663038756541875
