mean_pdp,ground_truth_pdp
1.7348663786769933,1.6947263466946307
3.6436292442676907,3.694726346694631
