mean_pdp,ground_truth_pdp
1.8218287489819105,1.6947263466946307
3.547538477636858,3.694726346694631
