mean_pdp,ground_truth_pdp
2.7867495333387002,2.6630387565418743
4.530545592542758,4.663038756541875
