mean_pdp,ground_truth_pdp
1.8503493511505622,1.7000263466946308
1.7867515707778758,1.7000263466946308
4.446783457886417,4.70002634669463
