mean_pdp,ground_truth_pdp
2.812565779545244,2.668338756541875
2.750328436746127,2.668338756541875
5.413131843964023,5.668338756541874
