mean_pdp,ground_truth_pdp
1.7359392939885745,1.7000263466946308
1.6772491504899876,1.7000263466946308
4.618866494795629,4.70002634669463
