mean_pdp,ground_truth_pdp
2.693136551107814,2.668338756541875
2.641022631263544,2.668338756541875
5.596151466142658,5.668338756541874
