mean_pdp,ground_truth_pdp
1.7425293287139219,1.7000263466946308
1.7171483704803343,1.7000263466946308
4.567596625959887,4.70002634669463
