mean_pdp,ground_truth_pdp
1.8273063437007848,1.7000263466946308
1.7591395010970992,1.7000263466946308
4.4374899316196155,4.70002634669463
