mean_pdp,ground_truth_pdp
2.7959574665940217,2.668338756541875
2.7338021923681985,2.668338756541875
5.4163898596222975,5.668338756541874
