mean_pdp,ground_truth_pdp
3.6517943350221973,3.6796387565418742
3.691315787075722,3.6796387565418742
