mean_pdp,ground_truth_pdp
2.6894361025111713,2.7113263466946314
2.726907944653274,2.7113263466946314
