mean_pdp,ground_truth_pdp
3.6365307225336054,3.6796387565418742
3.6803950521371283,3.6796387565418742
