mean_pdp,ground_truth_pdp
2.6715596783106403,2.7113263466946314
2.7130947524579296,2.7113263466946314
