mean_pdp,ground_truth_pdp
3.6448276604367336,3.6796387565418742
3.68019468719037,3.6796387565418742
