mean_pdp,ground_truth_pdp
2.672464990595882,2.7113263466946314
2.7044545653672425,2.7113263466946314
