mean_pdp,ground_truth_pdp
1.7431915408106826,1.6947263466946307
3.6507057393356774,3.694726346694631
