mean_pdp,ground_truth_pdp
2.698886480418976,2.6630387565418743
4.613845045167182,4.663038756541875
