mean_pdp,ground_truth_pdp
1.7096761171942536,1.6947263466946307
3.670062669534817,3.694726346694631
