mean_pdp,ground_truth_pdp
2.6819912253622373,2.6630387565418743
4.645864241616957,4.663038756541875
