mean_pdp,ground_truth_pdp
2.6571620322316614,2.668338756541875
2.678027660514164,2.668338756541875
5.593105760351307,5.668338756541874
