mean_pdp,ground_truth_pdp
1.6979186421981265,1.7000263466946308
1.7220560304437913,1.7000263466946308
4.631959582560533,4.70002634669463
