mean_pdp,ground_truth_pdp
2.6471979349349204,2.668338756541875
2.6733684941259677,2.668338756541875
5.630431623796828,5.668338756541874
