mean_pdp,ground_truth_pdp
1.674074496688433,1.7000263466946308
1.6963581482097585,1.7000263466946308
4.662528359065273,4.70002634669463
