mean_pdp,ground_truth_pdp
1.6915298191852661,1.7000263466946308
1.7122727449581518,1.7000263466946308
4.665028887505353,4.70002634669463
