mean_pdp,ground_truth_pdp
2.688894963114568,2.7113263466946314
2.7133908722118774,2.7113263466946314
