mean_pdp,ground_truth_pdp
3.6497000764927683,3.6796387565418742
3.6718349127130443,3.6796387565418742
