mean_pdp,ground_truth_pdp
2.6851634557443598,2.7113263466946314
2.704407595051207,2.7113263466946314
