mean_pdp,ground_truth_pdp
3.660600597702154,3.6796387565418742
3.675473470855626,3.6796387565418742
