mean_pdp,ground_truth_pdp
3.6615862966006367,3.6796387565418742
3.670965923743772,3.6796387565418742
