mean_pdp,ground_truth_pdp
2.696943228267611,2.7113263466946314
2.7180327463364935,2.7113263466946314
