mean_pdp,ground_truth_pdp
3.656725443030823,3.6796387565418742
3.6757750596591565,3.6796387565418742
