mean_pdp,ground_truth_pdp
1.614656818628118,1.6385627515242238
1.6188863703093797,1.6385627515242238
