mean_pdp,ground_truth_pdp
1.6191824000608113,1.6385627515242238
1.617401510818556,1.6385627515242238
