mean_pdp,ground_truth_pdp
1.6475059272187411,1.6385627515242238
1.6018601927831668,1.6385627515242238
