mean_pdp,ground_truth_pdp
1.6324876842057086,1.6385627515242238
1.6263543246015026,1.6385627515242238
