mean_pdp,ground_truth_pdp
1.6167319734764267,1.6385627515242238
1.6119572373207685,1.6385627515242238
