mean_pdp,ground_truth_pdp
1.6282911970163916,1.6385627515242238
1.6265709830774582,1.6385627515242238
