mean_pdp,ground_truth_pdp
-0.034720411210981225,-0.03853724847577608
1.9696518575282838,1.9614627515242238
2.908355842922125,2.961462751524224
