mean_pdp,ground_truth_pdp
-0.029346594401568858,-0.03853724847577608
1.9720040403000145,1.9614627515242238
2.905131216708379,2.961462751524224
