mean_pdp,ground_truth_pdp
0.03457932412737151,-0.03853724847577608
1.9680643658631944,1.9614627515242238
2.8630121431219218,2.961462751524224
