mean_pdp,ground_truth_pdp
-0.001962630176632653,-0.03853724847577608
1.9520695230154241,1.9614627515242238
2.884939601375394,2.961462751524224
