mean_pdp,ground_truth_pdp
-0.040617535268233335,-0.03853724847577608
1.9720343654350425,1.9614627515242238
2.9393705461772126,2.961462751524224
