mean_pdp,ground_truth_pdp
0.6123144929697497,0.6229627515242241
2.5887373144473638,2.622962751524224
