mean_pdp,ground_truth_pdp
0.6082553523378778,0.6229627515242241
2.5896181304423767,2.622962751524224
