mean_pdp,ground_truth_pdp
0.6428501271885322,0.6229627515242241
2.574170635975969,2.622962751524224
