mean_pdp,ground_truth_pdp
0.6152479708918026,0.6229627515242241
2.5801601847420574,2.622962751524224
