mean_pdp,ground_truth_pdp
0.6130205464661131,0.6229627515242241
2.604988882036604,2.622962751524224
