mean_pdp,ground_truth_pdp
2.6900288961237595,2.6630387565418743
4.615011289967379,4.663038756541875
