mean_pdp,ground_truth_pdp
1.7433521822948455,1.6947263466946307
3.6467641022315616,3.694726346694631
