mean_pdp,ground_truth_pdp
1.7101927002918793,1.6947263466946307
3.668239584510895,3.694726346694631
