mean_pdp,ground_truth_pdp
2.687445545036559,2.6630387565418743
4.64383823554777,4.663038756541875
