mean_pdp,ground_truth_pdp
1.7205525871531728,1.6947263466946307
3.6839265778116124,3.694726346694631
