mean_pdp,ground_truth_pdp
2.6800921700627818,2.6630387565418743
4.6439748025981356,4.663038756541875
