mean_pdp,ground_truth_pdp
2.6422238021721154,2.668338756541875
2.6599275099149042,2.668338756541875
5.614227991288568,5.668338756541874
