mean_pdp,ground_truth_pdp
1.6912224976434118,1.7000263466946308
1.704329214679689,1.7000263466946308
4.6512373106148255,4.70002634669463
