mean_pdp,ground_truth_pdp
2.6466856733804294,2.668338756541875
2.663947526000869,2.668338756541875
5.629286618566544,5.668338756541874
