mean_pdp,ground_truth_pdp
2.64998393584026,2.668338756541875
2.678785389451213,2.668338756541875
5.628087047265113,5.668338756541874
