mean_pdp,ground_truth_pdp
1.6735991807438517,1.7000263466946308
1.7041010957591023,1.7000263466946308
4.652690338285874,4.70002634669463
