mean_pdp,ground_truth_pdp
1.6912063976224567,1.7000263466946308
1.7101536825944113,1.7000263466946308
4.667236998922209,4.70002634669463
