mean_pdp,ground_truth_pdp
2.649464739142358,2.668338756541875
2.667585419440551,2.668338756541875
5.628187268258867,5.668338756541874
