mean_pdp,ground_truth_pdp
2.68872966300129,2.7113263466946314
2.7117431245079016,2.7113263466946314
