mean_pdp,ground_truth_pdp
3.6455615431120987,3.6796387565418742
3.668611431257508,3.6796387565418742
