mean_pdp,ground_truth_pdp
2.685186128899194,2.7113263466946314
2.703160762405315,2.7113263466946314
