mean_pdp,ground_truth_pdp
3.6612867019585402,3.6796387565418742
3.679015071899765,3.6796387565418742
