mean_pdp,ground_truth_pdp
2.703669612626516,2.7113263466946314
2.71168260495393,2.7113263466946314
