mean_pdp,ground_truth_pdp
3.6579924846619107,3.6796387565418742
3.6751552346707816,3.6796387565418742
