mean_pdp,ground_truth_pdp
2.696995531421154,2.7113263466946314
2.7181451153971636,2.7113263466946314
