mean_pdp,ground_truth_pdp
0.8698154344351541,0.839479861385661
-2.623839046634865,-2.89280414686354
