mean_pdp,ground_truth_pdp
0.8752012414845808,0.839479861385661
-2.6068301349500893,-2.89280414686354
