mean_pdp,ground_truth_pdp
0.8115731567473867,0.839479861385661
-2.870057834375175,-2.89280414686354
