mean_pdp,ground_truth_pdp
0.8294834555157511,0.839479861385661
-2.8221495890500417,-2.89280414686354
