mean_pdp,ground_truth_pdp
0.8343734558798526,0.839479861385661
-2.887656063336328,-2.89280414686354
