mean_pdp,ground_truth_pdp
0.7870135014585271,0.839479861385661
-2.9214922079497825,-2.89280414686354
