mean_pdp,ground_truth_pdp
0.822834098995256,0.839479861385661
-2.8256757172995157,-2.89280414686354
