mean_pdp,ground_truth_pdp
0.9011491952721388,0.839479861385661
-2.762716763544204,-2.89280414686354
