mean_pdp,ground_truth_pdp
0.8005090767329296,0.839479861385661
-2.8990018404592655,-2.89280414686354
