mean_pdp,ground_truth_pdp
0.8257504949567481,0.839479861385661
-2.8287456792044168,-2.89280414686354
