mean_pdp,ground_truth_pdp
-1.2250266267874634,-1.3961275945104252
0.6848943964448372,0.6038724054895747
-2.091510039791764,-2.3961275945104252
