mean_pdp,ground_truth_pdp
-1.2154534987060333,-1.3961275945104252
0.6978224078629337,0.6038724054895747
-2.080524488032557,-2.3961275945104252
