mean_pdp,ground_truth_pdp
-1.3426134039257471,-1.3961275945104252
0.6034474093706678,0.6038724054895747
-2.268235498788532,-2.3961275945104252
