mean_pdp,ground_truth_pdp
-1.407250170964794,-1.3961275945104252
0.5223159871226792,0.6038724054895747
-2.320859500214862,-2.3961275945104252
