mean_pdp,ground_truth_pdp
-1.3878700363946532,-1.3961275945104252
0.5855634057556512,0.6038724054895747
-2.2825384326636846,-2.3961275945104252
