mean_pdp,ground_truth_pdp
-1.2801578706512247,-1.3961275945104252
0.692444803471212,0.6038724054895747
-2.206747074391946,-2.3961275945104252
