mean_pdp,ground_truth_pdp
-1.35555165287513,-1.3961275945104252
0.6261291168796456,0.6038724054895747
-2.2562264319505196,-2.3961275945104252
