mean_pdp,ground_truth_pdp
-1.3760455602557142,-1.3961275945104252
0.5969907854392311,0.6038724054895747
-2.3026986579605926,-2.3961275945104252
