mean_pdp,ground_truth_pdp
-1.393948964091017,-1.3961275945104252
0.5528902856621535,0.6038724054895747
-2.308096630679952,-2.3961275945104252
