mean_pdp,ground_truth_pdp
-1.3467459473612249,-1.3961275945104252
0.612877721762187,0.6038724054895747
-2.271341900944124,-2.3961275945104252
