mean_pdp,ground_truth_pdp
-0.8980542092078472,-1.067427594510425
-0.8724056029790463,-1.067427594510425
