mean_pdp,ground_truth_pdp
-0.9076022888263627,-1.067427594510425
-0.8849656453301002,-1.067427594510425
