mean_pdp,ground_truth_pdp
-1.0415859505501939,-1.067427594510425
-1.0033099310651432,-1.067427594510425
