mean_pdp,ground_truth_pdp
-1.0588277147986538,-1.067427594510425
-1.0361851299066045,-1.067427594510425
