mean_pdp,ground_truth_pdp
-1.057820907953062,-1.067427594510425
-1.0367271450395599,-1.067427594510425
