mean_pdp,ground_truth_pdp
-1.0984261571559841,-1.067427594510425
-1.0774991848839097,-1.067427594510425
