mean_pdp,ground_truth_pdp
-0.969317905419815,-1.067427594510425
-0.9341897704828751,-1.067427594510425
