mean_pdp,ground_truth_pdp
-1.0304076114957585,-1.067427594510425
-0.9990905029972211,-1.067427594510425
