mean_pdp,ground_truth_pdp
-1.040424427679032,-1.067427594510425
-1.0044782327937276,-1.067427594510425
