mean_pdp,ground_truth_pdp
-1.0811313438392864,-1.067427594510425
-1.0587523251516235,-1.067427594510425
