mean_pdp,ground_truth_pdp
2.813386203167539,2.6630387565418743
4.5333155551764985,4.663038756541875
