mean_pdp,ground_truth_pdp
1.8931688687009922,1.6947263466946307
3.599731613801697,3.694726346694631
