mean_pdp,ground_truth_pdp
1.696302647922459,1.6947263466946307
3.676844616525853,3.694726346694631
