mean_pdp,ground_truth_pdp
2.6668686857912407,2.6630387565418743
4.656625738957879,4.663038756541875
