mean_pdp,ground_truth_pdp
2.671122033577129,2.6630387565418743
4.6325255979436335,4.663038756541875
