mean_pdp,ground_truth_pdp
1.724165768744239,1.6947263466946307
3.6558536434397078,3.694726346694631
