mean_pdp,ground_truth_pdp
1.8437760711185371,1.6947263466946307
3.594517655767581,3.694726346694631
