mean_pdp,ground_truth_pdp
2.754391690767367,2.6630387565418743
4.516572082003923,4.663038756541875
