mean_pdp,ground_truth_pdp
1.8832202827237563,1.7000263466946308
1.8134417287157145,1.7000263466946308
4.511752537630261,4.70002634669463
