mean_pdp,ground_truth_pdp
2.813196192185571,2.668338756541875
2.7425553003079584,2.668338756541875
5.437597690584031,5.668338756541874
