mean_pdp,ground_truth_pdp
1.7247686528606572,1.7000263466946308
1.6624461333201166,1.7000263466946308
4.646248674258854,4.70002634669463
