mean_pdp,ground_truth_pdp
2.687754975915858,2.668338756541875
2.6341577615581553,2.668338756541875
5.600642252082953,5.668338756541874
