mean_pdp,ground_truth_pdp
2.6860810233851216,2.668338756541875
2.6146245238041455,2.668338756541875
5.652514256862181,5.668338756541874
