mean_pdp,ground_truth_pdp
1.6891156546203783,1.7000263466946308
1.6337789421395479,1.7000263466946308
4.699221432699442,4.70002634669463
