mean_pdp,ground_truth_pdp
2.763900747931114,2.668338756541875
2.6895211194162094,2.668338756541875
5.423021236509897,5.668338756541874
