mean_pdp,ground_truth_pdp
1.8426947741425912,1.7000263466946308
1.7666398352305106,1.7000263466946308
4.515773656971744,4.70002634669463
