mean_pdp,ground_truth_pdp
3.654519530827722,3.6796387565418742
3.699838911067864,3.6796387565418742
