mean_pdp,ground_truth_pdp
2.7341526945237553,2.7113263466946314
2.7660568210667096,2.7113263466946314
