mean_pdp,ground_truth_pdp
2.673542662559434,2.7113263466946314
2.70708003287904,2.7113263466946314
