mean_pdp,ground_truth_pdp
3.631602720799746,3.6796387565418742
3.67985980642765,3.6796387565418742
