mean_pdp,ground_truth_pdp
3.631602720799746,3.6796387565418742
3.6798598064276504,3.6796387565418742
