mean_pdp,ground_truth_pdp
2.6774708510869663,2.7113263466946314
2.707822210848825,2.7113263466946314
