mean_pdp,ground_truth_pdp
3.6418822807188103,3.6796387565418742
3.6911937719046675,3.6796387565418742
