mean_pdp,ground_truth_pdp
2.677470851086966,2.7113263466946314
2.707822210848825,2.7113263466946314
