mean_pdp,ground_truth_pdp
2.711080022249074,2.7113263466946314
2.734121659068391,2.7113263466946314
