mean_pdp,ground_truth_pdp
3.6209011697733153,3.6796387565418742
3.6582630871911967,3.6796387565418742
