mean_pdp,ground_truth_pdp
1.692931447857441,1.6385627515242238
1.68599624832214,1.6385627515242238
