mean_pdp,ground_truth_pdp
1.7235373584202747,1.6385627515242238
1.7137557453567034,1.6385627515242238
