mean_pdp,ground_truth_pdp
1.663019501881531,1.6385627515242238
1.592772976198103,1.6385627515242238
