mean_pdp,ground_truth_pdp
1.6416049970955777,1.6385627515242238
1.6173649310175298,1.6385627515242238
