mean_pdp,ground_truth_pdp
1.5940611798980626,1.6385627515242238
1.5800286482757933,1.6385627515242238
