mean_pdp,ground_truth_pdp
1.6294932940329911,1.6385627515242238
1.6078393009737244,1.6385627515242238
