mean_pdp,ground_truth_pdp
1.5825514735373634,1.6385627515242238
1.5710138431876446,1.6385627515242238
