mean_pdp,ground_truth_pdp
1.4858589312068875,1.6385627515242238
1.4537197127084474,1.6385627515242238
