mean_pdp,ground_truth_pdp
1.6385787974383899,1.6385627515242238
1.6294844007357252,1.6385627515242238
