mean_pdp,ground_truth_pdp
1.6399985369458019,1.6385627515242238
1.626758439385183,1.6385627515242238
