mean_pdp,ground_truth_pdp
0.16950429052503754,-0.03853724847577608
2.0085436673912,1.9614627515242238
2.8828008508420293,2.961462751524224
