mean_pdp,ground_truth_pdp
-0.08846503475250349,-0.03853724847577608
1.9226471776302707,1.9614627515242238
2.8859141281680487,2.961462751524224
