mean_pdp,ground_truth_pdp
0.09405576317622202,-0.03853724847577608
1.938524124599284,1.9614627515242238
2.844006538804854,2.961462751524224
