mean_pdp,ground_truth_pdp
-0.01561612683886367,-0.03853724847577608
1.9220961640936238,1.9614627515242238
2.8458938620394205,2.961462751524224
