mean_pdp,ground_truth_pdp
0.03827674571215734,-0.03853724847577608
1.9462933614135824,1.9614627515242238
2.8622209478446803,2.961462751524224
