mean_pdp,ground_truth_pdp
-0.17540859957888302,-0.03853724847577608
1.8175381379994917,1.9614627515242238
2.762371109778556,2.961462751524224
