mean_pdp,ground_truth_pdp
0.0013564194991981897,-0.03853724847577608
1.9629758398302013,1.9614627515242238
2.9131259378434815,2.961462751524224
