mean_pdp,ground_truth_pdp
-0.008685967538521258,-0.03853724847577608
1.9746635329694813,1.9614627515242238
2.925739309190873,2.961462751524224
