mean_pdp,ground_truth_pdp
-0.019776445697645847,-0.03853724847577608
1.974386038575154,1.9614627515242238
2.93419451696179,2.961462751524224
