mean_pdp,ground_truth_pdp
0.7852840798080053,0.6229627515242241
2.620222021900667,2.622962751524224
