mean_pdp,ground_truth_pdp
0.7617618629790059,0.6229627515242241
2.585586614302588,2.622962751524224
