mean_pdp,ground_truth_pdp
0.597070235481904,0.6229627515242241
2.5438335860568446,2.622962751524224
