mean_pdp,ground_truth_pdp
0.6359813363038013,0.6229627515242241
2.5680728632665755,2.622962751524224
