mean_pdp,ground_truth_pdp
0.664266417747795,0.6229627515242241
2.5606509464651985,2.622962751524224
