mean_pdp,ground_truth_pdp
0.6272871337983288,0.6229627515242241
2.5977107020763506,2.622962751524224
