mean_pdp,ground_truth_pdp
0.469710913638308,0.6229627515242241
2.439454560416544,2.622962751524224
