mean_pdp,ground_truth_pdp
0.5624352990951664,0.6229627515242241
2.5573119067267993,2.622962751524224
