mean_pdp,ground_truth_pdp
0.6240360685666672,0.6229627515242241
2.607040599162714,2.622962751524224
