mean_pdp,ground_truth_pdp
0.6360585001782372,0.6229627515242241
2.597263203504561,2.622962751524224
